Seed,Twos,DNA,Negtive Jokers,Blueprint/Brainstorm,Death
K8EBHPPJ ,15,0,5,0,0
B2UEK3XW ,16,0,4,0,0
QV97FPS3 ,15,0,4,0,0
VXTNB5FQ ,15,0,4,0,0
L4C4X346 ,15,0,3,1,1
6J9CSHXB ,15,0,3,1,0
7ZX7GMGR ,17,0,3,0,0
KTC9IQA6 ,16,0,3,0,0
24GO9WVO ,15,0,3,0,1
1W1NQTQE ,15,0,3,0,0
6M4R98YG ,15,1,3,0,0
D3AHG6OV ,15,0,3,0,0
DDJLCMZ3 ,15,0,3,0,0
M1W2B9DX ,15,0,3,0,0
N38ENU1L ,15,0,3,0,0
SF3D6LY9 ,15,0,3,0,0
TF4KDJGK ,15,0,3,0,0
VLCBETXD ,15,0,3,0,0
HV3EV6IF ,14,1,3,0,0
95ZGSNWY ,15,0,2,1,1
4S5F491D ,15,0,2,1,0
DPZZZNVK ,15,0,2,1,0
FEM9FX1Z ,15,0,2,1,0
OBD3C7X4 ,15,0,2,1,0
Y5R6MYCP ,15,0,2,1,0
JM9ZBXPZ ,17,0,2,0,0
K5EKNVAW ,17,1,2,0,0
5P9WIDRN ,16,0,2,0,0
DIP8R5MA ,16,0,2,0,0
UQYJSDP8 ,16,0,2,0,0
2VOUX13D ,15,0,2,0,1
AHMBV8ZM ,15,0,2,0,1
M388XDAT ,15,0,2,0,1
YNBO2NGC ,15,0,2,0,1
VRAPL1V  ,15,0,2,0,0
1MAANSYJ ,15,1,2,0,0
5237FOCJ ,15,0,2,0,0
55V8JB9Z ,15,0,2,0,0
6CACURX4 ,15,0,2,0,0
6NQDBOBP ,15,0,2,0,0
6OI17QMH ,15,0,2,0,0
6TJAROR7 ,15,0,2,0,0
74FCYXL5 ,15,0,2,0,0
823VEH7D ,15,0,2,0,0
8LCRVYO7 ,15,1,2,0,0
B3LJ137N ,15,0,2,0,0
CEXT4RQW ,15,0,2,0,0
DAUX4E2M ,15,0,2,0,0
EKNHTOOL ,15,0,2,0,0
FZGEDAJV ,15,0,2,0,0
HHS3GDL9 ,15,0,2,0,0
L5XZWJB4 ,15,0,2,0,0
MUQ8ZCAF ,15,0,2,0,0
P3W5AN75 ,15,0,2,0,0
QCG3HF3E ,15,1,2,0,0
Q555XU7H ,15,0,2,0,0
RJJT7UJJ ,15,0,2,0,0
RYTAP7AS ,15,0,2,0,0
TWS25S3V ,15,0,2,0,0
TPCUFVY7 ,15,0,2,0,0
V1XF2AQI ,15,0,2,0,0
WJ34TRNL ,15,1,2,0,0
YZDXTKR9 ,15,0,2,0,0
ZPSMNFBZ ,15,0,2,0,0
8L6433RP ,15,0,2,0,0
1MTXUI47 ,14,1,2,0,0
37E3B49P ,14,1,2,0,0
7NUV4N1I ,14,1,2,0,0
AWA5FHHB ,14,1,2,0,0
CLRC96YO ,14,1,2,0,0
F4YTHQQ1 ,14,1,2,0,0
IPID8CNK ,14,1,2,0,0
VTY3N1IR ,14,1,2,0,0
K3YNO9BQ ,15,0,1,2,0
BDXWL6NH ,17,0,1,1,0
9RUP2FS  ,16,0,1,1,0
CI4RZJ8I ,16,0,1,1,0
O4P9QK2M ,16,0,1,1,0
QX4HDYLL ,16,0,1,1,0
3QMQ1ET2 ,15,0,1,1,0
ACST4YXT ,15,0,1,1,0
EZNZHT9T ,15,0,1,1,0
JZZK3ATI ,15,0,1,1,0
NE9UOLMU ,15,0,1,1,0
POWMPWM6 ,15,0,1,1,0
WAQYK54P ,15,0,1,1,0
VL4BCFZ3 ,15,0,1,1,0
UVZQS5L  ,18,0,1,0,1
IYJYXKQK ,18,0,1,0,0
TOIJYFNG ,17,0,1,0,1
3L6BEPPO ,17,0,1,0,0
698AVQSU ,17,0,1,0,0
EABI44G3 ,17,0,1,0,0
GU2MN15P ,17,0,1,0,0
ZA3DYCE7 ,17,1,1,0,0
RJ7AIO5J ,16,0,1,0,1
1KQRUHN2 ,16,0,1,0,0
21WAP3SJ ,16,0,1,0,0
23LXOCIV ,16,0,1,0,0
2AYDHRGH ,16,0,1,0,0
2GNBMIYT ,16,1,1,0,0
2JGQMVZ7 ,16,0,1,0,0
3NAXNVAS ,16,0,1,0,0
41W6S8IZ ,16,0,1,0,0
457LO5YM ,16,0,1,0,0
6XVCZN3H ,16,0,1,0,0
7FMEHE4F ,16,0,1,0,0
8WYO3XY9 ,16,0,1,0,0
8PG7IUSD ,16,0,1,0,0
BCK5IW3E ,16,0,1,0,0
CUJZV8DB ,16,0,1,0,0
DQZXKLKD ,16,0,1,0,0
D9PQFF45 ,16,0,1,0,0
DEBB2P3L ,16,0,1,0,0
DVM1Q2JD ,16,0,1,0,0
EP2RD8YA ,16,0,1,0,0
J38DIZFU ,16,0,1,0,0
NQCCIY4M ,16,0,1,0,0
P289LOQ6 ,16,0,1,0,0
P1OMD3E3 ,16,0,1,0,0
OYYMDDCG ,16,0,1,0,0
PCX86UXP ,16,0,1,0,0
QMYQLL24 ,16,0,1,0,0
REU1E22F ,16,0,1,0,0
RCKEFHKZ ,16,0,1,0,0
RH8R35YU ,16,0,1,0,0
SMIPFRO4 ,16,0,1,0,0
TS2KBI7A ,16,0,1,0,0
V6MD2861 ,16,0,1,0,0
X6NPJ91V ,16,0,1,0,0
XO1PCFI5 ,16,1,1,0,0
YA2PJNM1 ,16,0,1,0,0
YC32ESY6 ,16,0,1,0,0
YUDCMLYM ,16,0,1,0,0
2D4Z51I4 ,16,0,1,0,0
XGXR8JW5 ,16,0,1,0,0
QUGVX428 ,16,0,1,0,0
WD1RC84O ,16,0,1,0,0
MA7W717  ,15,0,1,0,1
24RKCVWV ,15,0,1,0,1
2M43YHFP ,15,0,1,0,1
4CR7GTDL ,15,0,1,0,1
4VOBK756 ,15,0,1,0,1
B9WY3J5R ,15,0,1,0,1
EV5PSYJF ,15,0,1,0,1
FX5GL9HT ,15,0,1,0,1
I9ORGIGL ,15,0,1,0,1
M3ANYBG8 ,15,0,1,0,1
OJOKQNMG ,15,0,1,0,1
SHSZU2IE ,15,0,1,0,1
WZ2C89I3 ,15,0,1,0,1
Z1CCLHGH ,15,0,1,0,1
E9DL54L  ,15,0,1,0,0
FB1OIAE  ,15,0,1,0,0
GTSS7EF  ,15,0,1,0,0
MQD4K48  ,15,0,1,0,0
Q96QPJB  ,15,0,1,0,0
12M6KH12 ,15,0,1,0,0
1GFRD2U6 ,15,0,1,0,0
1QBL5FCO ,15,0,1,0,0
1YNEQ2AW ,15,0,1,0,0
257O2GXI ,15,0,1,0,0
25SCSCK4 ,15,0,1,0,0
29Y8XBWV ,15,0,1,0,0
2R4P9SK6 ,15,0,1,0,0
2X4GXXF5 ,15,0,1,0,0
332U4CLV ,15,0,1,0,0
3HLCUWII ,15,0,1,0,0
3HPUH9X3 ,15,0,1,0,0
3JJ57MGZ ,15,0,1,0,0
3JSBBP7J ,15,0,1,0,0
3QKCNC8M ,15,0,1,0,0
43X19D1C ,15,0,1,0,0
46TEQ4T7 ,15,0,1,0,0
4AG2896F ,15,0,1,0,0
4L9MHZMI ,15,0,1,0,0
5MXHA4EX ,15,0,1,0,0
5N57MAL3 ,15,0,1,0,0
5OHKRTLY ,15,0,1,0,0
5P8JB2QZ ,15,0,1,0,0
5SJ7IMHJ ,15,0,1,0,0
5YQ4BUNG ,15,2,1,0,0
6858HOOQ ,15,0,1,0,0
6VTY2W6N ,15,1,1,0,0
7E5M4I2V ,15,0,1,0,0
7F7MEL1Q ,15,0,1,0,0
7S97OCTD ,15,0,1,0,0
7YWQMTBL ,15,0,1,0,0
859FLNCX ,15,0,1,0,0
8NNH2X75 ,15,0,1,0,0
8UHSSA42 ,15,0,1,0,0
99MJZWKH ,15,0,1,0,0
A518EGEW ,15,0,1,0,0
AGG8K652 ,15,0,1,0,0
APT4UIO5 ,15,0,1,0,0
ANBKBPJU ,15,0,1,0,0
AZI6SO1A ,15,0,1,0,0
BO5POSBG ,15,0,1,0,0
AX4FFGHO ,15,0,1,0,0
C9QLDJQZ ,15,0,1,0,0
C2GI5HUC ,15,0,1,0,0
CAN156F3 ,15,0,1,0,0
CX4CNBIT ,15,0,1,0,0
D3PBAC64 ,15,0,1,0,0
CRWBQYSJ ,15,0,1,0,0
CN96M6XJ ,15,0,1,0,0
D7G2A75R ,15,0,1,0,0
COBMG41A ,15,0,1,0,0
DIFR95QK ,15,0,1,0,0
DIDDV2QH ,15,0,1,0,0
E2PSZT2D ,15,0,1,0,0
EKP484TY ,15,0,1,0,0
EA5TY3KL ,15,0,1,0,0
EVTZUEOB ,15,0,1,0,0
FO1XDB7O ,15,0,1,0,0
F9S9EKW9 ,15,0,1,0,0
FTBSCTNK ,15,0,1,0,0
FNVFAM5S ,15,0,1,0,0
FZN15715 ,15,0,1,0,0
GHQACBAB ,15,0,1,0,0
GEXPPQEL ,15,0,1,0,0
G3J5NGV8 ,15,0,1,0,0
GIAHGKOH ,15,0,1,0,0
HR8HHKH7 ,15,0,1,0,0
H59C1L7P ,15,0,1,0,0
HWEELFKJ ,15,0,1,0,0
HYEZ7JGT ,15,0,1,0,0
JJHONRZA ,15,0,1,0,0
K7PVD1DJ ,15,0,1,0,0
JNF1CNOW ,15,0,1,0,0
LJD83B5D ,15,0,1,0,0
L4H5SIU7 ,15,0,1,0,0
KO1BO2DX ,15,0,1,0,0
M5YKENNR ,15,0,1,0,0
LIQBBHG3 ,15,0,1,0,0
LKWA5GTC ,15,0,1,0,0
M7J5F2YE ,15,0,1,0,0
M5DUCVTF ,15,0,1,0,0
N4JV7RUH ,15,0,1,0,0
MRQBJ5QQ ,15,0,1,0,0
M5D7UVZ6 ,15,0,1,0,0
N2XGT3N7 ,15,0,1,0,0
NQKLIDCI ,15,0,1,0,0
NBYS3O83 ,15,0,1,0,0
OESOBPKP ,15,0,1,0,0
OHHN95RM ,15,0,1,0,0
OJIVGRB5 ,15,0,1,0,0
OIHDWOCY ,15,1,1,0,0
OIBJNJM3 ,15,0,1,0,0
P7MA673E ,15,0,1,0,0
OTWS2RJF ,15,0,1,0,0
OVYLL5QW ,15,0,1,0,0
PMXUSNBO ,15,0,1,0,0
PK9QAJMO ,15,0,1,0,0
PIVZDLQW ,15,0,1,0,0
PEDI2DJW ,15,0,1,0,0
QN6F3AK1 ,15,0,1,0,0
Q3Q2G4NH ,15,0,1,0,0
R3F7DK53 ,15,0,1,0,0
QJHI8F7Y ,15,0,1,0,0
RA8D8C3M ,15,0,1,0,0
RAWMLWCB ,15,0,1,0,0
RT22Y9C2 ,15,1,1,0,0
SLNJUYRE ,15,0,1,0,0
SAUB3JVI ,15,0,1,0,0
TKPM8TH4 ,15,0,1,0,0
SIOA1OWE ,15,0,1,0,0
SMEG69J5 ,15,0,1,0,0
STM8C84Q ,15,0,1,0,0
SPJD6YEU ,15,0,1,0,0
SN2NJVZR ,15,0,1,0,0
TT4ZS9YE ,15,0,1,0,0
TCO12FI6 ,15,0,1,0,0
U21PW53J ,15,0,1,0,0
TOI9CW24 ,15,0,1,0,0
TPKH2KTJ ,15,0,1,0,0
UH2XVUWN ,15,0,1,0,0
TLQ4X5JU ,15,0,1,0,0
TKSNNQGY ,15,0,1,0,0
TO1CSRZ9 ,15,0,1,0,0
UXADLHZL ,15,0,1,0,0
VII51ANR ,15,0,1,0,0
UYUIP3FZ ,15,0,1,0,0
V5YA12FR ,15,0,1,0,0
VD3ZJE96 ,15,0,1,0,0
WGZ11EOP ,15,0,1,0,0
VUX13SWN ,15,0,1,0,0
W6UYP65H ,15,0,1,0,0
VFCXQJMI ,15,0,1,0,0
VUUBABL2 ,15,0,1,0,0
VU89GPAR ,15,0,1,0,0
VYHWM9EH ,15,0,1,0,0
XP9WGO59 ,15,0,1,0,0
W15TUL9C ,15,1,1,0,0
WNFIXSHI ,15,0,1,0,0
Y6GRN41U ,15,0,1,0,0
X38SHJW5 ,15,0,1,0,0
YQQXY5L2 ,15,0,1,0,0
XXQL4ICF ,15,0,1,0,0
XKKZFG51 ,15,0,1,0,0
YIH8ZHPD ,15,0,1,0,0
Y6LUV2FQ ,15,0,1,0,0
Z1Q5FXNI ,15,0,1,0,0
ZC7AIK14 ,15,0,1,0,0
YVOQ31C1 ,15,0,1,0,0
HO7V3U8R ,15,1,1,0,0
ADZPLPKC ,15,0,1,0,0
OKXMRTGH ,15,0,1,0,0
9TRDEUI7 ,15,0,1,0,0
8BPVPX48 ,14,2,1,0,0
PDTLMRS2 ,15,0,0,3,0
9EML1XN4 ,16,0,0,2,0
GNJDF8U3 ,16,0,0,2,0
JLA6WABY ,16,0,0,2,0
BC6DRK9J ,15,1,0,2,1
8GPUE2G2 ,15,0,0,2,0
8ZQY5UFH ,15,0,0,2,0
JN3O6XM4 ,15,0,0,2,0
ONCXRJHC ,15,0,0,2,0
XTHMD3AP ,15,0,0,2,0
B9KNZLUH ,18,0,0,1,1
NX3RHUSO ,18,0,0,1,0
ST2T566S ,18,0,0,1,0
4C1B9JCD ,17,0,0,1,0
8O5MN7JN ,17,0,0,1,0
8HMCXJZJ ,17,0,0,1,0
8VH1DSMO ,17,0,0,1,0
9VU69KDW ,17,0,0,1,0
MSAQDPLN ,17,0,0,1,0
QUJU51KY ,17,0,0,1,0
VEHML3VA ,17,0,0,1,0
TYBTS527 ,17,0,0,1,0
VX7GC2BP ,17,0,0,1,0
31W8W2S  ,16,0,0,1,1
1QDGK3LX ,16,0,0,1,1
2HSI5PCD ,16,0,0,1,1
4MQUNTAW ,16,0,0,1,1
7G9EW7CF ,16,0,0,1,1
RDERZI33 ,16,0,0,1,1
U4X5663B ,16,0,0,1,1
Z4VASH3J ,16,0,0,1,1
HYNAS4R  ,16,0,0,1,0
XCLPUBD  ,16,0,0,1,0
17ZG4YN1 ,16,0,0,1,0
2EIZ5JT6 ,16,0,0,1,0
3FI2MMRU ,16,0,0,1,0
3S4R7N71 ,16,0,0,1,0
7RP5O3TU ,16,0,0,1,0
7T6MLFV8 ,16,0,0,1,0
8DTIS95B ,16,0,0,1,0
822PNHZ9 ,16,0,0,1,0
8EL8N8HE ,16,0,0,1,0
A31EBBZA ,16,0,0,1,0
A2T1XMAI ,16,0,0,1,0
9W25LXXF ,16,0,0,1,0
AQKF6IFX ,16,0,0,1,0
AXLNU58W ,16,0,0,1,0
BELIHY6G ,16,0,0,1,0
BR31EMI6 ,16,0,0,1,0
D7JOHUDP ,16,0,0,1,0
DK2ONX61 ,16,0,0,1,0
DVQJLPTS ,16,0,0,1,0
G6VJA944 ,16,0,0,1,0
GH28RDFY ,16,0,0,1,0
GLY3H5JI ,16,0,0,1,0
GS2IIIZ1 ,16,0,0,1,0
GPPLSSW7 ,16,0,0,1,0
GXXI3UKP ,16,0,0,1,0
HQEIO5NB ,16,0,0,1,0
HJB1Q7UK ,16,0,0,1,0
JF1249XK ,16,0,0,1,0
J8LI1I6P ,16,0,0,1,0
JMQCWTVP ,16,0,0,1,0
KT5WSD4J ,16,0,0,1,0
MVABLTBL ,16,0,0,1,0
NDYW27XX ,16,0,0,1,0
NCJY2DCG ,16,0,0,1,0
NV1WNV9Y ,16,0,0,1,0
PBK7VOG7 ,16,0,0,1,0
RHCCX9WQ ,16,0,0,1,0
SEBRRJ4P ,16,0,0,1,0
SP8YXWWM ,16,1,0,1,0
SOL5BOSS ,16,0,0,1,0
TZEP7LCF ,16,0,0,1,0
UD9WJ7JX ,16,0,0,1,0
UIKRI7MV ,16,0,0,1,0
UXBCHKDU ,16,0,0,1,0
UZVCYVDX ,16,0,0,1,0
VKIDW7J1 ,16,0,0,1,0
VKMAWBD8 ,16,0,0,1,0
XFE3O5YE ,16,0,0,1,0
WS4ZRH1T ,16,0,0,1,0
YNB5XKX5 ,16,0,0,1,0
ZYISDFLO ,16,0,0,1,0
HT7FCI56 ,16,0,0,1,0
INPNDODX ,16,2,0,1,0
Y993YBVL ,16,0,0,1,0
2BMH92S  ,15,0,0,1,1
SUHECWM  ,15,0,0,1,1
18T3U8F2 ,15,0,0,1,1
28H6KG3Y ,15,0,0,1,1
7JA9Q2ZH ,15,1,0,1,1
A86KZORG ,15,0,0,1,1
AQYM1PI7 ,15,0,0,1,1
C3ZDTS1Z ,15,0,0,1,1
C9D6A7NB ,15,0,0,1,1
BTF27Z81 ,15,0,0,1,1
BZIFOA6A ,15,0,0,1,1
EF9BOP5D ,15,0,0,1,1
FZ6JM1N1 ,15,0,0,1,1
GZZ7OSCK ,15,0,0,1,1
GXLFE997 ,15,0,0,1,1
GNFCG2YB ,15,0,0,1,1
HNPI3H2Y ,15,0,0,1,1
IBRAKHLB ,15,0,0,1,1
IHDYG2XB ,15,0,0,1,1
KQ41JU7X ,15,0,0,1,1
MBQT5H67 ,15,0,0,1,1
MM8UEGQN ,15,0,0,1,1
O4RQCRTV ,15,0,0,1,1
QZ741LAL ,15,0,0,1,1
QGMRTT3F ,15,0,0,1,1
QLDNM4I5 ,15,0,0,1,1
RJXC594T ,15,0,0,1,1
W3FR37OB ,15,0,0,1,1
WH357QQJ ,15,1,0,1,1
Y7TFGHDB ,15,0,0,1,1
XOH87681 ,15,0,0,1,1
XYW2POYX ,15,0,0,1,1
ZE29TZ5Z ,15,0,0,1,1
19FDVJV  ,15,0,0,1,0
1V3DD8B  ,15,0,0,1,0
2QR8HIQ  ,15,0,0,1,0
6JSHZVS  ,15,0,0,1,0
8DTLBSZ  ,15,0,0,1,0
BLJM37J  ,15,0,0,1,0
CLNQ8IB  ,15,0,0,1,0
DSCY7PA  ,15,0,0,1,0
E5DZNGD  ,15,0,0,1,0
LA8L1CA  ,15,0,0,1,0
OZIWGUA  ,15,0,0,1,0
QMNPSVI  ,15,0,0,1,0
ZCKND9B  ,15,0,0,1,0
12EZHMCC ,15,0,0,1,0
16SDX5JA ,15,1,0,1,0
1BXPOV59 ,15,0,0,1,0
1JFLYPQ3 ,15,0,0,1,0
1IYLHNG1 ,15,0,0,1,0
1LO9E8HP ,15,0,0,1,0
1MLSJL34 ,15,0,0,1,0
1ML62ETD ,15,0,0,1,0
1SGECMZZ ,15,0,0,1,0
1WSDWKEU ,15,0,0,1,0
22Z492PR ,15,0,0,1,0
25OCQ9IX ,15,0,0,1,0
26ML3DEI ,15,0,0,1,0
28G3HGOR ,15,0,0,1,0
2I7PVE3Y ,15,1,0,1,0
2OXP542C ,15,0,0,1,0
2PVYE9XO ,15,0,0,1,0
2RRU3HBH ,15,0,0,1,0
35C39ZAZ ,15,0,0,1,0
3D4ZWRUK ,15,0,0,1,0
3JSMI12Y ,15,1,0,1,0
3QXQUVH3 ,15,0,0,1,0
3Q9EPYIO ,15,0,0,1,0
3TYXBCL6 ,15,0,0,1,0
3UQ3W6PG ,15,0,0,1,0
3UPRSYST ,15,0,0,1,0
3ZKBF34D ,15,0,0,1,0
41HXNS2D ,15,0,0,1,0
45BG2DXP ,15,0,0,1,0
4NTMYTS4 ,15,0,0,1,0
4T45KHTD ,15,0,0,1,0
4RRY4PHG ,15,0,0,1,0
4SUPIQMP ,15,0,0,1,0
4SN24FQN ,15,1,0,1,0
4X3O2WC1 ,15,0,0,1,0
51ZB1JRR ,15,0,0,1,0
53NYOFM5 ,15,0,0,1,0
5DH7A7I8 ,15,0,0,1,0
5ONGFPVB ,15,0,0,1,0
5LZBDFVO ,15,0,0,1,0
5V1JRFJF ,15,0,0,1,0
61T4DY95 ,15,1,0,1,0
5T41OOHW ,15,0,0,1,0
68W4RAHK ,15,0,0,1,0
69LTWHIJ ,15,0,0,1,0
6BU866Y3 ,15,0,0,1,0
6COJJQFP ,15,0,0,1,0
6I4FMJS7 ,15,0,0,1,0
6T3GKLAS ,15,0,0,1,0
6VVD952W ,15,0,0,1,0
6W8WMOZ7 ,15,0,0,1,0
78QBY6G4 ,15,0,0,1,0
7CQVG7R3 ,15,0,0,1,0
7TVHFBFI ,15,0,0,1,0
7TP5S239 ,15,0,0,1,0
7UQAG7RQ ,15,0,0,1,0
7N8A9FZT ,15,0,0,1,0
7XIOFSRH ,15,0,0,1,0
7OV59GYQ ,15,1,0,1,0
7T5RZ48K ,15,0,0,1,0
7SA4UY19 ,15,0,0,1,0
883U7XAA ,15,0,0,1,0
8764F6NB ,15,0,0,1,0
8AVJDIRD ,15,0,0,1,0
8EIFDQKS ,15,0,0,1,0
84Z3EZ21 ,15,0,0,1,0
8NWD3VZR ,15,0,0,1,0
8J5Z313N ,15,0,0,1,0
8G1SCD1L ,15,0,0,1,0
8Z15V756 ,15,0,0,1,0
9AZUQWKF ,15,0,0,1,0
AAQ3MJSV ,15,0,0,1,0
9ZHANKC8 ,15,0,0,1,0
A4AVTYTD ,15,0,0,1,0
AFXTRDQW ,15,0,0,1,0
AN4TBNI3 ,15,0,0,1,0
ANHYM584 ,15,0,0,1,0
AIPMZT7V ,15,0,0,1,0
ASZLH66Q ,15,0,0,1,0
B23GUAEL ,15,0,0,1,0
AXTBRLCQ ,15,0,0,1,0
B2ITHY96 ,15,0,0,1,0
AX9QDPYE ,15,0,0,1,0
BDPNFWQ1 ,15,0,0,1,0
BIA3AYBD ,15,0,0,1,0
BKLFKETP ,15,0,0,1,0
BPK8EFYQ ,15,0,0,1,0
B8QSMUP9 ,15,0,0,1,0
BFN7IM65 ,15,0,0,1,0
BAHVMFES ,15,0,0,1,0
BMSU6UR7 ,15,0,0,1,0
BMEBWNWE ,15,0,0,1,0
BHHE4QZT ,15,0,0,1,0
BHB4Y9TJ ,15,0,0,1,0
BJXNL6MO ,15,1,0,1,0
CGYGDNCN ,15,0,0,1,0
CJ5MD8H7 ,15,0,0,1,0
CRIWD21Y ,15,0,0,1,0
C7YXCGIY ,15,0,0,1,0
C9U6KTFV ,15,0,0,1,0
CFHONZ2N ,15,0,0,1,0
D8HLVDCZ ,15,0,0,1,0
D5IXTQKV ,15,0,0,1,0
DJ5D35SA ,15,0,0,1,0
D7VZC4EC ,15,0,0,1,0
DKALUN1C ,15,0,0,1,0
D3MVUQ8U ,15,0,0,1,0
DHRLUJWS ,15,0,0,1,0
DOHNM58D ,15,0,0,1,0
D4VB3V6R ,15,0,0,1,0
DMMGGQKD ,15,0,0,1,0
DO6H3PBM ,15,0,0,1,0
DX4HAGEI ,15,0,0,1,0
DZ5QLAOD ,15,0,0,1,0
EM84Z23C ,15,0,0,1,0
EN7B9MOU ,15,0,0,1,0
ER2S23JO ,15,0,0,1,0
EIKMSG7X ,15,0,0,1,0
EJMQEF21 ,15,0,0,1,0
F47ZEGWO ,15,0,0,1,0
FELMZMPG ,15,1,0,1,0
EQ84RKI5 ,15,0,0,1,0
FKWN5G5H ,15,0,0,1,0
FORK58V7 ,15,0,0,1,0
FPW8TS1E ,15,0,0,1,0
FB635J3O ,15,0,0,1,0
FB5D1U1A ,15,0,0,1,0
FSLS2VKO ,15,0,0,1,0
FDLFOOPG ,15,0,0,1,0
FDXJG6LC ,15,0,0,1,0
FT5OM4CQ ,15,0,0,1,0
FQY671KZ ,15,0,0,1,0
GGUHPO4A ,15,0,0,1,0
GPJN7946 ,15,0,0,1,0
GDVYQFX9 ,15,0,0,1,0
GRYW2SVZ ,15,0,0,1,0
H5MZGT8K ,15,0,0,1,0
H2KDBREV ,15,0,0,1,0
GC3F8LGP ,15,0,0,1,0
H7GO8ZDN ,15,0,0,1,0
HOI752AM ,15,0,0,1,0
H6R8M3WW ,15,0,0,1,0
HM8OU4U5 ,15,0,0,1,0
HSNXMY6S ,15,0,0,1,0
HGQ95VXH ,15,0,0,1,0
IFJE7XPO ,15,0,0,1,0
HQKDQZ52 ,15,0,0,1,0
HZO6GU68 ,15,0,0,1,0
I6WZS37K ,15,1,0,1,0
IH761O47 ,15,0,0,1,0
I878VKUX ,15,0,0,1,0
IDH77BFG ,15,0,0,1,0
IRVUTH5S ,15,0,0,1,0
ISC7TM23 ,15,0,0,1,0
IXURTEYC ,15,0,0,1,0
J759BMLN ,15,0,0,1,0
K9BR2JEZ ,15,0,0,1,0
JXXEI66F ,15,0,0,1,0
KA4JGY4C ,15,0,0,1,0
JYRGANSK ,15,0,0,1,0
JYZ2OPDI ,15,0,0,1,0
KZKAMHBL ,15,0,0,1,0
JPC5IVIR ,15,0,0,1,0
K97XZ13I ,15,0,0,1,0
K68ACSHI ,15,1,0,1,0
JXZXDSWX ,15,0,0,1,0
KUUWCPKV ,15,0,0,1,0
KWJX8J6E ,15,0,0,1,0
L5XD4OOC ,15,0,0,1,0
L2D89CLE ,15,0,0,1,0
MF1AEED7 ,15,1,0,1,0
L4WRQX14 ,15,0,0,1,0
MDU3GIKO ,15,0,0,1,0
LSSDVVPN ,15,0,0,1,0
MWCT2FN5 ,15,0,0,1,0
MV58H13J ,15,0,0,1,0
MW9PVFR7 ,15,0,0,1,0
N1VL2ZAL ,15,0,0,1,0
N6CVPEP3 ,15,0,0,1,0
N4EE82EN ,15,0,0,1,0
N7LIG923 ,15,0,0,1,0
NBBX3WFX ,15,0,0,1,0
NAB458A9 ,15,0,0,1,0
NUP7KVHV ,15,0,0,1,0
NEVLAMJS ,15,0,0,1,0
NVSLMY5D ,15,0,0,1,0
NJUY1QP1 ,15,0,0,1,0
NJ2B9WHT ,15,0,0,1,0
NONDB51D ,15,0,0,1,0
OIFGCWIX ,15,0,0,1,0
OVJ78IAQ ,15,0,0,1,0
OAFAYCGN ,15,1,0,1,0
O21DM39V ,15,0,0,1,0
OVEH4BJF ,15,0,0,1,0
OKGM8584 ,15,0,0,1,0
OU82Y9BH ,15,0,0,1,0
OMTWHEYF ,15,0,0,1,0
O3FQWC9Q ,15,0,0,1,0
P2UPNSJO ,15,0,0,1,0
OBVXHNA7 ,15,1,0,1,0
OJZCUL42 ,15,0,0,1,0
PZNKL2J2 ,15,0,0,1,0
P4YPPB66 ,15,0,0,1,0
P7VHR8YB ,15,0,0,1,0
PA856HBE ,15,0,0,1,0
PT6LRUNB ,15,0,0,1,0
QX1FW6ML ,15,0,0,1,0
PYYSPF6M ,15,0,0,1,0
PTQXFGML ,15,0,0,1,0
Q4CZ359T ,15,0,0,1,0
POIVBONZ ,15,0,0,1,0
R9PKGDE1 ,15,0,0,1,0
QYTGVQ71 ,15,0,0,1,0
QXSTWADI ,15,0,0,1,0
QDIZNC47 ,15,0,0,1,0
Q6OV7W8U ,15,0,0,1,0
QWFV2GH1 ,15,0,0,1,0
QECCX5WJ ,15,0,0,1,0
QJIZ313G ,15,0,0,1,0
Q6NSLXDP ,15,0,0,1,0
QQNXBN2I ,15,0,0,1,0
S51XAX2E ,15,0,0,1,0
R8P8RQDN ,15,0,0,1,0
R23EHDEJ ,15,0,0,1,0
SJ333N88 ,15,0,0,1,0
RUMFPC3U ,15,0,0,1,0
S1JJDVC2 ,15,0,0,1,0
REQRKIOO ,15,0,0,1,0
RPX7SK7R ,15,1,0,1,0
TALHAI8F ,15,0,0,1,0
RU7NSLK5 ,15,0,0,1,0
RZFVGG3V ,15,0,0,1,0
SKUHJGQ4 ,15,0,0,1,0
SE6ZZANX ,15,0,0,1,0
RRCM16F8 ,15,0,0,1,0
RWSRXOU5 ,15,0,0,1,0
SUGTVSWJ ,15,0,0,1,0
S8EH1KS7 ,15,0,0,1,0
SANAZFDC ,15,0,0,1,0
SDL1UAZU ,15,0,0,1,0
TEJMM3WP ,15,0,0,1,0
SILCS75W ,15,0,0,1,0
SJ3X6RZ3 ,15,0,0,1,0
SN5U2E3B ,15,0,0,1,0
U7OK83EV ,15,0,0,1,0
SQV2TVC7 ,15,0,0,1,0
TBSR1UFD ,15,0,0,1,0
TBLIY47B ,15,1,0,1,0
TJNNZRED ,15,0,0,1,0
TSAZGFMY ,15,0,0,1,0
UJHF1X85 ,15,0,0,1,0
TXHWOD4Z ,15,0,0,1,0
U4ZQIVA3 ,15,0,0,1,0
U4J2EVW9 ,15,0,0,1,0
UJPMBL8X ,15,0,0,1,0
WAD64CB7 ,15,0,0,1,0
UZQ25SND ,15,0,0,1,0
V9JEA11I ,15,0,0,1,0
VIKCYGVR ,15,1,0,1,0
WSMEK4KL ,15,0,0,1,0
X537PU4H ,15,0,0,1,0
VM16N2QH ,15,0,0,1,0
VULHHCDX ,15,0,0,1,0
W71L2FFP ,15,0,0,1,0
WFBSNPGQ ,15,0,0,1,0
YAX3BMHQ ,15,0,0,1,0
X9CPK5Q4 ,15,0,0,1,0
X9DZF2XN ,15,0,0,1,0
WTX2ELN6 ,15,0,0,1,0
WPJM9U1R ,15,1,0,1,0
XG5UD5MD ,15,0,0,1,0
XLD7KFKG ,15,0,0,1,0
YOX71LED ,15,0,0,1,0
YTDVP1CN ,15,0,0,1,0
X934GJVV ,15,0,0,1,0
ZFSCQLBK ,15,0,0,1,0
XM3C9SF3 ,15,0,0,1,0
Y6AKBWU9 ,15,0,0,1,0
ZJQAQ9WB ,15,0,0,1,0
Y9J8NWNS ,15,0,0,1,0
ZAQEUKF5 ,15,0,0,1,0
RDF252NK ,15,0,0,1,0
7D8OPFZI ,15,0,0,1,0
GXJ9WUSS ,15,1,0,1,0
BS8E7NPH ,15,0,0,1,0
C5HAV395 ,15,0,0,1,0
Y3XFR94A ,15,0,0,1,0
LTYX78BD ,14,2,0,1,0
UKWN1PWE ,19,0,0,0,1
2Z5TQX1K ,18,0,0,0,1
31KF86RG ,18,1,0,0,0
M9GWBMCN ,18,1,0,0,0
7GNHWV7N ,17,0,0,0,2
1Z8F8TTH ,17,0,0,0,1
8LZPF9J2 ,17,0,0,0,1
93KGOYZ8 ,17,0,0,0,1
DLY68MET ,17,0,0,0,1
FLY12I7X ,17,0,0,0,1
JURV6I94 ,17,0,0,0,1
LGLW6EA9 ,17,0,0,0,1
PPODG8XB ,17,0,0,0,1
P9BF2HT9 ,17,0,0,0,1
PRMQYEG8 ,17,0,0,0,1
QFFGW3BZ ,17,0,0,0,1
S1ZCX3OD ,17,0,0,0,1
SVGFO6V2 ,17,0,0,0,1
WTSKNT23 ,17,0,0,0,1
ZMJW3FGB ,17,0,0,0,1
SSEYY1B  ,17,1,0,0,0
36VBDA15 ,17,1,0,0,0
3P58PLYU ,17,1,0,0,0
44W624M9 ,17,1,0,0,0
7XN2XOHQ ,17,1,0,0,0
GVG7XKV1 ,17,1,0,0,0
NEZNIX4X ,17,1,0,0,0
SY6H1FON ,17,1,0,0,0
XLO2WPG5 ,17,1,0,0,0
LF5QN6E7 ,17,1,0,0,0
H3DCYZB9 ,16,0,0,0,3
WWKZ9L5G ,16,0,0,0,3
7RINZWW9 ,16,0,0,0,2
JBG9Q9JX ,16,0,0,0,2
ZXKWMWU7 ,16,0,0,0,2
8U2ONSW  ,16,0,0,0,1
LTAQ1HJ  ,16,0,0,0,1
1FV31ODE ,16,0,0,0,1
2EKZ932L ,16,0,0,0,1
2MHUT1FU ,16,0,0,0,1
3R1ZL7NZ ,16,0,0,0,1
45P3CPL8 ,16,0,0,0,1
58ET8Q62 ,16,1,0,0,1
5NVP2BPB ,16,0,0,0,1
6CUKM5JH ,16,0,0,0,1
7FY95P2Y ,16,0,0,0,1
84IPFKJS ,16,0,0,0,1
9BFCG1CD ,16,0,0,0,1
9CGR7GT2 ,16,0,0,0,1
9C38WK4O ,16,0,0,0,1
9AVNJ3E3 ,16,0,0,0,1
9R71IZPW ,16,0,0,0,1
9YICVZCZ ,16,0,0,0,1
A4LHQTL7 ,16,0,0,0,1
AADIKY3U ,16,0,0,0,1
A77BU1ID ,16,0,0,0,1
BDBHD3PS ,16,0,0,0,1
B3B3LYSN ,16,0,0,0,1
BP4G1LO9 ,16,0,0,0,1
BWFY4X6I ,16,0,0,0,1
BJJVNIJ4 ,16,0,0,0,1
BIODV1SA ,16,0,0,0,1
BSMWPZ7M ,16,0,0,0,1
CHTSKSUK ,16,0,0,0,1
CXEVC633 ,16,0,0,0,1
ECK41HWK ,16,0,0,0,1
EHIYB6KU ,16,0,0,0,1
ED3WH77I ,16,0,0,0,1
EDPMMYZG ,16,0,0,0,1
FV3ZLMMT ,16,0,0,0,1
HQKUIVL6 ,16,0,0,0,1
J6P96162 ,16,0,0,0,1
JW4P4FSX ,16,0,0,0,1
M3Z31HC4 ,16,0,0,0,1
MQRNXSF3 ,16,0,0,0,1
O6ZWIL7M ,16,0,0,0,1
OECVQ2LO ,16,0,0,0,1
POR95P9Q ,16,0,0,0,1
PWI5G2GD ,16,0,0,0,1
QHM3P2FO ,16,0,0,0,1
QYC9IHJZ ,16,0,0,0,1
QIG7SM1V ,16,0,0,0,1
QZBBJXDG ,16,0,0,0,1
S5JKS3YJ ,16,0,0,0,1
RVFA882V ,16,0,0,0,1
RKYF8T2S ,16,0,0,0,1
TFLOAQAA ,16,0,0,0,1
T3GSGT7D ,16,0,0,0,1
SZJ7YQBN ,16,0,0,0,1
T18ZWWW9 ,16,0,0,0,1
T5NOK8T6 ,16,0,0,0,1
VXXRZ9PS ,16,0,0,0,1
TZBGCVBF ,16,0,0,0,1
VRPQR3HN ,16,0,0,0,1
WMSUZY92 ,16,0,0,0,1
WIX8RJ7N ,16,0,0,0,1
WXWDS26R ,16,0,0,0,1
Y8LCOGVJ ,16,0,0,0,1
XXNUUR25 ,16,0,0,0,1
YKLPSNSI ,16,0,0,0,1
ZNU59C7S ,16,0,0,0,1
YZF4G5E3 ,16,0,0,0,1
YZCQIF9R ,16,0,0,0,1
Z3TP5SJG ,16,0,0,0,1
ZS9L3AWW ,16,0,0,0,1
ZSY7GVRE ,16,0,0,0,1
G2D27ZPU ,16,0,0,0,1
OBM2RQJO ,16,0,0,0,1
PL4RHAY5 ,16,0,0,0,1
C1XPDT83 ,16,1,0,0,1
YYUR4WQ  ,16,1,0,0,0
28IACQ7Z ,16,1,0,0,0
2B514DSS ,16,1,0,0,0
3IR6QFYL ,16,1,0,0,0
4HEACDKJ ,16,1,0,0,0
571XNH1N ,16,1,0,0,0
6HM97XK8 ,16,1,0,0,0
63VLBO4P ,16,1,0,0,0
9GMI29DK ,16,1,0,0,0
BZJEZVYP ,16,1,0,0,0
CD13JJ5P ,16,1,0,0,0
DWNFVB4V ,16,1,0,0,0
FSJMOJUG ,16,2,0,0,0
HA5WFLMF ,16,1,0,0,0
OGDZWYKE ,16,1,0,0,0
O9PH76TT ,16,1,0,0,0
ZE1NYK46 ,16,1,0,0,0
XZOBV5MH ,16,1,0,0,0
YFACU8NO ,16,1,0,0,0
Q4O6WA29 ,16,1,0,0,0
ZD5JCGPY ,16,1,0,0,0
Z3BUPW1Y ,16,1,0,0,0
1COTDG1D ,15,0,0,0,2
2CXIXPIL ,15,0,0,0,2
468GCDPV ,15,0,0,0,2
53X18EE8 ,15,0,0,0,2
679UPQ2O ,15,0,0,0,2
8RS3ELXR ,15,0,0,0,2
DK98FEFY ,15,0,0,0,2
EAPRHN42 ,15,0,0,0,2
FBEL1V6P ,15,0,0,0,2
G9IWNIDW ,15,0,0,0,2
H61ESW6E ,15,0,0,0,2
ULMNQQVV ,15,0,0,0,2
XFCRXXS1 ,15,0,0,0,2
XFV1M71O ,15,0,0,0,2
1X6UNWL  ,15,0,0,0,1
AJL1WPK  ,15,0,0,0,1
BOGC5OS  ,15,0,0,0,1
COAEHBR  ,15,0,0,0,1
MT2EI1M  ,15,0,0,0,1
MYV6SY2  ,15,0,0,0,1
OEWSFBP  ,15,0,0,0,1
R3YV21V  ,15,0,0,0,1
SEXHW7Y  ,15,0,0,0,1
WT89BHS  ,15,0,0,0,1
1292HH64 ,15,0,0,0,1
14XJYDVX ,15,0,0,0,1
1D36M16Z ,15,0,0,0,1
1NOVROI5 ,15,0,0,0,1
1QZ8ONBP ,15,0,0,0,1
25KU7D3P ,15,0,0,0,1
284PL516 ,15,0,0,0,1
2ADPSCE7 ,15,0,0,0,1
2B7MXVE2 ,15,0,0,0,1
2D2GQEYK ,15,0,0,0,1
2DRQO39E ,15,0,0,0,1
2HT64M2W ,15,0,0,0,1
2KRG8RIQ ,15,0,0,0,1
2KJ214XE ,15,0,0,0,1
2KO58VVW ,15,0,0,0,1
2NFE8GMQ ,15,0,0,0,1
2UPMFJL2 ,15,0,0,0,1
2WE1AZ5Y ,15,0,0,0,1
2WLRYXB6 ,15,0,0,0,1
2Z9DEDO3 ,15,0,0,0,1
2XHHMSES ,15,1,0,0,1
33P4738M ,15,0,0,0,1
37UXJ6VO ,15,0,0,0,1
3CST9WOC ,15,0,0,0,1
3G4C9EF6 ,15,0,0,0,1
3QO96LMU ,15,0,0,0,1
3SYJX41Z ,15,0,0,0,1
3SN2ZZ39 ,15,0,0,0,1
3SHT1BQ3 ,15,0,0,0,1
3UVW5PRC ,15,0,0,0,1
3TM5749C ,15,0,0,0,1
3VV33BVI ,15,0,0,0,1
3WN2O78M ,15,0,0,0,1
3XKU9G56 ,15,0,0,0,1
3WS4JOPE ,15,0,0,0,1
42EM4JUQ ,15,0,0,0,1
44EMYOL8 ,15,0,0,0,1
46DBIYNI ,15,0,0,0,1
47BCA492 ,15,0,0,0,1
49FFZ6P4 ,15,0,0,0,1
4A3NGW14 ,15,0,0,0,1
46E7YHRS ,15,1,0,0,1
4EW8WQOD ,15,0,0,0,1
4BC7C1B4 ,15,0,0,0,1
4FYEHOEV ,15,0,0,0,1
4NY2DELF ,15,0,0,0,1
4RAO9JLK ,15,0,0,0,1
4LHIIAP5 ,15,0,0,0,1
4VEOA8DN ,15,0,0,0,1
4UICWR2S ,15,0,0,0,1
4UMQZKJK ,15,0,0,0,1
4XBDZPZI ,15,0,0,0,1
4X1EX9HH ,15,0,0,0,1
54SLJRHJ ,15,0,0,0,1
56YUL5L5 ,15,0,0,0,1
567ILEQQ ,15,0,0,0,1
5CZVXWZV ,15,0,0,0,1
5B8RC8NQ ,15,0,0,0,1
5F6V1VHQ ,15,0,0,0,1
5HX8KDWD ,15,0,0,0,1
5PR52LIR ,15,0,0,0,1
631IJMVO ,15,0,0,0,1
638K4T7M ,15,0,0,0,1
644CRXKM ,15,0,0,0,1
674GJ3U5 ,15,0,0,0,1
6E7PZJFV ,15,0,0,0,1
6KOA3MRA ,15,0,0,0,1
6O1TN7CO ,15,0,0,0,1
6O2VJJVR ,15,0,0,0,1
6SBV81G2 ,15,0,0,0,1
719JDZT9 ,15,0,0,0,1
74O1UGYZ ,15,0,0,0,1
73FY157B ,15,0,0,0,1
7697ECWV ,15,0,0,0,1
7BX43U5J ,15,0,0,0,1
7MFPHFBA ,15,0,0,0,1
7S1VR8Q6 ,15,1,0,0,1
7TGZ1SXC ,15,0,0,0,1
84999LVA ,15,0,0,0,1
8GPU81NE ,15,0,0,0,1
7YK7T7LV ,15,0,0,0,1
7XF4TTGW ,15,0,0,0,1
8BZ7B28C ,15,0,0,0,1
8FMRGLUA ,15,0,0,0,1
8J2MAPNK ,15,0,0,0,1
8K5WDVJD ,15,0,0,0,1
8VPFFLV9 ,15,0,0,0,1
8RGX2CHZ ,15,0,0,0,1
8OZCG3HZ ,15,0,0,0,1
98HZOELE ,15,0,0,0,1
8ZGKESXO ,15,0,0,0,1
97MKXNOH ,15,0,0,0,1
9NHPNJEL ,15,0,0,0,1
9LD62FK6 ,15,0,0,0,1
9IHNGFEK ,15,0,0,0,1
9TLWE1DY ,15,0,0,0,1
9XKDX9O7 ,15,1,0,0,1
A2GGMV3V ,15,0,0,0,1
9XM9MBZH ,15,0,0,0,1
A3BF9RHL ,15,0,0,0,1
9W8EO2GE ,15,0,0,0,1
ALO5K3AC ,15,0,0,0,1
AC1GCKFV ,15,0,0,0,1
AL3BZRVL ,15,0,0,0,1
AEN8DFTM ,15,0,0,0,1
AMYMUK4R ,15,0,0,0,1
B41J3NTQ ,15,0,0,0,1
B5BESY91 ,15,0,0,0,1
AY65P1CM ,15,1,0,0,1
AUYXYD3K ,15,0,0,0,1
BFQBB23Q ,15,0,0,0,1
BC1Z9PTG ,15,0,0,0,1
BHRMNQ7M ,15,0,0,0,1
BMTJ93C3 ,15,0,0,0,1
BHWVBERA ,15,0,0,0,1
BXOQPU3J ,15,0,0,0,1
BGG3OGV9 ,15,0,0,0,1
C41BPXAI ,15,0,0,0,1
BWAHVMTF ,15,0,0,0,1
BY3IFKRU ,15,0,0,0,1
BMLIXUBS ,15,0,0,0,1
CCABHM3A ,15,0,0,0,1
CPN4XJCT ,15,0,0,0,1
CTW9JPV6 ,15,0,0,0,1
CLR299LS ,15,0,0,0,1
D7Q83EOJ ,15,0,0,0,1
DS6RX5IK ,15,0,0,0,1
DCTF37ND ,15,0,0,0,1
DKXODBWG ,15,0,0,0,1
DSSSA3SQ ,15,0,0,0,1
E4R7GORW ,15,0,0,0,1
DW2M4J9Z ,15,0,0,0,1
DVO5DHSV ,15,0,0,0,1
DVAJUIQK ,15,0,0,0,1
DR4JE94V ,15,0,0,0,1
EKINGTWQ ,15,0,0,0,1
DZYNG5C5 ,15,0,0,0,1
E959YYL2 ,15,0,0,0,1
ED764LCR ,15,0,0,0,1
E3R94C83 ,15,0,0,0,1
ESYAHJKC ,15,0,0,0,1
EVRWSBH8 ,15,0,0,0,1
ELFDQXO5 ,15,0,0,0,1
EF1DHVMM ,15,1,0,0,1
F3LXDUVQ ,15,0,0,0,1
EIYPOM1W ,15,0,0,0,1
FKE56BKD ,15,0,0,0,1
EVPTZ18I ,15,0,0,0,1
FOSULDVG ,15,0,0,0,1
F47N82L4 ,15,0,0,0,1
F344CTE8 ,15,0,0,0,1
FALPQJXC ,15,0,0,0,1
F96U7HQ1 ,15,0,0,0,1
FNSRWSBQ ,15,0,0,0,1
FWV91JUT ,15,0,0,0,1
FHVP1UPQ ,15,0,0,0,1
FOVA8MGK ,15,0,0,0,1
FO2OBDZ6 ,15,0,0,0,1
FRAZMWF5 ,15,0,0,0,1
FUUASYNI ,15,0,0,0,1
G66OQTP4 ,15,0,0,0,1
G1W37OXE ,15,0,0,0,1
GBHGSJ6T ,15,0,0,0,1
GNRXPOXU ,15,0,0,0,1
GHZ3QO8S ,15,0,0,0,1
GBPOZ9DS ,15,0,0,0,1
GBNFGPA4 ,15,0,0,0,1
GITVWBU9 ,15,0,0,0,1
HC3UJ6MM ,15,0,0,0,1
H1PR7D5U ,15,0,0,0,1
HTIKXOYS ,15,0,0,0,1
HDPBA1KW ,15,0,0,0,1
HLIC7H1Y ,15,1,0,0,1
IDKZKD26 ,15,0,0,0,1
HQTP9H2X ,15,0,0,0,1
HMRPVYYT ,15,0,0,0,1
HQVKO4L9 ,15,0,0,0,1
HQKJWJ5X ,15,0,0,0,1
HOHU4VIN ,15,0,0,0,1
HSDQ3SEA ,15,0,0,0,1
HZDKRFVY ,15,0,0,0,1
IKS67TPB ,15,0,0,0,1
J92SCTYV ,15,0,0,0,1
J1MNQ4YL ,15,0,0,0,1
IW94FZKV ,15,0,0,0,1
ITF436YU ,15,0,0,0,1
IPXA5TUI ,15,0,0,0,1
JB6RGZMK ,15,0,0,0,1
JCBQRYGI ,15,0,0,0,1
J5FRD9AX ,15,0,0,0,1
J4ECZD9D ,15,0,0,0,1
J9BL5PMA ,15,0,0,0,1
JSOYXZM7 ,15,0,0,0,1
JWCM7UC4 ,15,0,0,0,1
JIJNV2J1 ,15,0,0,0,1
KP47IUSU ,15,0,0,0,1
JUGNIDCM ,15,0,0,0,1
K2HY19MA ,15,0,0,0,1
JT4EVUX9 ,15,0,0,0,1
L326MP3U ,15,0,0,0,1
KEKGOV47 ,15,0,0,0,1
K9GW3A41 ,15,0,0,0,1
L28SH1FC ,15,0,0,0,1
K9BV6E1D ,15,0,0,0,1
KM4QB8ID ,15,0,0,0,1
L9LPWUOK ,15,0,0,0,1
K5PO55OK ,15,0,0,0,1
KT558UU3 ,15,0,0,0,1
L2G7AE7N ,15,0,0,0,1
L6C1SYTG ,15,0,0,0,1
KQAPYT8P ,15,0,0,0,1
L1U98OVN ,15,0,0,0,1
LDWZ32ZV ,15,0,0,0,1
L7CEVDDI ,15,0,0,0,1
L9RJHFW4 ,15,0,0,0,1
LOWSNOI3 ,15,0,0,0,1
L8MLNDI8 ,15,0,0,0,1
LPL2BWV4 ,15,0,0,0,1
LJODAR5X ,15,0,0,0,1
LPB8R4DD ,15,0,0,0,1
LHQ78VC7 ,15,0,0,0,1
LPGYLTK9 ,15,0,0,0,1
N36BCJ36 ,15,0,0,0,1
MJDINB8N ,15,0,0,0,1
NCQM55QH ,15,0,0,0,1
MPWPI3CB ,15,0,0,0,1
NEB53VZV ,15,0,0,0,1
MMBFXA1Y ,15,0,0,0,1
MRIASIXI ,15,0,0,0,1
N1AW947L ,15,0,0,0,1
N7C5K38A ,15,0,0,0,1
N2QXHPOY ,15,0,0,0,1
NB9SSTCI ,15,0,0,0,1
N8YC7N9L ,15,0,0,0,1
N5LN3VU1 ,15,0,0,0,1
N7MGUN7J ,15,0,0,0,1
NNKXOU9I ,15,0,0,0,1
NR3UTJKS ,15,1,0,0,1
NFJ4EEI3 ,15,0,0,0,1
NFG9CMQU ,15,0,0,0,1
OND5MG7F ,15,0,0,0,1
NU1Y8F2K ,15,0,0,0,1
NWIOPP7F ,15,0,0,0,1
OKL2Q78M ,15,0,0,0,1
O2OFST7G ,15,0,0,0,1
P68QDV2X ,15,0,0,0,1
OIA5J6T4 ,15,0,0,0,1
OLMJR3DI ,15,0,0,0,1
OOHYTA3M ,15,0,0,0,1
PSKY836M ,15,0,0,0,1
OOZZSNNO ,15,0,0,0,1
OACT5TWV ,15,0,0,0,1
OU91AQLZ ,15,0,0,0,1
PA69LZHH ,15,0,0,0,1
QJXWXYFZ ,15,0,0,0,1
PBXQAZ2S ,15,0,0,0,1
PHZI3HQC ,15,0,0,0,1
QH4TCZYJ ,15,0,0,0,1
PNOBPPI1 ,15,0,0,0,1
PPB9AAJJ ,15,0,0,0,1
Q2EOKJL3 ,15,0,0,0,1
PYZVWZ78 ,15,0,0,0,1
PQ1BJ5K5 ,15,0,0,0,1
RLWKH6X6 ,15,0,0,0,1
QPIK35MH ,15,0,0,0,1
QYL8CO51 ,15,0,0,0,1
RU6YE7ZD ,15,0,0,0,1
QENRQR73 ,15,0,0,0,1
RDS8G4JY ,15,0,0,0,1
QN9EKXUX ,15,0,0,0,1
R7A28M9D ,15,0,0,0,1
RMF9PL5L ,15,0,0,0,1
QZX4IIBX ,15,0,0,0,1
R7WLCPT3 ,15,0,0,0,1
RUXBKO7F ,15,0,0,0,1
RAKS8Z9T ,15,0,0,0,1
T687ZH83 ,15,0,0,0,1
RVN5KLP5 ,15,0,0,0,1
RF962PDJ ,15,0,0,0,1
RRET5FF2 ,15,0,0,0,1
RU3QPRKQ ,15,0,0,0,1
S2EAQP35 ,15,0,0,0,1
TD9RYV6E ,15,0,0,0,1
RQT1USGF ,15,0,0,0,1
T2SWFDSE ,15,0,0,0,1
SBBBX3JZ ,15,0,0,0,1
S6Q2EYEC ,15,0,0,0,1
S6IZ2GS5 ,15,0,0,0,1
SBFVPR3M ,15,0,0,0,1
S8TB4NNU ,15,0,0,0,1
SGC5XQMN ,15,0,0,0,1
S9F3KHRJ ,15,0,0,0,1
TB8KDL9X ,15,0,0,0,1
TECRW15H ,15,0,0,0,1
T91H35LK ,15,0,0,0,1
TDQBN65G ,15,0,0,0,1
TRPXGFN6 ,15,0,0,0,1
TE1T43NQ ,15,0,0,0,1
TYL13EWM ,15,0,0,0,1
TSJIFD2F ,15,0,0,0,1
UC2C9ESL ,15,0,0,0,1
V3KQVOLR ,15,0,0,0,1
U26SZJFZ ,15,0,0,0,1
U2CGWXFL ,15,0,0,0,1
UWI2ZM6B ,15,0,0,0,1
UMTMYVI4 ,15,0,0,0,1
UZVKNXCB ,15,0,0,0,1
V7HPXPYW ,15,0,0,0,1
UEU1UI2J ,15,0,0,0,1
UXVVRKH1 ,15,0,0,0,1
US8AOPN6 ,15,0,0,0,1
V2J3HG4H ,15,0,0,0,1
V6WPS1SY ,15,0,0,0,1
V8PK3QO1 ,15,0,0,0,1
V27CHD7K ,15,0,0,0,1
V4WLTK7Y ,15,0,0,0,1
WX2YUKIX ,15,0,0,0,1
V2FE3MPS ,15,0,0,0,1
WYJPHEAQ ,15,0,0,0,1
WYXQKN6T ,15,0,0,0,1
X8411DOT ,15,0,0,0,1
VVUW9MI3 ,15,0,0,0,1
WOVMON6P ,15,0,0,0,1
X8O1Y72U ,15,0,0,0,1
VW5TJN88 ,15,0,0,0,1
WFT5PBI7 ,15,0,0,0,1
VM1VPNF3 ,15,0,0,0,1
WECTDJZE ,15,0,0,0,1
WUPD854H ,15,0,0,0,1
XPZN2YIN ,15,0,0,0,1
XOWV2L57 ,15,0,0,0,1
XE5BB3EH ,15,0,0,0,1
X9FJUYXM ,15,0,0,0,1
WOIZ8STT ,15,0,0,0,1
WUUKFDAS ,15,0,0,0,1
X9PN3YAS ,15,0,0,0,1
WSS5R9MS ,15,0,0,0,1
XH7C9OOB ,15,0,0,0,1
X5JZ383A ,15,0,0,0,1
XI425U1V ,15,0,0,0,1
XUGO6XJR ,15,0,0,0,1
XJ5B8O5O ,15,0,0,0,1
XEP8S9KC ,15,0,0,0,1
XLUGWCK8 ,15,0,0,0,1
Y328DT91 ,15,0,0,0,1
ZJGH1S2Q ,15,0,0,0,1
Z1BVY5JB ,15,0,0,0,1
ZRSK8NYP ,15,0,0,0,1
4NXGR7D  ,15,1,0,0,0
4OKE18K  ,15,1,0,0,0
5BP3PHC  ,15,1,0,0,0
RC8BQXX  ,15,1,0,0,0
VYD4UYQ  ,15,1,0,0,0
19RQIM35 ,15,1,0,0,0
1KUGZHSW ,15,1,0,0,0
1TQBOIPC ,15,1,0,0,0
1U1G9LQN ,15,1,0,0,0
2BGEQT8S ,15,1,0,0,0
2DDD52DU ,15,1,0,0,0
2GAB4SBF ,15,1,0,0,0
2J5QACTV ,15,1,0,0,0
2IUYHTUP ,15,1,0,0,0
2MHNWEOB ,15,1,0,0,0
3J1TAG2L ,15,1,0,0,0
3KQJPD8O ,15,1,0,0,0
3PGBSHBA ,15,1,0,0,0
3TUKGJ2N ,15,1,0,0,0
4DHVAM6A ,15,1,0,0,0
4SX97ZQN ,15,1,0,0,0
4OUUTY1P ,15,1,0,0,0
4NELIKNT ,15,1,0,0,0
4W9WDNX6 ,15,1,0,0,0
52BUY9WR ,15,1,0,0,0
528KVG71 ,15,1,0,0,0
58PNTRGR ,15,1,0,0,0
5TS5J1Y9 ,15,1,0,0,0
5X6RUXT3 ,15,1,0,0,0
6MQEELEX ,15,1,0,0,0
6ZE3K2E1 ,15,1,0,0,0
7MH6X6JA ,15,1,0,0,0
7WR59KPW ,15,1,0,0,0
7P8PZMET ,15,1,0,0,0
8HJ46NCU ,15,1,0,0,0
8U3W172N ,15,1,0,0,0
8YRJD7KQ ,15,1,0,0,0
8RCUMT4W ,15,1,0,0,0
92N32F2B ,15,1,0,0,0
941RF1GW ,15,1,0,0,0
9IOYPVGW ,15,1,0,0,0
9DX6R6QS ,15,1,0,0,0
9TW9QD1N ,15,1,0,0,0
ASBHI43N ,15,1,0,0,0
AWPZLE2Y ,15,1,0,0,0
BB2T7O8H ,15,1,0,0,0
BASH3W2U ,15,1,0,0,0
BHJNW4RL ,15,1,0,0,0
BK4QZVGP ,15,1,0,0,0
BXKQD88K ,15,1,0,0,0
C8ZM2PWZ ,15,1,0,0,0
CLR2T5Q1 ,15,1,0,0,0
CQGSA6BX ,15,1,0,0,0
D9NWWR1S ,15,1,0,0,0
DPXSYD2A ,15,1,0,0,0
EIRPXLGF ,15,1,0,0,0
EIYUD5KX ,15,1,0,0,0
DUW5OG67 ,15,1,0,0,0
E5MAME6J ,15,1,0,0,0
EBKDSAVA ,15,1,0,0,0
EDXI4U6L ,15,1,0,0,0
F36BW8XT ,15,1,0,0,0
FCFK4KEY ,15,1,0,0,0
FCG57SVY ,15,1,0,0,0
FGXM2M2B ,15,1,0,0,0
FXFGYRYE ,15,1,0,0,0
FYXLST4U ,15,1,0,0,0
GMZJSIZB ,15,1,0,0,0
GN7QYD77 ,15,1,0,0,0
GEF5TL4Y ,15,1,0,0,0
H2TTHOG8 ,15,1,0,0,0
GU81P34U ,15,1,0,0,0
HEHWTQV6 ,15,1,0,0,0
H4MQJDHJ ,15,1,0,0,0
HK6AQSO7 ,15,1,0,0,0
IDC939XX ,15,1,0,0,0
ICJ8YUME ,15,1,0,0,0
KCGPLQDX ,15,1,0,0,0
JM3VLKLR ,15,1,0,0,0
JJES7Y7L ,15,1,0,0,0
KEV2TEX7 ,15,1,0,0,0
KETEXXVG ,15,1,0,0,0
LRRGFXA4 ,15,1,0,0,0
KU6BIQY1 ,15,1,0,0,0
KQV9LV2Z ,15,1,0,0,0
LI73GGST ,15,1,0,0,0
LBUTPFUF ,15,1,0,0,0
LN2W81US ,15,1,0,0,0
M9124CJS ,15,1,0,0,0
LIUB2YZU ,15,1,0,0,0
LU85LO83 ,15,1,0,0,0
LVPRS8ZC ,15,1,0,0,0
M4ERVA7C ,15,1,0,0,0
N3KC1XJZ ,15,1,0,0,0
NPKABLYN ,15,1,0,0,0
ORPU6Q96 ,15,1,0,0,0
O72KWD81 ,15,1,0,0,0
OJL64WYT ,15,1,0,0,0
OZMSU1KK ,15,1,0,0,0
OJ43N5AG ,15,1,0,0,0
PAG2HRB2 ,15,1,0,0,0
PSR49L9S ,15,1,0,0,0
PRKW8Y3Z ,15,1,0,0,0
PV1625GH ,15,1,0,0,0
Q98CSWXA ,15,1,0,0,0
SBVM561G ,15,1,0,0,0
RJ6LMHH1 ,15,1,0,0,0
RM9QJUBA ,15,1,0,0,0
S91REW3I ,15,1,0,0,0
SMLP63A3 ,15,1,0,0,0
SX2E7USA ,15,1,0,0,0
UUFTGIFL ,15,1,0,0,0
TV1CGS9X ,15,1,0,0,0
TWPVN5BW ,15,1,0,0,0
TYTV34ZH ,15,1,0,0,0
UYV48PND ,15,1,0,0,0
UDK7NN81 ,15,1,0,0,0
V12KIJAG ,15,1,0,0,0
UTGF72FU ,15,1,0,0,0
WY4BTGA3 ,15,1,0,0,0
VOIVUTVD ,15,1,0,0,0
V42PWTDL ,15,1,0,0,0
WDTFXJGR ,15,1,0,0,0
W1ZVJCO3 ,15,1,0,0,0
X1NX4QSJ ,15,1,0,0,0
WYOX63HQ ,15,1,0,0,0
WMJDSEFH ,15,1,0,0,0
WQMNJ5OF ,15,1,0,0,0
XHUHQ6YN ,15,1,0,0,0
X8RHI4D2 ,15,1,0,0,0
WXXTVK5D ,15,1,0,0,0
YPTVNU7I ,15,1,0,0,0
ZM8D2YEH ,15,1,0,0,0
YT5467OL ,15,1,0,0,0
Z4LG6ROS ,15,1,0,0,0
YONMYXV4 ,15,1,0,0,0
ZSKM417G ,15,1,0,0,0
Z8KN5XAH ,15,1,0,0,0
SXEN35MW ,15,1,0,0,0
9B76MZS5 ,15,1,0,0,0
R8YB8R2F ,15,1,0,0,0
JVC4AW39 ,15,1,0,0,0
RFAAGE49 ,15,1,0,0,0
5MRZGD6  ,15,1,0,0,0
288CPPDF ,14,3,0,0,0
2CR8QQHG ,14,2,0,0,0
81VBZS9H ,14,2,0,0,0
E1MV5IKL ,14,2,0,0,0
FQ8ARETN ,14,2,0,0,0
GJ34PBWO ,14,2,0,0,0
H9BUWFQI ,14,2,0,0,0
HPFY7A8G ,14,2,0,0,0
J5N4UES1 ,14,2,0,0,0
JIE85TPL ,14,2,0,0,0
N3WGSKQM ,14,2,0,0,0
UMIJUOPK ,14,2,0,0,0
