AAABA1,4,1,0,0,0,2
AAABA2,4,1,0,0,0,2
AAABA3,4,1,0,0,0,2
AAABA4,4,1,0,0,0,2
AAABA5,4,1,0,0,0,2
AAABA6,4,1,0,0,0,2
AAABA7,4,1,0,0,0,2
AAABA8,4,1,0,0,0,2
AAABA9,4,1,0,0,0,2
AAABAA,4,1,0,0,0,2
AAABAB,4,1,0,0,0,2
AAABAC,4,1,0,0,0,2
AAABAD,4,1,0,0,0,2
AAABAE,4,1,0,0,0,2
AAABAF,4,1,0,0,0,2
AAABAG,4,1,0,0,0,2
AAABAH,4,1,0,0,0,2
AAABAI,4,1,0,0,0,2
AAABAJ,4,1,0,0,0,2
AAABAK,4,1,0,0,0,2
AAABAL,4,1,0,0,0,2
AAABAM,4,1,0,0,0,2
AAABAN,4,1,0,0,0,2
AAABAO,4,1,0,0,0,2
AAABAP,4,1,0,0,0,2
AAABAQ,4,1,0,0,0,2
AAABAR,4,1,0,0,0,2
AAABAS,4,1,0,0,0,2
AAABAT,4,1,0,0,0,2
AAABAU,4,1,0,0,0,2
AAABAV,4,1,0,0,0,2
AAABAW,4,1,0,0,0,2
AAAB5G,4,1,0,0,0,2
AAAB5H,4,1,0,0,0,2
AAAB5I,4,1,0,0,0,2
AAAB5J,4,1,0,0,0,2
AAAB5K,4,1,0,0,0,2
AAAB5L,4,1,0,0,0,2
AAAB5M,4,1,0,0,0,2
AAAB5N,4,1,0,0,0,2
AAAB5O,4,1,0,0,0,2
AAAB5P,4,1,0,0,0,2
AAAB5Q,4,1,0,0,0,2
AAAB5R,4,1,0,0,0,2
AAAB5S,4,1,0,0,0,2
AAAB5T,4,1,0,0,0,2
AAAB5U,4,1,0,0,0,2
AAAB5V,4,1,0,0,0,2
AAAB5W,4,1,0,0,0,2
AAAB5X,4,1,0,0,0,2
AAAB5Y,4,1,0,0,0,2
AAAB5Z,4,1,0,0,0,2
AAAB61,4,1,0,0,0,2
AAAB62,4,1,0,0,0,2
AAAB63,4,1,0,0,0,2
AAAB64,4,1,0,0,0,2
AAAB65,4,1,0,0,0,2
AAAB66,4,1,0,0,0,2
AAAB67,4,1,0,0,0,2
AAAB68,4,1,0,0,0,2
AAAB69,4,1,0,0,0,2
AAAB6A,4,1,0,0,0,2
AAAB6B,4,1,0,0,0,2
AAAB6C,4,1,0,0,0,2
AAABJ6,4,1,0,0,0,2
AAABJ7,4,1,0,0,0,2
AAABJ8,4,1,0,0,0,2
AAABJ9,4,1,0,0,0,2
AAABJA,4,1,0,0,0,2
AAABJB,4,1,0,0,0,2
AAABJC,4,1,0,0,0,2
AAABJD,4,1,0,0,0,2
AAABJE,4,1,0,0,0,2
AAABJF,4,1,0,0,0,2
AAABJG,4,1,0,0,0,2
AAABJH,4,1,0,0,0,2
AAABJI,4,1,0,0,0,2
AAABJJ,4,1,0,0,0,2
AAABJK,4,1,0,0,0,2
AAABJL,4,1,0,0,0,2
AAABJM,4,1,0,0,0,2
AAABJN,4,1,0,0,0,2
AAABJO,4,1,0,0,0,2
AAABJP,4,1,0,0,0,2
AAABJQ,4,1,0,0,0,2
AAABJR,4,1,0,0,0,2
AAABJS,4,1,0,0,0,2
AAABJT,4,1,0,0,0,2
AAABJU,4,1,0,0,0,2
AAABJV,4,1,0,0,0,2
AAABJW,4,1,0,0,0,2
AAABJX,4,1,0,0,0,2
AAABJY,4,1,0,0,0,2
AAABJZ,4,1,0,0,0,2
AAABK1,4,1,0,0,0,2
AAABK2,4,1,0,0,0,2
AAAAJF,4,1,0,0,0,2
AAAAJG,4,1,0,0,0,2
AAAAJH,4,1,0,0,0,2
AAAAJI,4,1,0,0,0,2
AAAAJJ,4,1,0,0,0,2
AAAAJK,4,1,0,0,0,2
AAAAJL,4,1,0,0,0,2
AAAAJM,4,1,0,0,0,2
AAAAJN,4,1,0,0,0,2
AAAAJO,4,1,0,0,0,2
AAAAJP,4,1,0,0,0,2
AAAAJQ,4,1,0,0,0,2
AAAAJR,4,1,0,0,0,2
AAAAJS,4,1,0,0,0,2
AAAAJT,4,1,0,0,0,2
AAAAJU,4,1,0,0,0,2
AAAAJV,4,1,0,0,0,2
AAAAJW,4,1,0,0,0,2
AAAAJX,4,1,0,0,0,2
AAAAJY,4,1,0,0,0,2
AAAAJZ,4,1,0,0,0,2
AAAAK1,4,1,0,0,0,2
AAAAK2,4,1,0,0,0,2
AAAAK3,4,1,0,0,0,2
AAAAK4,4,1,0,0,0,2
AAAAK5,4,1,0,0,0,2
AAAAK6,4,1,0,0,0,2
AAAAK7,4,1,0,0,0,2
AAAAK8,4,1,0,0,0,2
AAAAK9,4,1,0,0,0,2
AAAAKA,4,1,0,0,0,2
AAAAKB,4,1,0,0,0,2
AAABNQ,4,1,0,0,0,2
AAABNR,4,1,0,0,0,2
AAABNS,4,1,0,0,0,2
AAABNT,4,1,0,0,0,2
AAABNU,4,1,0,0,0,2
AAABNV,4,1,0,0,0,2
AAABNW,4,1,0,0,0,2
AAABNX,4,1,0,0,0,2
AAABNY,4,1,0,0,0,2
AAABNZ,4,1,0,0,0,2
AAABO1,4,1,0,0,0,2
AAABO2,4,1,0,0,0,2
AAABO3,4,1,0,0,0,2
AAABO4,4,1,0,0,0,2
AAABO5,4,1,0,0,0,2
AAABO6,4,1,0,0,0,2
AAABO7,4,1,0,0,0,2
AAABO8,4,1,0,0,0,2
AAABO9,4,1,0,0,0,2
AAABOA,4,1,0,0,0,2
AAABOB,4,1,0,0,0,2
AAABOC,4,1,0,0,0,2
AAABOD,4,1,0,0,0,2
AAABOE,4,1,0,0,0,2
AAABOF,4,1,0,0,0,2
AAABOG,4,1,0,0,0,2
AAABOH,4,1,0,0,0,2
AAABOI,4,1,0,0,0,2
AAABOJ,4,1,0,0,0,2
AAABOK,4,1,0,0,0,2
AAABOL,4,1,0,0,0,2
AAABOM,4,1,0,0,0,2
AAAAZV,4,1,0,0,0,2
AAAAZW,4,1,0,0,0,2
AAAAZX,4,1,0,0,0,2
AAAAZY,4,1,0,0,0,2
AAAAZZ,4,1,0,0,0,2
AAAB11,4,1,0,0,0,2
AAAB12,4,1,0,0,0,2
AAAB13,4,1,0,0,0,2
AAAB14,4,1,0,0,0,2
AAAB15,4,1,0,0,0,2
AAAB16,4,1,0,0,0,2
AAAB17,4,1,0,0,0,2
AAAB18,4,1,0,0,0,2
AAAB19,4,1,0,0,0,2
AAAB1A,4,1,0,0,0,2
AAAB1B,4,1,0,0,0,2
AAAB1C,4,1,0,0,0,2
AAAB1D,4,1,0,0,0,2
AAAB1E,4,1,0,0,0,2
AAAB1F,4,1,0,0,0,2
AAAB1G,4,1,0,0,0,2
AAAB1H,4,1,0,0,0,2
AAAB1I,4,1,0,0,0,2
AAAB1J,4,1,0,0,0,2
AAAB1K,4,1,0,0,0,2
AAAB1L,4,1,0,0,0,2
AAAB1M,4,1,0,0,0,2
AAAB1N,4,1,0,0,0,2
AAAB1O,4,1,0,0,0,2
AAAB1P,4,1,0,0,0,2
AAAB1Q,4,1,0,0,0,2
AAAB1R,4,1,0,0,0,2
AAABEL,4,1,0,0,0,2
AAABEM,4,1,0,0,0,2
AAABEN,4,1,0,0,0,2
AAABEO,4,1,0,0,0,2
AAABEP,4,1,0,0,0,2
AAABEQ,4,1,0,0,0,2
AAABER,4,1,0,0,0,2
AAABES,4,1,0,0,0,2
AAABET,4,1,0,0,0,2
AAABEU,4,1,0,0,0,2
AAABEV,4,1,0,0,0,2
AAABEW,4,1,0,0,0,2
AAABEX,4,1,0,0,0,2
AAABEY,4,1,0,0,0,2
AAABEZ,4,1,0,0,0,2
AAABF1,4,1,0,0,0,2
AAABF2,4,1,0,0,0,2
AAABF3,4,1,0,0,0,2
AAABF4,4,1,0,0,0,2
AAABF5,4,1,0,0,0,2
AAABF6,4,1,0,0,0,2
AAABF7,4,1,0,0,0,2
AAABF8,4,1,0,0,0,2
AAABF9,4,1,0,0,0,2
AAABFA,4,1,0,0,0,2
AAABFB,4,1,0,0,0,2
AAABFC,4,1,0,0,0,2
AAABFD,4,1,0,0,0,2
AAABFE,4,1,0,0,0,2
AAABFF,4,1,0,0,0,2
AAABFG,4,1,0,0,0,2
AAABFH,4,1,0,0,0,2
AAAAEU,4,1,0,0,0,2
AAAAEV,4,1,0,0,0,2
AAAAEW,4,1,0,0,0,2
AAAAEX,4,1,0,0,0,2
AAAAEY,4,1,0,0,0,2
AAAAEZ,4,1,0,0,0,2
AAAAF1,4,1,0,0,0,2
AAAAF2,4,1,0,0,0,2
AAAAF3,4,1,0,0,0,2
AAAAF4,4,1,0,0,0,2
AAAAF5,4,1,0,0,0,2
AAAAF6,4,1,0,0,0,2
AAAAF7,4,1,0,0,0,2
AAAAF8,4,1,0,0,0,2
AAAAF9,4,1,0,0,0,2
AAAAFA,4,1,0,0,0,2
AAAAFB,4,1,0,0,0,2
AAAAFC,4,1,0,0,0,2
AAAAFD,4,1,0,0,0,2
AAAAFE,4,1,0,0,0,2
AAAAFF,4,1,0,0,0,2
AAAAFG,4,1,0,0,0,2
AAAAFH,4,1,0,0,0,2
AAAAFI,4,1,0,0,0,2
AAAAFJ,4,1,0,0,0,2
AAAAFK,4,1,0,0,0,2
AAAAFL,4,1,0,0,0,2
AAAAFM,4,1,0,0,0,2
AAAAFN,4,1,0,0,0,2
AAAAFO,4,1,0,0,0,2
AAAAFP,4,1,0,0,0,2
AAAAFQ,4,1,0,0,0,2
AAAASK,4,1,0,0,0,2
AAAASL,4,1,0,0,0,2
AAAASM,4,1,0,0,0,2
AAAASN,4,1,0,0,0,2
AAAASO,4,1,0,0,0,2
AAAASP,4,1,0,0,0,2
AAAASQ,4,1,0,0,0,2
AAAASR,4,1,0,0,0,2
AAAASS,4,1,0,0,0,2
AAAAST,4,1,0,0,0,2
AAAASU,4,1,0,0,0,2
AAAASV,4,1,0,0,0,2
AAAASW,4,1,0,0,0,2
AAAASX,4,1,0,0,0,2
AAAASY,4,1,0,0,0,2
AAAASZ,4,1,0,0,0,2
AAAAT1,4,1,0,0,0,2
AAAAT2,4,1,0,0,0,2
AAAAT3,4,1,0,0,0,2
AAAAT4,4,1,0,0,0,2
AAAAT5,4,1,0,0,0,2
AAAAT6,4,1,0,0,0,2
AAAAT7,4,1,0,0,0,2
AAAAT8,4,1,0,0,0,2
AAAAT9,4,1,0,0,0,2
AAAATA,4,1,0,0,0,2
AAAATB,4,1,0,0,0,2
AAAATC,4,1,0,0,0,2
AAAATD,4,1,0,0,0,2
AAAATE,4,1,0,0,0,2
AAAATF,4,1,0,0,0,2
AAAATG,4,1,0,0,0,2
AAAAX5,4,1,0,0,0,2
AAAAX6,4,1,0,0,0,2
AAAAX7,4,1,0,0,0,2
AAAAX8,4,1,0,0,0,2
AAAAX9,4,1,0,0,0,2
AAAAXA,4,1,0,0,0,2
AAAAXB,4,1,0,0,0,2
AAAAXC,4,1,0,0,0,2
AAAAXD,4,1,0,0,0,2
AAAAXE,4,1,0,0,0,2
AAAAXF,4,1,0,0,0,2
AAAAXG,4,1,0,0,0,2
AAAAXH,4,1,0,0,0,2
AAAAXI,4,1,0,0,0,2
AAAAXJ,4,1,0,0,0,2
AAAAXK,4,1,0,0,0,2
AAAAXL,4,1,0,0,0,2
AAAAXM,4,1,0,0,0,2
AAAAXN,4,1,0,0,0,2
AAAAXO,4,1,0,0,0,2
AAAAXP,4,1,0,0,0,2
AAAAXQ,4,1,0,0,0,2
AAAAXR,4,1,0,0,0,2
AAAAXS,4,1,0,0,0,2
AAAAXT,4,1,0,0,0,2
AAAAXU,4,1,0,0,0,2
AAAAXV,4,1,0,0,0,2
AAAAXW,4,1,0,0,0,2
AAAAXX,4,1,0,0,0,2
AAAAXY,4,1,0,0,0,2
AAAAXZ,4,1,0,0,0,2
AAAAY1,4,1,0,0,0,2
AAAAAA,4,1,0,0,0,2
AAAAAB,4,1,0,0,0,2
AAAAAC,4,1,0,0,0,2
AAAAAD,4,1,0,0,0,2
AAAAAE,4,1,0,0,0,2
AAAAAF,4,1,0,0,0,2
AAAAAG,4,1,0,0,0,2
AAAAAH,4,1,0,0,0,2
AAAAAI,4,1,0,0,0,2
AAAAAJ,4,1,0,0,0,2
AAAAAK,4,1,0,0,0,2
AAAAAL,4,1,0,0,0,2
AAAAAM,4,1,0,0,0,2
AAAAAN,4,1,0,0,0,2
AAAAAO,4,1,0,0,0,2
AAAAAP,4,1,0,0,0,2
AAAAAQ,4,1,0,0,0,2
AAAAAR,4,1,0,0,0,2
AAAAAS,4,1,0,0,0,2
AAAAAT,4,1,0,0,0,2
AAAAAU,4,1,0,0,0,2
AAAAAV,4,1,0,0,0,2
AAAAAW,4,1,0,0,0,2
AAAAAX,4,1,0,0,0,2
AAAAAY,4,1,0,0,0,2
AAAAAZ,4,1,0,0,0,2
AAAAB1,4,1,0,0,0,2
AAAAB2,4,1,0,0,0,2
AAAAB3,4,1,0,0,0,2
AAAAB4,4,1,0,0,0,2
AAAAB5,4,1,0,0,0,2
AAAAB6,4,1,0,0,0,2
AAAANZ,4,1,0,0,0,2
AAAAO1,4,1,0,0,0,2
AAAAO2,4,1,0,0,0,2
AAAAO3,4,1,0,0,0,2
AAAAO4,4,1,0,0,0,2
AAAAO5,4,1,0,0,0,2
AAAAO6,4,1,0,0,0,2
AAAAO7,4,1,0,0,0,2
AAAAO8,4,1,0,0,0,2
AAAAO9,4,1,0,0,0,2
AAAAOA,4,1,0,0,0,2
AAAAOB,4,1,0,0,0,2
AAAAOC,4,1,0,0,0,2
AAAAOD,4,1,0,0,0,2
AAAAOE,4,1,0,0,0,2
AAAAOF,4,1,0,0,0,2
AAAAOG,4,1,0,0,0,2
AAAAOH,4,1,0,0,0,2
AAAAOI,4,1,0,0,0,2
AAAAOJ,4,1,0,0,0,2
AAAAOK,4,1,0,0,0,2
AAAAOL,4,1,0,0,0,2
AAAAOM,4,1,0,0,0,2
AAAAON,4,1,0,0,0,2
AAAAOO,4,1,0,0,0,2
AAAAOP,4,1,0,0,0,2
AAAAOQ,4,1,0,0,0,2
AAAAOR,4,1,0,0,0,2
AAAAOS,4,1,0,0,0,2
AAAAOT,4,1,0,0,0,2
AAAAOU,4,1,0,0,0,2
AAAAOV,4,1,0,0,0,2
AAAB94,4,1,0,0,0,2
AAAB95,4,1,0,0,0,2
AAAB96,4,1,0,0,0,2
AAAB97,4,1,0,0,0,2
AAAB98,4,1,0,0,0,2
AAAB99,4,1,0,0,0,2
AAAB9A,4,1,0,0,0,2
AAAB9B,4,1,0,0,0,2
AAAB9C,4,1,0,0,0,2
AAAB9D,4,1,0,0,0,2
AAAB9E,4,1,0,0,0,2
AAAB9F,4,1,0,0,0,2
AAAB9G,4,1,0,0,0,2
AAAB9H,4,1,0,0,0,2
AAAB9I,4,1,0,0,0,2
AAAB9J,4,1,0,0,0,2
AAAB9K,4,1,0,0,0,2
AAAB9L,4,1,0,0,0,2
AAAB9M,4,1,0,0,0,2
AAAB9N,4,1,0,0,0,2
AAAB9O,4,1,0,0,0,2
AAAB9P,4,1,0,0,0,2
AAAB9Q,4,1,0,0,0,2
AAAB9R,4,1,0,0,0,2
AAAB9S,4,1,0,0,0,2
AAAB9T,4,1,0,0,0,2
AAAB9U,4,1,0,0,0,2
AAAB9V,4,1,0,0,0,2
AAAB9W,4,1,0,0,0,2
AAAB9X,4,1,0,0,0,2
AAAB9Y,4,1,0,0,0,2
AAAB9Z,4,1,0,0,0,2
AAAB4J,4,1,0,0,0,2
AAAB4K,4,1,0,0,0,2
AAAB4L,4,1,0,0,0,2
AAAB4M,4,1,0,0,0,2
AAAB4N,4,1,0,0,0,2
AAAB4O,4,1,0,0,0,2
AAAB4P,4,1,0,0,0,2
AAAB4Q,4,1,0,0,0,2
AAAB4R,4,1,0,0,0,2
AAAB4S,4,1,0,0,0,2
AAAB4T,4,1,0,0,0,2
AAAB4U,4,1,0,0,0,2
AAAB4V,4,1,0,0,0,2
AAAB4W,4,1,0,0,0,2
AAAB4X,4,1,0,0,0,2
AAAB4Y,4,1,0,0,0,2
AAAB4Z,4,1,0,0,0,2
AAAB51,4,1,0,0,0,2
AAAB52,4,1,0,0,0,2
AAAB53,4,1,0,0,0,2
AAAB54,4,1,0,0,0,2
AAAB55,4,1,0,0,0,2
AAAB56,4,1,0,0,0,2
AAAB57,4,1,0,0,0,2
AAAB58,4,1,0,0,0,2
AAAB59,4,1,0,0,0,2
AAAB5A,4,1,0,0,0,2
AAAB5B,4,1,0,0,0,2
AAAB5C,4,1,0,0,0,2
AAAB5D,4,1,0,0,0,2
AAAB5E,4,1,0,0,0,2
AAAB5F,4,1,0,0,0,2
AAABI9,4,1,0,0,0,2
AAABIA,4,1,0,0,0,2
AAABIB,4,1,0,0,0,2
AAABIC,4,1,0,0,0,2
AAABID,4,1,0,0,0,2
AAABIE,4,1,0,0,0,2
AAABIF,4,1,0,0,0,2
AAABIG,4,1,0,0,0,2
AAABIH,4,1,0,0,0,2
AAABII,4,1,0,0,0,2
AAABIJ,4,1,0,0,0,2
AAABIK,4,1,0,0,0,2
AAABIL,4,1,0,0,0,2
AAABIM,4,1,0,0,0,2
AAABIN,4,1,0,0,0,2
AAABIO,4,1,0,0,0,2
AAABIP,4,1,0,0,0,2
AAABIQ,4,1,0,0,0,2
AAABIR,4,1,0,0,0,2
AAABIS,4,1,0,0,0,2
AAABIT,4,1,0,0,0,2
AAABIU,4,1,0,0,0,2
AAABIV,4,1,0,0,0,2
AAABIW,4,1,0,0,0,2
AAABIX,4,1,0,0,0,2
AAABIY,4,1,0,0,0,2
AAABIZ,4,1,0,0,0,2
AAABJ1,4,1,0,0,0,2
AAABJ2,4,1,0,0,0,2
AAABJ3,4,1,0,0,0,2
AAABJ4,4,1,0,0,0,2
AAABJ5,4,1,0,0,0,2
AAAAII,4,1,0,0,0,2
AAAAIJ,4,1,0,0,0,2
AAAAIK,4,1,0,0,0,2
AAAAIL,4,1,0,0,0,2
AAAAIM,4,1,0,0,0,2
AAAAIN,4,1,0,0,0,2
AAAAIO,4,1,0,0,0,2
AAAAIP,4,1,0,0,0,2
AAAAIQ,4,1,0,0,0,2
AAAAIR,4,1,0,0,0,2
AAAAIS,4,1,0,0,0,2
AAAAIT,4,1,0,0,0,2
AAAAIU,4,1,0,0,0,2
AAAAIV,4,1,0,0,0,2
AAAAIW,4,1,0,0,0,2
AAAAIX,4,1,0,0,0,2
AAAAIY,4,1,0,0,0,2
AAAAIZ,4,1,0,0,0,2
AAAAJ1,4,1,0,0,0,2
AAAAJ2,4,1,0,0,0,2
AAAAJ3,4,1,0,0,0,2
AAAAJ4,4,1,0,0,0,2
AAAAJ5,4,1,0,0,0,2
AAAAJ6,4,1,0,0,0,2
AAAAJ7,4,1,0,0,0,2
AAAAJ8,4,1,0,0,0,2
AAAAJ9,4,1,0,0,0,2
AAAAJA,4,1,0,0,0,2
AAAAJB,4,1,0,0,0,2
AAAAJC,4,1,0,0,0,2
AAAAJD,4,1,0,0,0,2
AAAAJE,4,1,0,0,0,2
AAABMT,4,1,0,0,0,2
AAABMU,4,1,0,0,0,2
AAABMV,4,1,0,0,0,2
AAABMW,4,1,0,0,0,2
AAABMX,4,1,0,0,0,2
AAABMY,4,1,0,0,0,2
AAABMZ,4,1,0,0,0,2
AAABN1,4,1,0,0,0,2
AAABN2,4,1,0,0,0,2
AAABN3,4,1,0,0,0,2
AAABN4,4,1,0,0,0,2
AAABN5,4,1,0,0,0,2
AAABN6,4,1,0,0,0,2
AAABN7,4,1,0,0,0,2
AAABN8,4,1,0,0,0,2
AAABN9,4,1,0,0,0,2
AAABNA,4,1,0,0,0,2
AAABNB,4,1,0,0,0,2
AAABNC,4,1,0,0,0,2
AAABND,4,1,0,0,0,2
AAABNE,4,1,0,0,0,2
AAABNF,4,1,0,0,0,2
AAABNG,4,1,0,0,0,2
AAABNH,4,1,0,0,0,2
AAABNI,4,1,0,0,0,2
AAABNJ,4,1,0,0,0,2
AAABNK,4,1,0,0,0,2
AAABNL,4,1,0,0,0,2
AAABNM,4,1,0,0,0,2
AAABNN,4,1,0,0,0,2
AAABNO,4,1,0,0,0,2
AAABNP,4,1,0,0,0,2
AAABAX,4,1,0,0,0,2
AAABAY,4,1,0,0,0,2
AAABAZ,4,1,0,0,0,2
AAABB1,4,1,0,0,0,2
AAABB2,4,1,0,0,0,2
AAABB3,4,1,0,0,0,2
AAABB4,4,1,0,0,0,2
AAABB5,4,1,0,0,0,2
AAABB6,4,1,0,0,0,2
AAABB7,4,1,0,0,0,2
AAABB8,4,1,0,0,0,2
AAABB9,4,1,0,0,0,2
AAABBA,4,1,0,0,0,2
AAABBB,4,1,0,0,0,2
AAABBC,4,1,0,0,0,2
AAABBD,4,1,0,0,0,2
AAABBE,4,1,0,0,0,2
AAABBF,4,1,0,0,0,2
AAABBG,4,1,0,0,0,2
AAABBH,4,1,0,0,0,2
AAABBI,4,1,0,0,0,2
AAABBJ,4,1,0,0,0,2
AAABBK,4,1,0,0,0,2
AAABBL,4,1,0,0,0,2
AAABBM,4,1,0,0,0,2
AAABBN,4,1,0,0,0,2
AAABBO,4,1,0,0,0,2
AAABBP,4,1,0,0,0,2
AAABBQ,4,1,0,0,0,2
AAABBR,4,1,0,0,0,2
AAABBS,4,1,0,0,0,2
AAABBT,4,1,0,0,0,2
AAABDO,4,1,0,0,0,2
AAABDP,4,1,0,0,0,2
AAABDQ,4,1,0,0,0,2
AAABDR,4,1,0,0,0,2
AAABDS,4,1,0,0,0,2
AAABDT,4,1,0,0,0,2
AAABDU,4,1,0,0,0,2
AAABDV,4,1,0,0,0,2
AAABDW,4,1,0,0,0,2
AAABDX,4,1,0,0,0,2
AAABDY,4,1,0,0,0,2
AAABDZ,4,1,0,0,0,2
AAABE1,4,1,0,0,0,2
AAABE2,4,1,0,0,0,2
AAABE3,4,1,0,0,0,2
AAABE4,4,1,0,0,0,2
AAABE5,4,1,0,0,0,2
AAABE6,4,1,0,0,0,2
AAABE7,4,1,0,0,0,2
AAABE8,4,1,0,0,0,2
AAABE9,4,1,0,0,0,2
AAABEA,4,1,0,0,0,2
AAABEB,4,1,0,0,0,2
AAABEC,4,1,0,0,0,2
AAABED,4,1,0,0,0,2
AAABEE,4,1,0,0,0,2
AAABEF,4,1,0,0,0,2
AAABEG,4,1,0,0,0,2
AAABEH,4,1,0,0,0,2
AAABEI,4,1,0,0,0,2
AAABEJ,4,1,0,0,0,2
AAABEK,4,1,0,0,0,2
AAAB6D,4,1,0,0,0,2
AAAB6E,4,1,0,0,0,2
AAAB6F,4,1,0,0,0,2
AAAB6G,4,1,0,0,0,2
AAAB6H,4,1,0,0,0,2
AAAB6I,4,1,0,0,0,2
AAAB6J,4,1,0,0,0,2
AAAB6K,4,1,0,0,0,2
AAAB6L,4,1,0,0,0,2
AAAB6M,4,1,0,0,0,2
AAAB6N,4,1,0,0,0,2
AAAB6O,4,1,0,0,0,2
AAAB6P,4,1,0,0,0,2
AAAB6Q,4,1,0,0,0,2
AAAB6R,4,1,0,0,0,2
AAAB6S,4,1,0,0,0,2
AAAB6T,4,1,0,0,0,2
AAAB6U,4,1,0,0,0,2
AAAB6V,4,1,0,0,0,2
AAAB6W,4,1,0,0,0,2
AAAB6X,4,1,0,0,0,2
AAAB6Y,4,1,0,0,0,2
AAAB6Z,4,1,0,0,0,2
AAAB71,4,1,0,0,0,2
AAAB72,4,1,0,0,0,2
AAAB73,4,1,0,0,0,2
AAAB74,4,1,0,0,0,2
AAAB75,4,1,0,0,0,2
AAAB76,4,1,0,0,0,2
AAAB77,4,1,0,0,0,2
AAAB78,4,1,0,0,0,2
AAAB79,4,1,0,0,0,2
AAAADX,4,1,0,0,0,2
AAAADY,4,1,0,0,0,2
AAAADZ,4,1,0,0,0,2
AAAAE1,4,1,0,0,0,2
AAAAE2,4,1,0,0,0,2
AAAAE3,4,1,0,0,0,2
AAAAE4,4,1,0,0,0,2
AAAAE5,4,1,0,0,0,2
AAAAE6,4,1,0,0,0,2
AAAAE7,4,1,0,0,0,2
AAAAE8,4,1,0,0,0,2
AAAAE9,4,1,0,0,0,2
AAAAEA,4,1,0,0,0,2
AAAAEB,4,1,0,0,0,2
AAAAEC,4,1,0,0,0,2
AAAAED,4,1,0,0,0,2
AAAAEE,4,1,0,0,0,2
AAAAEF,4,1,0,0,0,2
AAAAEG,4,1,0,0,0,2
AAAAEH,4,1,0,0,0,2
AAAAEI,4,1,0,0,0,2
AAAAEJ,4,1,0,0,0,2
AAAAEK,4,1,0,0,0,2
AAAAEL,4,1,0,0,0,2
AAAAEM,4,1,0,0,0,2
AAAAEN,4,1,0,0,0,2
AAAAEO,4,1,0,0,0,2
AAAAEP,4,1,0,0,0,2
AAAAEQ,4,1,0,0,0,2
AAAAER,4,1,0,0,0,2
AAAAES,4,1,0,0,0,2
AAAAET,4,1,0,0,0,2
AAABK3,4,1,0,0,0,2
AAABK4,4,1,0,0,0,2
AAABK5,4,1,0,0,0,2
AAABK6,4,1,0,0,0,2
AAABK7,4,1,0,0,0,2
AAABK8,4,1,0,0,0,2
AAABK9,4,1,0,0,0,2
AAABKA,4,1,0,0,0,2
AAABKB,4,1,0,0,0,2
AAABKC,4,1,0,0,0,2
AAABKD,4,1,0,0,0,2
AAABKE,4,1,0,0,0,2
AAABKF,4,1,0,0,0,2
AAABKG,4,1,0,0,0,2
AAABKH,4,1,0,0,0,2
AAABKI,4,1,0,0,0,2
AAABKJ,4,1,0,0,0,2
AAABKK,4,1,0,0,0,2
AAABKL,4,1,0,0,0,2
AAABKM,4,1,0,0,0,2
AAABKN,4,1,0,0,0,2
AAABKO,4,1,0,0,0,2
AAABKP,4,1,0,0,0,2
AAABKQ,4,1,0,0,0,2
AAABKR,4,1,0,0,0,2
AAABKS,4,1,0,0,0,2
AAABKT,4,1,0,0,0,2
AAABKU,4,1,0,0,0,2
AAABKV,4,1,0,0,0,2
AAABKW,4,1,0,0,0,2
AAABKX,4,1,0,0,0,2
AAABKY,4,1,0,0,0,2
AAAARN,4,1,0,0,0,2
AAAARO,4,1,0,0,0,2
AAAARP,4,1,0,0,0,2
AAAARQ,4,1,0,0,0,2
AAAARR,4,1,0,0,0,2
AAAARS,4,1,0,0,0,2
AAAART,4,1,0,0,0,2
AAAARU,4,1,0,0,0,2
AAAARV,4,1,0,0,0,2
AAAARW,4,1,0,0,0,2
AAAARX,4,1,0,0,0,2
AAAARY,4,1,0,0,0,2
AAAARZ,4,1,0,0,0,2
AAAAS1,4,1,0,0,0,2
AAAAS2,4,1,0,0,0,2
AAAAS3,4,1,0,0,0,2
AAAAS4,4,1,0,0,0,2
AAAAS5,4,1,0,0,0,2
AAAAS6,4,1,0,0,0,2
AAAAS7,4,1,0,0,0,2
AAAAS8,4,1,0,0,0,2
AAAAS9,4,1,0,0,0,2
AAAASA,4,1,0,0,0,2
AAAASB,4,1,0,0,0,2
AAAASC,4,1,0,0,0,2
AAAASD,4,1,0,0,0,2
AAAASE,4,1,0,0,0,2
AAAASF,4,1,0,0,0,2
AAAASG,4,1,0,0,0,2
AAAASH,4,1,0,0,0,2
AAAASI,4,1,0,0,0,2
AAAASJ,4,1,0,0,0,2
AAAAKC,4,1,0,0,0,2
AAAAKD,4,1,0,0,0,2
AAAAKE,4,1,0,0,0,2
AAAAKF,4,1,0,0,0,2
AAAAKG,4,1,0,0,0,2
AAAAKH,4,1,0,0,0,2
AAAAKI,4,1,0,0,0,2
AAAAKJ,4,1,0,0,0,2
AAAAKK,4,1,0,0,0,2
AAAAKL,4,1,0,0,0,2
AAAAKM,4,1,0,0,0,2
AAAAKN,4,1,0,0,0,2
AAAAKO,4,1,0,0,0,2
AAAAKP,4,1,0,0,0,2
AAAAKQ,4,1,0,0,0,2
AAAAKR,4,1,0,0,0,2
AAAAKS,4,1,0,0,0,2
AAAAKT,4,1,0,0,0,2
AAAAKU,4,1,0,0,0,2
AAAAKV,4,1,0,0,0,2
AAAAKW,4,1,0,0,0,2
AAAAKX,4,1,0,0,0,2
AAAAKY,4,1,0,0,0,2
AAAAKZ,4,1,0,0,0,2
AAAAL1,4,1,0,0,0,2
AAAAL2,4,1,0,0,0,2
AAAAL3,4,1,0,0,0,2
AAAAL4,4,1,0,0,0,2
AAAAL5,4,1,0,0,0,2
AAAAL6,4,1,0,0,0,2
AAAAL7,4,1,0,0,0,2
AAAAL8,4,1,0,0,0,2
AAAAW8,4,1,0,0,0,2
AAAAW9,4,1,0,0,0,2
AAAAWA,4,1,0,0,0,2
AAAAWB,4,1,0,0,0,2
AAAAWC,4,1,0,0,0,2
AAAAWD,4,1,0,0,0,2
AAAAWE,4,1,0,0,0,2
AAAAWF,4,1,0,0,0,2
AAAAWG,4,1,0,0,0,2
AAAAWH,4,1,0,0,0,2
AAAAWI,4,1,0,0,0,2
AAAAWJ,4,1,0,0,0,2
AAAAWK,4,1,0,0,0,2
AAAAWL,4,1,0,0,0,2
AAAAWM,4,1,0,0,0,2
AAAAWN,4,1,0,0,0,2
AAAAWO,4,1,0,0,0,2
AAAAWP,4,1,0,0,0,2
AAAAWQ,4,1,0,0,0,2
AAAAWR,4,1,0,0,0,2
AAAAWS,4,1,0,0,0,2
AAAAWT,4,1,0,0,0,2
AAAAWU,4,1,0,0,0,2
AAAAWV,4,1,0,0,0,2
AAAAWW,4,1,0,0,0,2
AAAAWX,4,1,0,0,0,2
AAAAWY,4,1,0,0,0,2
AAAAWZ,4,1,0,0,0,2
AAAAX1,4,1,0,0,0,2
AAAAX2,4,1,0,0,0,2
AAAAX3,4,1,0,0,0,2
AAAAX4,4,1,0,0,0,2
AAABON,4,1,0,0,0,2
AAABOO,4,1,0,0,0,2
AAABOP,4,1,0,0,0,2
AAABOQ,4,1,0,0,0,2
AAABOR,4,1,0,0,0,2
AAABOS,4,1,0,0,0,2
AAABOT,4,1,0,0,0,2
AAABOU,4,1,0,0,0,2
AAABOV,4,1,0,0,0,2
AAABOW,4,1,0,0,0,2
AAABOX,4,1,0,0,0,2
AAABOY,4,1,0,0,0,2
AAABOZ,4,1,0,0,0,2
AAABP1,4,1,0,0,0,2
AAABP2,4,1,0,0,0,2
AAABP3,4,1,0,0,0,2
AAABP4,4,1,0,0,0,2
AAABP5,4,1,0,0,0,2
AAABP6,4,1,0,0,0,2
AAABP7,4,1,0,0,0,2
AAABP8,4,1,0,0,0,2
AAABP9,4,1,0,0,0,2
AAABPA,4,1,0,0,0,2
AAABPB,4,1,0,0,0,2
AAABPC,4,1,0,0,0,2
AAABPD,4,1,0,0,0,2
AAABPE,4,1,0,0,0,2
AAABPF,4,1,0,0,0,2
AAABPG,4,1,0,0,0,2
AAABPH,4,1,0,0,0,2
AAABPI,4,1,0,0,0,2
AAABPJ,4,1,0,0,0,2
AAAAN3,4,1,0,0,0,2
AAAAN4,4,1,0,0,0,2
AAAAN5,4,1,0,0,0,2
AAAAN6,4,1,0,0,0,2
AAAAN7,4,1,0,0,0,2
AAAAN8,4,1,0,0,0,2
AAAAN9,4,1,0,0,0,2
AAAANA,4,1,0,0,0,2
AAAANB,4,1,0,0,0,2
AAAANC,4,1,0,0,0,2
AAAAND,4,1,0,0,0,2
AAAANE,4,1,0,0,0,2
AAAANF,4,1,0,0,0,2
AAAANG,4,1,0,0,0,2
AAAANH,4,1,0,0,0,2
AAAANI,4,1,0,0,0,2
AAAANJ,4,1,0,0,0,2
AAAANK,4,1,0,0,0,2
AAAANL,4,1,0,0,0,2
AAAANM,4,1,0,0,0,2
AAAANN,4,1,0,0,0,2
AAAANO,4,1,0,0,0,2
AAAANP,4,1,0,0,0,2
AAAANQ,4,1,0,0,0,2
AAAANR,4,1,0,0,0,2
AAAANS,4,1,0,0,0,2
AAAANT,4,1,0,0,0,2
AAAANU,4,1,0,0,0,2
AAAANV,4,1,0,0,0,2
AAAANW,4,1,0,0,0,2
AAAANX,4,1,0,0,0,2
AAAANY,4,1,0,0,0,2
AAAB1S,4,1,0,0,0,2
AAAB1T,4,1,0,0,0,2
AAAB1U,4,1,0,0,0,2
AAAB1V,4,1,0,0,0,2
AAAB1W,4,1,0,0,0,2
AAAB1X,4,1,0,0,0,2
AAAB1Y,4,1,0,0,0,2
AAAB1Z,4,1,0,0,0,2
AAAB21,4,1,0,0,0,2
AAAB22,4,1,0,0,0,2
AAAB23,4,1,0,0,0,2
AAAB24,4,1,0,0,0,2
AAAB25,4,1,0,0,0,2
AAAB26,4,1,0,0,0,2
AAAB27,4,1,0,0,0,2
AAAB28,4,1,0,0,0,2
AAAB29,4,1,0,0,0,2
AAAB2A,4,1,0,0,0,2
AAAB2B,4,1,0,0,0,2
AAAB2C,4,1,0,0,0,2
AAAB2D,4,1,0,0,0,2
AAAB2E,4,1,0,0,0,2
AAAB2F,4,1,0,0,0,2
AAAB2G,4,1,0,0,0,2
AAAB2H,4,1,0,0,0,2
AAAB2I,4,1,0,0,0,2
AAAB2J,4,1,0,0,0,2
AAAB2K,4,1,0,0,0,2
AAAB2L,4,1,0,0,0,2
AAAB2M,4,1,0,0,0,2
AAAB2N,4,1,0,0,0,2
AAAB2O,4,1,0,0,0,2
AAABFI,4,1,0,0,0,2
AAABFJ,4,1,0,0,0,2
AAABFK,4,1,0,0,0,2
AAABFL,4,1,0,0,0,2
AAABFM,4,1,0,0,0,2
AAABFN,4,1,0,0,0,2
AAABFO,4,1,0,0,0,2
AAABFP,4,1,0,0,0,2
AAABFQ,4,1,0,0,0,2
AAABFR,4,1,0,0,0,2
AAABFS,4,1,0,0,0,2
AAABFT,4,1,0,0,0,2
AAABFU,4,1,0,0,0,2
AAABFV,4,1,0,0,0,2
AAABFW,4,1,0,0,0,2
AAABFX,4,1,0,0,0,2
AAABFY,4,1,0,0,0,2
AAABFZ,4,1,0,0,0,2
AAABG1,4,1,0,0,0,2
AAABG2,4,1,0,0,0,2
AAABG3,4,1,0,0,0,2
AAABG4,4,1,0,0,0,2
AAABG5,4,1,0,0,0,2
AAABG6,4,1,0,0,0,2
AAABG7,4,1,0,0,0,2
AAABG8,4,1,0,0,0,2
AAABG9,4,1,0,0,0,2
AAABGA,4,1,0,0,0,2
AAABGB,4,1,0,0,0,2
AAABGC,4,1,0,0,0,2
AAABGD,4,1,0,0,0,2
AAABGE,4,1,0,0,0,2
AAAAFR,4,1,0,0,0,2
AAAAFS,4,1,0,0,0,2
AAAAFT,4,1,0,0,0,2
AAAAFU,4,1,0,0,0,2
AAAAFV,4,1,0,0,0,2
AAAAFW,4,1,0,0,0,2
AAAAFX,4,1,0,0,0,2
AAAAFY,4,1,0,0,0,2
AAAAFZ,4,1,0,0,0,2
AAAAG1,4,1,0,0,0,2
AAAAG2,4,1,0,0,0,2
AAAAG3,4,1,0,0,0,2
AAAAG4,4,1,0,0,0,2
AAAAG5,4,1,0,0,0,2
AAAAG6,4,1,0,0,0,2
AAAAG7,4,1,0,0,0,2
AAAAG8,4,1,0,0,0,2
AAAAG9,4,1,0,0,0,2
AAAAGA,4,1,0,0,0,2
AAAAGB,4,1,0,0,0,2
AAAAGC,4,1,0,0,0,2
AAAAGD,4,1,0,0,0,2
AAAAGE,4,1,0,0,0,2
AAAAGF,4,1,0,0,0,2
AAAAGG,4,1,0,0,0,2
AAAAGH,4,1,0,0,0,2
AAAAGI,4,1,0,0,0,2
AAAAGJ,4,1,0,0,0,2
AAAAGK,4,1,0,0,0,2
AAAAGL,4,1,0,0,0,2
AAAAGM,4,1,0,0,0,2
AAAAGN,4,1,0,0,0,2
AAAATH,4,1,0,0,0,2
AAAATI,4,1,0,0,0,2
AAAATJ,4,1,0,0,0,2
AAAATK,4,1,0,0,0,2
AAAATL,4,1,0,0,0,2
AAAATM,4,1,0,0,0,2
AAAATN,4,1,0,0,0,2
AAAATO,4,1,0,0,0,2
AAAATP,4,1,0,0,0,2
AAAATQ,4,1,0,0,0,2
AAAATR,4,1,0,0,0,2
AAAATS,4,1,0,0,0,2
AAAATT,4,1,0,0,0,2
AAAATU,4,1,0,0,0,2
AAAATV,4,1,0,0,0,2
AAAATW,4,1,0,0,0,2
AAAATX,4,1,0,0,0,2
AAAATY,4,1,0,0,0,2
AAAATZ,4,1,0,0,0,2
AAAAU1,4,1,0,0,0,2
AAAAU2,4,1,0,0,0,2
AAAAU3,4,1,0,0,0,2
AAAAU4,4,1,0,0,0,2
AAAAU5,4,1,0,0,0,2
AAAAU6,4,1,0,0,0,2
AAAAU7,4,1,0,0,0,2
AAAAU8,4,1,0,0,0,2
AAAAU9,4,1,0,0,0,2
AAAAUA,4,1,0,0,0,2
AAAAUB,4,1,0,0,0,2
AAAAUC,4,1,0,0,0,2
AAAAUD,4,1,0,0,0,2
AAAB87,4,1,0,0,0,2
AAAB88,4,1,0,0,0,2
AAAB89,4,1,0,0,0,2
AAAB8A,4,1,0,0,0,2
AAAB8B,4,1,0,0,0,2
AAAB8C,4,1,0,0,0,2
AAAB8D,4,1,0,0,0,2
AAAB8E,4,1,0,0,0,2
AAAB8F,4,1,0,0,0,2
AAAB8G,4,1,0,0,0,2
AAAB8H,4,1,0,0,0,2
AAAB8I,4,1,0,0,0,2
AAAB8J,4,1,0,0,0,2
AAAB8K,4,1,0,0,0,2
AAAB8L,4,1,0,0,0,2
AAAB8M,4,1,0,0,0,2
AAAB8N,4,1,0,0,0,2
AAAB8O,4,1,0,0,0,2
AAAB8P,4,1,0,0,0,2
AAAB8Q,4,1,0,0,0,2
AAAB8R,4,1,0,0,0,2
AAAB8S,4,1,0,0,0,2
AAAB8T,4,1,0,0,0,2
AAAB8U,4,1,0,0,0,2
AAAB8V,4,1,0,0,0,2
AAAB8W,4,1,0,0,0,2
AAAB8X,4,1,0,0,0,2
AAAB8Y,4,1,0,0,0,2
AAAB8Z,4,1,0,0,0,2
AAAB91,4,1,0,0,0,2
AAAB92,4,1,0,0,0,2
AAAB93,4,1,0,0,0,2
AAAAY2,4,1,0,0,0,2
AAAAY3,4,1,0,0,0,2
AAAAY4,4,1,0,0,0,2
AAAAY5,4,1,0,0,0,2
AAAAY6,4,1,0,0,0,2
AAAAY7,4,1,0,0,0,2
AAAAY8,4,1,0,0,0,2
AAAAY9,4,1,0,0,0,2
AAAAYA,4,1,0,0,0,2
AAAAYB,4,1,0,0,0,2
AAAAYC,4,1,0,0,0,2
AAAAYD,4,1,0,0,0,2
AAAAYE,4,1,0,0,0,2
AAAAYF,4,1,0,0,0,2
AAAAYG,4,1,0,0,0,2
AAAAYH,4,1,0,0,0,2
AAAAYI,4,1,0,0,0,2
AAAAYJ,4,1,0,0,0,2
AAAAYK,4,1,0,0,0,2
AAAAYL,4,1,0,0,0,2
AAAAYM,4,1,0,0,0,2
AAAAYN,4,1,0,0,0,2
AAAAYO,4,1,0,0,0,2
AAAAYP,4,1,0,0,0,2
AAAAYQ,4,1,0,0,0,2
AAAAYR,4,1,0,0,0,2
AAAAYS,4,1,0,0,0,2
AAAAYT,4,1,0,0,0,2
AAAAYU,4,1,0,0,0,2
AAAAYV,4,1,0,0,0,2
AAAAYW,4,1,0,0,0,2
AAAAYX,4,1,0,0,0,2
AAAB3M,4,1,0,0,0,2
AAAB3N,4,1,0,0,0,2
AAAB3O,4,1,0,0,0,2
AAAB3P,4,1,0,0,0,2
AAAB3Q,4,1,0,0,0,2
AAAB3R,4,1,0,0,0,2
AAAB3S,4,1,0,0,0,2
AAAB3T,4,1,0,0,0,2
AAAB3U,4,1,0,0,0,2
AAAB3V,4,1,0,0,0,2
AAAB3W,4,1,0,0,0,2
AAAB3X,4,1,0,0,0,2
AAAB3Y,4,1,0,0,0,2
AAAB3Z,4,1,0,0,0,2
AAAB41,4,1,0,0,0,2
AAAB42,4,1,0,0,0,2
AAAB43,4,1,0,0,0,2
AAAB44,4,1,0,0,0,2
AAAB45,4,1,0,0,0,2
AAAB46,4,1,0,0,0,2
AAAB47,4,1,0,0,0,2
AAAB48,4,1,0,0,0,2
AAAB49,4,1,0,0,0,2
AAAB4A,4,1,0,0,0,2
AAAB4B,4,1,0,0,0,2
AAAB4C,4,1,0,0,0,2
AAAB4D,4,1,0,0,0,2
AAAB4E,4,1,0,0,0,2
AAAB4F,4,1,0,0,0,2
AAAB4G,4,1,0,0,0,2
AAAB4H,4,1,0,0,0,2
AAAB4I,4,1,0,0,0,2
AAAAB7,4,1,0,0,0,2
AAAAB8,4,1,0,0,0,2
AAAAB9,4,1,0,0,0,2
AAAABA,4,1,0,0,0,2
AAAABB,4,1,0,0,0,2
AAAABC,4,1,0,0,0,2
AAAABD,4,1,0,0,0,2
AAAABE,4,1,0,0,0,2
AAAABF,4,1,0,0,0,2
AAAABG,4,1,0,0,0,2
AAAABH,4,1,0,0,0,2
AAAABI,4,1,0,0,0,2
AAAABJ,4,1,0,0,0,2
AAAABK,4,1,0,0,0,2
AAAABL,4,1,0,0,0,2
AAAABM,4,1,0,0,0,2
AAAABN,4,1,0,0,0,2
AAAABO,4,1,0,0,0,2
AAAABP,4,1,0,0,0,2
AAAABQ,4,1,0,0,0,2
AAAABR,4,1,0,0,0,2
AAAABS,4,1,0,0,0,2
AAAABT,4,1,0,0,0,2
AAAABU,4,1,0,0,0,2
AAAABV,4,1,0,0,0,2
AAAABW,4,1,0,0,0,2
AAAABX,4,1,0,0,0,2
AAAABY,4,1,0,0,0,2
AAAABZ,4,1,0,0,0,2
AAAAC1,4,1,0,0,0,2
AAAAC2,4,1,0,0,0,2
AAAAC3,4,1,0,0,0,2
AAABHC,4,1,0,0,0,2
AAABHD,4,1,0,0,0,2
AAABHE,4,1,0,0,0,2
AAABHF,4,1,0,0,0,2
AAABHG,4,1,0,0,0,2
AAABHH,4,1,0,0,0,2
AAABHI,4,1,0,0,0,2
AAABHJ,4,1,0,0,0,2
AAABHK,4,1,0,0,0,2
AAABHL,4,1,0,0,0,2
AAABHM,4,1,0,0,0,2
AAABHN,4,1,0,0,0,2
AAABHO,4,1,0,0,0,2
AAABHP,4,1,0,0,0,2
AAABHQ,4,1,0,0,0,2
AAABHR,4,1,0,0,0,2
AAABHS,4,1,0,0,0,2
AAABHT,4,1,0,0,0,2
AAABHU,4,1,0,0,0,2
AAABHV,4,1,0,0,0,2
AAABHW,4,1,0,0,0,2
AAABHX,4,1,0,0,0,2
AAABHY,4,1,0,0,0,2
AAABHZ,4,1,0,0,0,2
AAABI1,4,1,0,0,0,2
AAABI2,4,1,0,0,0,2
AAABI3,4,1,0,0,0,2
AAABI4,4,1,0,0,0,2
AAABI5,4,1,0,0,0,2
AAABI6,4,1,0,0,0,2
AAABI7,4,1,0,0,0,2
AAABI8,4,1,0,0,0,2
AAABBU,4,1,0,0,0,2
AAABBV,4,1,0,0,0,2
AAABBW,4,1,0,0,0,2
AAABBX,4,1,0,0,0,2
AAABBY,4,1,0,0,0,2
AAABBZ,4,1,0,0,0,2
AAABC1,4,1,0,0,0,2
AAABC2,4,1,0,0,0,2
AAABC3,4,1,0,0,0,2
AAABC4,4,1,0,0,0,2
AAABC5,4,1,0,0,0,2
AAABC6,4,1,0,0,0,2
AAABC7,4,1,0,0,0,2
AAABC8,4,1,0,0,0,2
AAABC9,4,1,0,0,0,2
AAABCA,4,1,0,0,0,2
AAABCB,4,1,0,0,0,2
AAABCC,4,1,0,0,0,2
AAABCD,4,1,0,0,0,2
AAABCE,4,1,0,0,0,2
AAABCF,4,1,0,0,0,2
AAABCG,4,1,0,0,0,2
AAABCH,4,1,0,0,0,2
AAABCI,4,1,0,0,0,2
AAABCJ,4,1,0,0,0,2
AAABCK,4,1,0,0,0,2
AAABCL,4,1,0,0,0,2
AAABCM,4,1,0,0,0,2
AAABCN,4,1,0,0,0,2
AAABCO,4,1,0,0,0,2
AAABCP,4,1,0,0,0,2
AAABCQ,4,1,0,0,0,2
AAAAOW,4,1,0,0,0,2
AAAAOX,4,1,0,0,0,2
AAAAOY,4,1,0,0,0,2
AAAAOZ,4,1,0,0,0,2
AAAAP1,4,1,0,0,0,2
AAAAP2,4,1,0,0,0,2
AAAAP3,4,1,0,0,0,2
AAAAP4,4,1,0,0,0,2
AAAAP5,4,1,0,0,0,2
AAAAP6,4,1,0,0,0,2
AAAAP7,4,1,0,0,0,2
AAAAP8,4,1,0,0,0,2
AAAAP9,4,1,0,0,0,2
AAAAPA,4,1,0,0,0,2
AAAAPB,4,1,0,0,0,2
AAAAPC,4,1,0,0,0,2
AAAAPD,4,1,0,0,0,2
AAAAPE,4,1,0,0,0,2
AAAAPF,4,1,0,0,0,2
AAAAPG,4,1,0,0,0,2
AAAAPH,4,1,0,0,0,2
AAAAPI,4,1,0,0,0,2
AAAAPJ,4,1,0,0,0,2
AAAAPK,4,1,0,0,0,2
AAAAPL,4,1,0,0,0,2
AAAAPM,4,1,0,0,0,2
AAAAPN,4,1,0,0,0,2
AAAAPO,4,1,0,0,0,2
AAAAPP,4,1,0,0,0,2
AAAAPQ,4,1,0,0,0,2
AAAAPR,4,1,0,0,0,2
AAAAPS,4,1,0,0,0,2
AAAAHL,4,1,0,0,0,2
AAAAHM,4,1,0,0,0,2
AAAAHN,4,1,0,0,0,2
AAAAHO,4,1,0,0,0,2
AAAAHP,4,1,0,0,0,2
AAAAHQ,4,1,0,0,0,2
AAAAHR,4,1,0,0,0,2
AAAAHS,4,1,0,0,0,2
AAAAHT,4,1,0,0,0,2
AAAAHU,4,1,0,0,0,2
AAAAHV,4,1,0,0,0,2
AAAAHW,4,1,0,0,0,2
AAAAHX,4,1,0,0,0,2
AAAAHY,4,1,0,0,0,2
AAAAHZ,4,1,0,0,0,2
AAAAI1,4,1,0,0,0,2
AAAAI2,4,1,0,0,0,2
AAAAI3,4,1,0,0,0,2
AAAAI4,4,1,0,0,0,2
AAAAI5,4,1,0,0,0,2
AAAAI6,4,1,0,0,0,2
AAAAI7,4,1,0,0,0,2
AAAAI8,4,1,0,0,0,2
AAAAI9,4,1,0,0,0,2
AAAAIA,4,1,0,0,0,2
AAAAIB,4,1,0,0,0,2
AAAAIC,4,1,0,0,0,2
AAAAID,4,1,0,0,0,2
AAAAIE,4,1,0,0,0,2
AAAAIF,4,1,0,0,0,2
AAAAIG,4,1,0,0,0,2
AAAAIH,4,1,0,0,0,2
AAAB7A,4,1,0,0,0,2
AAAB7B,4,1,0,0,0,2
AAAB7C,4,1,0,0,0,2
AAAB7D,4,1,0,0,0,2
AAAB7E,4,1,0,0,0,2
AAAB7F,4,1,0,0,0,2
AAAB7G,4,1,0,0,0,2
AAAB7H,4,1,0,0,0,2
AAAB7I,4,1,0,0,0,2
AAAB7J,4,1,0,0,0,2
AAAB7K,4,1,0,0,0,2
AAAB7L,4,1,0,0,0,2
AAAB7M,4,1,0,0,0,2
AAAB7N,4,1,0,0,0,2
AAAB7O,4,1,0,0,0,2
AAAB7P,4,1,0,0,0,2
AAAB7Q,4,1,0,0,0,2
AAAB7R,4,1,0,0,0,2
AAAB7S,4,1,0,0,0,2
AAAB7T,4,1,0,0,0,2
AAAB7U,4,1,0,0,0,2
AAAB7V,4,1,0,0,0,2
AAAB7W,4,1,0,0,0,2
AAAB7X,4,1,0,0,0,2
AAAB7Y,4,1,0,0,0,2
AAAB7Z,4,1,0,0,0,2
AAAB81,4,1,0,0,0,2
AAAB82,4,1,0,0,0,2
AAAB83,4,1,0,0,0,2
AAAB84,4,1,0,0,0,2
AAAB85,4,1,0,0,0,2
AAAB86,4,1,0,0,0,2
AAABLW,4,1,0,0,0,2
AAABLX,4,1,0,0,0,2
AAABLY,4,1,0,0,0,2
AAABLZ,4,1,0,0,0,2
AAABM1,4,1,0,0,0,2
AAABM2,4,1,0,0,0,2
AAABM3,4,1,0,0,0,2
AAABM4,4,1,0,0,0,2
AAABM5,4,1,0,0,0,2
AAABM6,4,1,0,0,0,2
AAABM7,4,1,0,0,0,2
AAABM8,4,1,0,0,0,2
AAABM9,4,1,0,0,0,2
AAABMA,4,1,0,0,0,2
AAABMB,4,1,0,0,0,2
AAABMC,4,1,0,0,0,2
AAABMD,4,1,0,0,0,2
AAABME,4,1,0,0,0,2
AAABMF,4,1,0,0,0,2
AAABMG,4,1,0,0,0,2
AAABMH,4,1,0,0,0,2
AAABMI,4,1,0,0,0,2
AAABMJ,4,1,0,0,0,2
AAABMK,4,1,0,0,0,2
AAABML,4,1,0,0,0,2
AAABMM,4,1,0,0,0,2
AAABMN,4,1,0,0,0,2
AAABMO,4,1,0,0,0,2
AAABMP,4,1,0,0,0,2
AAABMQ,4,1,0,0,0,2
AAABMR,4,1,0,0,0,2
AAABMS,4,1,0,0,0,2
AAABKZ,4,1,0,0,0,2
AAABL1,4,1,0,0,0,2
AAABL2,4,1,0,0,0,2
AAABL3,4,1,0,0,0,2
AAABL4,4,1,0,0,0,2
AAABL5,4,1,0,0,0,2
AAABL6,4,1,0,0,0,2
AAABL7,4,1,0,0,0,2
AAABL8,4,1,0,0,0,2
AAABL9,4,1,0,0,0,2
AAABLA,4,1,0,0,0,2
AAABLB,4,1,0,0,0,2
AAABLC,4,1,0,0,0,2
AAABLD,4,1,0,0,0,2
AAABLE,4,1,0,0,0,2
AAABLF,4,1,0,0,0,2
AAABLG,4,1,0,0,0,2
AAABLH,4,1,0,0,0,2
AAABLI,4,1,0,0,0,2
AAABLJ,4,1,0,0,0,2
AAABLK,4,1,0,0,0,2
AAABLL,4,1,0,0,0,2
AAABLM,4,1,0,0,0,2
AAABLN,4,1,0,0,0,2
AAABLO,4,1,0,0,0,2
AAABLP,4,1,0,0,0,2
AAABLQ,4,1,0,0,0,2
AAABLR,4,1,0,0,0,2
AAABLS,4,1,0,0,0,2
AAABLT,4,1,0,0,0,2
AAABLU,4,1,0,0,0,2
AAABLV,4,1,0,0,0,2
AAABCR,4,1,0,0,0,2
AAABCS,4,1,0,0,0,2
AAABCT,4,1,0,0,0,2
AAABCU,4,1,0,0,0,2
AAABCV,4,1,0,0,0,2
AAABCW,4,1,0,0,0,2
AAABCX,4,1,0,0,0,2
AAABCY,4,1,0,0,0,2
AAABCZ,4,1,0,0,0,2
AAABD1,4,1,0,0,0,2
AAABD2,4,1,0,0,0,2
AAABD3,4,1,0,0,0,2
AAABD4,4,1,0,0,0,2
AAABD5,4,1,0,0,0,2
AAABD6,4,1,0,0,0,2
AAABD7,4,1,0,0,0,2
AAABD8,4,1,0,0,0,2
AAABD9,4,1,0,0,0,2
AAABDA,4,1,0,0,0,2
AAABDB,4,1,0,0,0,2
AAABDC,4,1,0,0,0,2
AAABDD,4,1,0,0,0,2
AAABDE,4,1,0,0,0,2
AAABDF,4,1,0,0,0,2
AAABDG,4,1,0,0,0,2
AAABDH,4,1,0,0,0,2
AAABDI,4,1,0,0,0,2
AAABDJ,4,1,0,0,0,2
AAABDK,4,1,0,0,0,2
AAABDL,4,1,0,0,0,2
AAABDM,4,1,0,0,0,2
AAABDN,4,1,0,0,0,2
AAAAL9,4,1,0,0,0,2
AAAALA,4,1,0,0,0,2
AAAALB,4,1,0,0,0,2
AAAALC,4,1,0,0,0,2
AAAALD,4,1,0,0,0,2
AAAALE,4,1,0,0,0,2
AAAALF,4,1,0,0,0,2
AAAALG,4,1,0,0,0,2
AAAALH,4,1,0,0,0,2
AAAALI,4,1,0,0,0,2
AAAALJ,4,1,0,0,0,2
AAAALK,4,1,0,0,0,2
AAAALL,4,1,0,0,0,2
AAAALM,4,1,0,0,0,2
AAAALN,4,1,0,0,0,2
AAAALO,4,1,0,0,0,2
AAAALP,4,1,0,0,0,2
AAAALQ,4,1,0,0,0,2
AAAALR,4,1,0,0,0,2
AAAALS,4,1,0,0,0,2
AAAALT,4,1,0,0,0,2
AAAALU,4,1,0,0,0,2
AAAALV,4,1,0,0,0,2
AAAALW,4,1,0,0,0,2
AAAALX,4,1,0,0,0,2
AAAALY,4,1,0,0,0,2
AAAALZ,4,1,0,0,0,2
AAAAM1,4,1,0,0,0,2
AAAAM2,4,1,0,0,0,2
AAAAM3,4,1,0,0,0,2
AAAAM4,4,1,0,0,0,2
AAAAM5,4,1,0,0,0,2
AAAAD1,4,1,0,0,0,2
AAAAD2,4,1,0,0,0,2
AAAAD3,4,1,0,0,0,2
AAAAD4,4,1,0,0,0,2
AAAAD5,4,1,0,0,0,2
AAAAD6,4,1,0,0,0,2
AAAAD7,4,1,0,0,0,2
AAAAD8,4,1,0,0,0,2
AAAAD9,4,1,0,0,0,2
AAAADA,4,1,0,0,0,2
AAAADB,4,1,0,0,0,2
AAAADC,4,1,0,0,0,2
AAAADD,4,1,0,0,0,2
AAAADE,4,1,0,0,0,2
AAAADF,4,1,0,0,0,2
AAAADG,4,1,0,0,0,2
AAAADH,4,1,0,0,0,2
AAAADI,4,1,0,0,0,2
AAAADJ,4,1,0,0,0,2
AAAADK,4,1,0,0,0,2
AAAADL,4,1,0,0,0,2
AAAADM,4,1,0,0,0,2
AAAADN,4,1,0,0,0,2
AAAADO,4,1,0,0,0,2
AAAADP,4,1,0,0,0,2
AAAADQ,4,1,0,0,0,2
AAAADR,4,1,0,0,0,2
AAAADS,4,1,0,0,0,2
AAAADT,4,1,0,0,0,2
AAAADU,4,1,0,0,0,2
AAAADV,4,1,0,0,0,2
AAAADW,4,1,0,0,0,2
AAABPK,4,1,0,0,0,2
AAABPL,4,1,0,0,0,2
AAABPM,4,1,0,0,0,2
AAABPN,4,1,0,0,0,2
AAABPO,4,1,0,0,0,2
AAABPP,4,1,0,0,0,2
AAABPQ,4,1,0,0,0,2
AAABPR,4,1,0,0,0,2
AAABPS,4,1,0,0,0,2
AAABPT,4,1,0,0,0,2
AAABPU,4,1,0,0,0,2
AAABPV,4,1,0,0,0,2
AAABPW,4,1,0,0,0,2
AAABPX,4,1,0,0,0,2
AAABPY,4,1,0,0,0,2
AAABPZ,4,1,0,0,0,2
AAABQ1,4,1,0,0,0,2
AAABQ2,4,1,0,0,0,2
AAABQ3,4,1,0,0,0,2
AAABQ4,4,1,0,0,0,2
AAABQ5,4,1,0,0,0,2
AAABQ6,4,1,0,0,0,2
AAABQ7,4,1,0,0,0,2
AAABQ8,4,1,0,0,0,2
AAABQ9,4,1,0,0,0,2
AAABQA,4,1,0,0,0,2
AAABQB,4,1,0,0,0,2
AAABQC,4,1,0,0,0,2
AAABQD,4,1,0,0,0,2
AAABQE,4,1,0,0,0,2
AAABQF,4,1,0,0,0,2
AAABQG,4,1,0,0,0,2
AAAAQQ,4,1,0,0,0,2
AAAAQR,4,1,0,0,0,2
AAAAQS,4,1,0,0,0,2
AAAAQT,4,1,0,0,0,2
AAAAQU,4,1,0,0,0,2
AAAAQV,4,1,0,0,0,2
AAAAQW,4,1,0,0,0,2
AAAAQX,4,1,0,0,0,2
AAAAQY,4,1,0,0,0,2
AAAAQZ,4,1,0,0,0,2
AAAAR1,4,1,0,0,0,2
AAAAR2,4,1,0,0,0,2
AAAAR3,4,1,0,0,0,2
AAAAR4,4,1,0,0,0,2
AAAAR5,4,1,0,0,0,2
AAAAR6,4,1,0,0,0,2
AAAAR7,4,1,0,0,0,2
AAAAR8,4,1,0,0,0,2
AAAAR9,4,1,0,0,0,2
AAAARA,4,1,0,0,0,2
AAAARB,4,1,0,0,0,2
AAAARC,4,1,0,0,0,2
AAAARD,4,1,0,0,0,2
AAAARE,4,1,0,0,0,2
AAAARF,4,1,0,0,0,2
AAAARG,4,1,0,0,0,2
AAAARH,4,1,0,0,0,2
AAAARI,4,1,0,0,0,2
AAAARJ,4,1,0,0,0,2
AAAARK,4,1,0,0,0,2
AAAARL,4,1,0,0,0,2
AAAARM,4,1,0,0,0,2
AAAB2P,4,1,0,0,0,2
AAAB2Q,4,1,0,0,0,2
AAAB2R,4,1,0,0,0,2
AAAB2S,4,1,0,0,0,2
AAAB2T,4,1,0,0,0,2
AAAB2U,4,1,0,0,0,2
AAAB2V,4,1,0,0,0,2
AAAB2W,4,1,0,0,0,2
AAAB2X,4,1,0,0,0,2
AAAB2Y,4,1,0,0,0,2
AAAB2Z,4,1,0,0,0,2
AAAB31,4,1,0,0,0,2
AAAB32,4,1,0,0,0,2
AAAB33,4,1,0,0,0,2
AAAB34,4,1,0,0,0,2
AAAB35,4,1,0,0,0,2
AAAB36,4,1,0,0,0,2
AAAB37,4,1,0,0,0,2
AAAB38,4,1,0,0,0,2
AAAB39,4,1,0,0,0,2
AAAB3A,4,1,0,0,0,2
AAAB3B,4,1,0,0,0,2
AAAB3C,4,1,0,0,0,2
AAAB3D,4,1,0,0,0,2
AAAB3E,4,1,0,0,0,2
AAAB3F,4,1,0,0,0,2
AAAB3G,4,1,0,0,0,2
AAAB3H,4,1,0,0,0,2
AAAB3I,4,1,0,0,0,2
AAAB3J,4,1,0,0,0,2
AAAB3K,4,1,0,0,0,2
AAAB3L,4,1,0,0,0,2
AAAAVB,4,1,0,0,0,2
AAAAVC,4,1,0,0,0,2
AAAAVD,4,1,0,0,0,2
AAAAVE,4,1,0,0,0,2
AAAAVF,4,1,0,0,0,2
AAAAVG,4,1,0,0,0,2
AAAAVH,4,1,0,0,0,2
AAAAVI,4,1,0,0,0,2
AAAAVJ,4,1,0,0,0,2
AAAAVK,4,1,0,0,0,2
AAAAVL,4,1,0,0,0,2
AAAAVM,4,1,0,0,0,2
AAAAVN,4,1,0,0,0,2
AAAAVO,4,1,0,0,0,2
AAAAVP,4,1,0,0,0,2
AAAAVQ,4,1,0,0,0,2
AAAAVR,4,1,0,0,0,2
AAAAVS,4,1,0,0,0,2
AAAAVT,4,1,0,0,0,2
AAAAVU,4,1,0,0,0,2
AAAAVV,4,1,0,0,0,2
AAAAVW,4,1,0,0,0,2
AAAAVX,4,1,0,0,0,2
AAAAVY,4,1,0,0,0,2
AAAAVZ,4,1,0,0,0,2
AAAAW1,4,1,0,0,0,2
AAAAW2,4,1,0,0,0,2
AAAAW3,4,1,0,0,0,2
AAAAW4,4,1,0,0,0,2
AAAAW5,4,1,0,0,0,2
AAAAW6,4,1,0,0,0,2
AAAAW7,4,1,0,0,0,2
AAABGF,4,1,0,0,0,2
AAABGG,4,1,0,0,0,2
AAABGH,4,1,0,0,0,2
AAABGI,4,1,0,0,0,2
AAABGJ,4,1,0,0,0,2
AAABGK,4,1,0,0,0,2
AAABGL,4,1,0,0,0,2
AAABGM,4,1,0,0,0,2
AAABGN,4,1,0,0,0,2
AAABGO,4,1,0,0,0,2
AAABGP,4,1,0,0,0,2
AAABGQ,4,1,0,0,0,2
AAABGR,4,1,0,0,0,2
AAABGS,4,1,0,0,0,2
AAABGT,4,1,0,0,0,2
AAABGU,4,1,0,0,0,2
AAABGV,4,1,0,0,0,2
AAABGW,4,1,0,0,0,2
AAABGX,4,1,0,0,0,2
AAABGY,4,1,0,0,0,2
AAABGZ,4,1,0,0,0,2
AAABH1,4,1,0,0,0,2
AAABH2,4,1,0,0,0,2
AAABH3,4,1,0,0,0,2
AAABH4,4,1,0,0,0,2
AAABH5,4,1,0,0,0,2
AAABH6,4,1,0,0,0,2
AAABH7,4,1,0,0,0,2
AAABH8,4,1,0,0,0,2
AAABH9,4,1,0,0,0,2
AAABHA,4,1,0,0,0,2
AAABHB,4,1,0,0,0,2
AAAAM6,4,1,0,0,0,2
AAAAM7,4,1,0,0,0,2
AAAAM8,4,1,0,0,0,2
AAAAM9,4,1,0,0,0,2
AAAAMA,4,1,0,0,0,2
AAAAMB,4,1,0,0,0,2
AAAAMC,4,1,0,0,0,2
AAAAMD,4,1,0,0,0,2
AAAAME,4,1,0,0,0,2
AAAAMF,4,1,0,0,0,2
AAAAMG,4,1,0,0,0,2
AAAAMH,4,1,0,0,0,2
AAAAMI,4,1,0,0,0,2
AAAAMJ,4,1,0,0,0,2
AAAAMK,4,1,0,0,0,2
AAAAML,4,1,0,0,0,2
AAAAMM,4,1,0,0,0,2
AAAAMN,4,1,0,0,0,2
AAAAMO,4,1,0,0,0,2
AAAAMP,4,1,0,0,0,2
AAAAMQ,4,1,0,0,0,2
AAAAMR,4,1,0,0,0,2
AAAAMS,4,1,0,0,0,2
AAAAMT,4,1,0,0,0,2
AAAAMU,4,1,0,0,0,2
AAAAMV,4,1,0,0,0,2
AAAAMW,4,1,0,0,0,2
AAAAMX,4,1,0,0,0,2
AAAAMY,4,1,0,0,0,2
AAAAMZ,4,1,0,0,0,2
AAAAN1,4,1,0,0,0,2
AAAAN2,4,1,0,0,0,2
AAAAGO,4,1,0,0,0,2
AAAAGP,4,1,0,0,0,2
AAAAGQ,4,1,0,0,0,2
AAAAGR,4,1,0,0,0,2
AAAAGS,4,1,0,0,0,2
AAAAGT,4,1,0,0,0,2
AAAAGU,4,1,0,0,0,2
AAAAGV,4,1,0,0,0,2
AAAAGW,4,1,0,0,0,2
AAAAGX,4,1,0,0,0,2
AAAAGY,4,1,0,0,0,2
AAAAGZ,4,1,0,0,0,2
AAAAH1,4,1,0,0,0,2
AAAAH2,4,1,0,0,0,2
AAAAH3,4,1,0,0,0,2
AAAAH4,4,1,0,0,0,2
AAAAH5,4,1,0,0,0,2
AAAAH6,4,1,0,0,0,2
AAAAH7,4,1,0,0,0,2
AAAAH8,4,1,0,0,0,2
AAAAH9,4,1,0,0,0,2
AAAAHA,4,1,0,0,0,2
AAAAHB,4,1,0,0,0,2
AAAAHC,4,1,0,0,0,2
AAAAHD,4,1,0,0,0,2
AAAAHE,4,1,0,0,0,2
AAAAHF,4,1,0,0,0,2
AAAAHG,4,1,0,0,0,2
AAAAHH,4,1,0,0,0,2
AAAAHI,4,1,0,0,0,2
AAAAHJ,4,1,0,0,0,2
AAAAHK,4,1,0,0,0,2
AAAAUE,4,1,0,0,0,2
AAAAUF,4,1,0,0,0,2
AAAAUG,4,1,0,0,0,2
AAAAUH,4,1,0,0,0,2
AAAAUI,4,1,0,0,0,2
AAAAUJ,4,1,0,0,0,2
AAAAUK,4,1,0,0,0,2
AAAAUL,4,1,0,0,0,2
AAAAUM,4,1,0,0,0,2
AAAAUN,4,1,0,0,0,2
AAAAUO,4,1,0,0,0,2
AAAAUP,4,1,0,0,0,2
AAAAUQ,4,1,0,0,0,2
AAAAUR,4,1,0,0,0,2
AAAAUS,4,1,0,0,0,2
AAAAUT,4,1,0,0,0,2
AAAAUU,4,1,0,0,0,2
AAAAUV,4,1,0,0,0,2
AAAAUW,4,1,0,0,0,2
AAAAUX,4,1,0,0,0,2
AAAAUY,4,1,0,0,0,2
AAAAUZ,4,1,0,0,0,2
AAAAV1,4,1,0,0,0,2
AAAAV2,4,1,0,0,0,2
AAAAV3,4,1,0,0,0,2
AAAAV4,4,1,0,0,0,2
AAAAV5,4,1,0,0,0,2
AAAAV6,4,1,0,0,0,2
AAAAV7,4,1,0,0,0,2
AAAAV8,4,1,0,0,0,2
AAAAV9,4,1,0,0,0,2
AAAAVA,4,1,0,0,0,2
AAAAYY,4,1,0,0,0,2
AAAAYZ,4,1,0,0,0,2
AAAAZ1,4,1,0,0,0,2
AAAAZ2,4,1,0,0,0,2
AAAAZ3,4,1,0,0,0,2
AAAAZ4,4,1,0,0,0,2
AAAAZ5,4,1,0,0,0,2
AAAAZ6,4,1,0,0,0,2
AAAAZ7,4,1,0,0,0,2
AAAAZ8,4,1,0,0,0,2
AAAAZ9,4,1,0,0,0,2
AAAAZA,4,1,0,0,0,2
AAAAZB,4,1,0,0,0,2
AAAAZC,4,1,0,0,0,2
AAAAZD,4,1,0,0,0,2
AAAAZE,4,1,0,0,0,2
AAAAZF,4,1,0,0,0,2
AAAAZG,4,1,0,0,0,2
AAAAZH,4,1,0,0,0,2
AAAAZI,4,1,0,0,0,2
AAAAZJ,4,1,0,0,0,2
AAAAZK,4,1,0,0,0,2
AAAAZL,4,1,0,0,0,2
AAAAZM,4,1,0,0,0,2
AAAAZN,4,1,0,0,0,2
AAAAZO,4,1,0,0,0,2
AAAAZP,4,1,0,0,0,2
AAAAZQ,4,1,0,0,0,2
AAAAZR,4,1,0,0,0,2
AAAAZS,4,1,0,0,0,2
AAAAZT,4,1,0,0,0,2
AAAAZU,4,1,0,0,0,2
AAAAC4,4,1,0,0,0,2
AAAAC5,4,1,0,0,0,2
AAAAC6,4,1,0,0,0,2
AAAAC7,4,1,0,0,0,2
AAAAC8,4,1,0,0,0,2
AAAAC9,4,1,0,0,0,2
AAAACA,4,1,0,0,0,2
AAAACB,4,1,0,0,0,2
AAAACC,4,1,0,0,0,2
AAAACD,4,1,0,0,0,2
AAAACE,4,1,0,0,0,2
AAAACF,4,1,0,0,0,2
AAAACG,4,1,0,0,0,2
AAAACH,4,1,0,0,0,2
AAAACI,4,1,0,0,0,2
AAAACJ,4,1,0,0,0,2
AAAACK,4,1,0,0,0,2
AAAACL,4,1,0,0,0,2
AAAACM,4,1,0,0,0,2
AAAACN,4,1,0,0,0,2
AAAACO,4,1,0,0,0,2
AAAACP,4,1,0,0,0,2
AAAACQ,4,1,0,0,0,2
AAAACR,4,1,0,0,0,2
AAAACS,4,1,0,0,0,2
AAAACT,4,1,0,0,0,2
AAAACU,4,1,0,0,0,2
AAAACV,4,1,0,0,0,2
AAAACW,4,1,0,0,0,2
AAAACX,4,1,0,0,0,2
AAAACY,4,1,0,0,0,2
AAAACZ,4,1,0,0,0,2
AAAAPT,4,1,0,0,0,2
AAAAPU,4,1,0,0,0,2
AAAAPV,4,1,0,0,0,2
AAAAPW,4,1,0,0,0,2
AAAAPX,4,1,0,0,0,2
AAAAPY,4,1,0,0,0,2
AAAAPZ,4,1,0,0,0,2
AAAAQ1,4,1,0,0,0,2
AAAAQ2,4,1,0,0,0,2
AAAAQ3,4,1,0,0,0,2
AAAAQ4,4,1,0,0,0,2
AAAAQ5,4,1,0,0,0,2
AAAAQ6,4,1,0,0,0,2
AAAAQ7,4,1,0,0,0,2
AAAAQ8,4,1,0,0,0,2
AAAAQ9,4,1,0,0,0,2
AAAAQA,4,1,0,0,0,2
AAAAQB,4,1,0,0,0,2
AAAAQC,4,1,0,0,0,2
AAAAQD,4,1,0,0,0,2
AAAAQE,4,1,0,0,0,2
AAAAQF,4,1,0,0,0,2
AAAAQG,4,1,0,0,0,2
AAAAQH,4,1,0,0,0,2
AAAAQI,4,1,0,0,0,2
AAAAQJ,4,1,0,0,0,2
AAAAQK,4,1,0,0,0,2
AAAAQL,4,1,0,0,0,2
AAAAQM,4,1,0,0,0,2
AAAAQN,4,1,0,0,0,2
AAAAQO,4,1,0,0,0,2
AAAAQP,4,1,0,0,0,2