Seed,Score,Negative_Jokers,Oops_All_6s,Negative_Oops_All_6s,Negative_Blueprint,Negative_Brainstorm,Negative_Lucky_Cat,Negative_Perkeo,Negative_Chicot,Negative_Negative_Tag,Negative_Joker_Stencil,Negative_Baron,Negative_Mime,Space_Joker,Negative_Space_Joker
1LMB437H,23,0,1,1,0,1,0,0,0,13,1,0,0,0,0
8B9V5Y6,23,0,1,1,0,0,2,0,0,10,0,0,0,1,1
8BUBB3E,23,0,1,0,0,0,0,0,0,13,0,0,1,1,1
11LMPAJM,22,0,2,1,0,0,0,0,0,10,1,0,0,2,0
89NFO3O,21,0,1,0,1,0,0,0,0,10,0,0,0,2,1
898XNK7,20,0,1,1,0,0,0,0,0,10,0,0,0,1,1
89DM79P,20,0,1,1,1,0,0,0,0,7,0,0,2,1,0
8AW99XG,20,0,1,0,1,0,1,0,0,10,0,0,1,0,0
8AYT6KD,20,0,1,0,0,0,1,0,0,10,0,0,0,1,1
8B4NS2V,20,0,3,2,1,0,0,0,0,7,1,0,0,0,0
8BJOSQ4,20,0,2,2,0,0,0,0,0,10,0,0,0,1,0
1EPIFX6,19,0,1,1,0,0,0,0,0,7,0,0,0,3,1
89OUK3T,19,0,1,0,0,0,0,0,0,7,0,1,0,2,2
89RV49Z,19,0,1,0,0,0,0,0,0,7,0,1,1,1,1
8A3WJTV,19,0,1,1,0,0,0,0,0,10,0,0,0,2,0
8A9WNJ7,19,1,1,1,0,0,0,0,0,13,0,0,0,0,0
8ACDV59,19,0,1,1,0,0,0,0,0,7,1,0,0,1,1
8ALGBXK,19,0,1,1,0,0,0,0,0,7,1,0,0,1,1
8B1EZUU,19,0,3,2,0,0,0,0,0,10,0,0,0,0,0
8B678WD,19,0,2,1,0,0,0,0,0,10,1,0,0,0,0
8B6MUVS,19,0,1,1,1,0,0,0,0,7,0,0,0,1,1
8B85WE2,19,0,1,1,0,1,0,0,0,7,0,0,0,1,1
8BO3FVO,19,0,1,1,0,0,0,0,0,10,0,2,0,0,0
8BPA9MV,19,0,2,1,0,0,0,0,0,7,0,0,0,2,1
B9ANM,19,0,2,2,0,0,0,0,0,7,0,0,0,1,1
FZ69U,19,0,1,0,0,0,0,0,0,13,1,0,0,0,0
H47G6,19,0,1,1,0,0,0,0,0,7,0,0,0,2,2
111JPDO2,18,0,2,2,0,0,0,0,0,10,0,0,0,0,0
111NBXX1,18,0,1,1,0,0,0,0,0,10,0,0,1,0,0
11HBGPP1,18,1,1,1,0,0,0,0,0,10,0,0,1,0,0
11JOTG5Y,18,0,1,1,2,0,0,0,0,7,0,0,0,1,0
1UGE1,18,0,1,1,0,2,0,0,0,7,1,0,0,0,0
4AU2X,18,0,2,2,0,0,0,0,0,10,0,0,0,0,0
52VYF,18,0,1,1,0,0,0,0,0,7,0,0,0,2,1
89CX8QT,18,0,1,1,0,0,0,0,0,10,0,1,0,0,0
89D6RW9,18,1,1,1,0,0,0,0,0,7,0,0,0,2,1
89DZDKK,18,0,1,1,0,0,0,0,0,10,0,1,0,0,0
89EBKO6,18,0,2,1,0,0,0,0,0,7,0,0,0,1,1
89EH2GM,18,0,1,1,0,1,0,0,0,10,0,0,0,0,0
89JK1AD,18,0,2,1,0,0,0,0,0,7,1,0,1,0,0
89P72DJ,18,0,1,1,0,0,0,0,0,10,0,0,1,0,0
89VRNTJ,18,0,1,1,1,0,0,0,0,10,0,0,0,0,0
89WPDGY,18,1,1,1,0,0,0,0,0,10,0,1,0,0,0
89YA4HK,18,0,1,0,0,1,1,0,0,10,0,0,0,0,0
8A6Z23P,18,0,3,1,0,0,0,0,0,7,0,0,2,0,0
8A92HON,18,0,1,1,0,0,0,0,0,10,0,0,1,0,0
8AJK8CL,18,1,1,1,0,0,0,0,0,10,0,0,1,0,0
8AOA1SV,18,1,1,1,0,0,2,0,0,7,0,0,0,1,0
8AUIYNS,18,0,1,0,0,0,0,0,0,10,0,0,0,1,1
8AZRH4D,18,0,2,2,0,0,0,0,0,10,0,0,0,0,0
8BD1MO3,18,0,1,0,0,0,0,0,0,10,0,0,0,1,1
8BE6ZP9,18,0,1,0,1,0,1,0,0,10,0,0,0,0,0
8BGZIWS,18,0,1,1,0,0,0,0,0,7,0,0,0,2,1
8BIFYVN,18,0,1,1,0,1,0,0,0,10,0,0,0,0,0
8BMRMBH,18,0,1,0,0,0,0,0,0,7,0,0,3,2,0
8C34E7V,18,0,1,0,1,0,1,0,0,10,0,0,0,0,0
8C6SKPK,18,0,1,1,0,0,0,0,0,10,1,0,0,0,0
B8VKQ,18,0,1,1,1,0,0,0,0,10,0,0,0,0,0
DU6M5,18,0,3,1,0,0,0,0,0,10,0,0,0,0,0
EPIC87MP,18,1,1,1,0,0,0,0,0,10,0,0,1,0,0
G5MNY,18,0,3,2,0,0,0,0,0,7,0,0,1,0,0
HAHAVGVI,18,0,1,1,0,0,0,0,0,10,1,0,0,0,0
HNSTO,18,0,1,0,0,1,0,0,0,10,1,0,0,0,0
K7J28,18,1,1,1,0,0,0,0,0,7,0,0,0,2,1
1MOKR,17,0,1,1,0,0,0,0,0,7,0,0,0,1,1
1Z5DF,17,0,1,1,0,0,0,0,0,7,0,0,0,1,1
3BYV1,17,0,1,1,0,0,0,0,0,7,0,1,0,1,0
4OVJO,17,0,1,1,0,0,0,0,0,7,0,0,0,1,1
6A15F,17,0,1,1,0,0,0,0,0,7,0,0,0,1,1
7DCDP,17,0,1,1,0,0,0,0,0,7,0,0,0,1,1
7Z5VY,17,0,3,3,0,0,0,0,0,7,0,0,0,0,0
88P9H,17,0,1,1,0,0,0,0,0,7,0,0,0,1,1
898XPV7,17,0,2,2,0,0,0,0,0,7,0,0,0,1,0
D7XGL,17,0,1,0,0,0,0,0,0,13,0,0,0,0,0
GK9LZ,17,0,1,1,0,0,0,0,0,7,0,0,0,1,1
GKQ81,17,0,1,1,0,0,0,0,0,7,0,0,0,1,1
GLSHU,17,0,1,1,0,0,0,0,0,7,0,0,0,1,1
GRRJL,17,1,1,1,0,0,0,0,0,7,0,0,0,1,1
23XJU,16,1,1,1,0,0,2,0,0,7,0,0,0,0,0
2V7R8,16,0,1,1,0,0,0,0,0,10,0,0,0,0,0
3LS84,16,0,1,0,0,0,0,0,0,10,0,0,0,1,0
5V6GT,16,0,1,1,0,0,0,0,0,10,0,0,0,0,0
7U1P2,16,0,1,0,0,0,1,0,0,10,0,0,0,0,0
898XT65,16,0,1,0,0,1,0,0,0,10,0,0,0,0,0
8995XQJ,16,0,1,1,0,0,0,0,0,10,0,0,0,0,0
89A7D47,16,0,1,1,0,0,1,0,0,4,0,0,0,1,1
B599E,16,0,2,1,0,1,0,0,0,7,0,0,0,0,0
BYZDH,16,0,3,0,0,0,0,0,0,10,0,0,0,0,0
CDVFX,16,0,1,1,0,0,1,0,0,4,0,0,0,1,1
FJ87F,16,1,2,2,0,0,0,0,0,4,0,0,0,1,1
IAYS7,16,1,1,0,0,0,0,0,0,10,0,0,1,0,0
J8ZM,16,0,1,1,0,0,0,0,0,10,0,0,0,0,0
J98P2,16,0,1,0,0,0,0,0,0,10,0,0,0,1,0
19NOT,15,0,1,1,0,1,0,0,0,7,0,0,0,0,0
1A176,15,0,1,1,0,0,0,0,0,7,0,1,0,0,0
1RVH3,15,0,1,1,0,0,1,0,0,7,0,0,0,0,0
1VARP,15,0,1,1,0,0,0,0,0,7,0,0,1,0,0
3AQLX,15,0,1,0,0,0,0,0,0,7,0,0,3,0,0
3EX2C,15,0,1,0,0,0,1,0,0,4,0,0,0,2,1
3NQB9,15,0,1,0,0,1,0,0,0,7,0,0,0,1,0
46WES,15,2,1,0,0,0,0,0,0,7,0,0,0,1,1
4EOLH,15,0,1,1,0,0,0,0,0,7,0,0,1,0,0
4UOI3,15,0,1,1,0,0,0,0,0,7,1,0,0,0,0
4VQRU,15,0,1,1,1,0,0,0,0,7,0,0,0,0,0
5EWO6,15,0,1,1,0,1,0,0,0,7,0,0,0,0,0
5GL2P,15,0,1,1,0,1,0,0,0,7,0,0,0,0,0
5N9PG,15,0,1,1,0,0,0,0,0,7,0,1,0,0,0
5SZ8Y,15,0,1,1,1,0,0,0,0,7,0,0,0,0,0
5UOU5,15,0,1,1,0,0,0,0,0,7,0,0,0,1,0
6378O,15,0,1,0,0,0,0,0,0,7,1,0,1,0,0
6N84K,15,0,1,1,0,0,0,0,0,7,0,0,0,1,0
6N98I,15,0,1,1,0,0,0,0,0,7,0,0,1,0,0
7AB75,15,0,1,0,0,1,0,0,0,7,0,0,0,1,0
7TOPC,15,0,1,1,1,0,0,0,0,7,0,0,0,0,0
898ILXR,15,0,1,1,0,1,0,0,0,7,0,0,0,0,0
898Q8N2,15,0,1,1,0,0,0,0,0,7,1,0,0,0,0
898WI9E,15,0,1,1,0,0,0,0,0,7,0,0,1,0,0
898Z6QB,15,0,1,1,0,0,1,0,0,7,0,0,0,0,0
8993OYA,15,0,1,1,0,0,1,0,0,7,0,0,0,0,0
899WNXK,15,1,2,0,0,0,0,0,0,10,0,0,0,0,0
89AJ3UG,15,0,1,1,0,0,0,0,0,7,0,1,0,0,0
8JFIQ,15,0,1,1,0,0,0,0,0,7,0,0,1,0,0
9266J,15,0,1,1,0,0,0,0,0,7,0,1,0,0,0
BKIX5,15,0,1,1,0,0,0,0,0,7,0,0,1,0,0
BMJ6L,15,0,2,2,0,0,0,0,0,7,0,0,0,0,0
BMZBW,15,1,1,1,0,0,1,0,0,7,0,0,0,0,0
CJOH3,15,0,1,1,0,0,1,0,0,7,0,0,0,0,0
CJSA1,15,0,2,2,0,0,0,0,0,7,0,0,0,0,0
CLVAA,15,0,1,0,0,0,0,0,0,7,0,0,0,1,1
CT6LA,15,1,1,1,0,0,0,0,0,7,1,0,0,0,0
D26SP,15,0,1,1,0,0,0,0,0,7,0,0,0,1,0
DDZAE,15,0,1,1,0,0,0,0,0,7,1,0,0,0,0
DF8QU,15,0,1,1,1,0,0,0,0,7,0,0,0,0,0
EI9MB,15,1,1,1,0,0,0,0,0,7,0,1,0,0,0
ELACH,15,0,1,0,0,0,1,0,0,7,0,0,0,1,0
FYG4M,15,0,1,1,0,0,0,0,0,7,0,0,0,1,0
G49IE,15,0,1,1,0,0,0,0,0,7,0,0,0,1,0
HEZA9,15,0,1,1,0,0,0,0,0,7,0,0,1,0,0
HIPJQ,15,0,1,1,1,0,0,0,0,7,0,0,0,0,0
HV2WL,15,0,1,1,0,0,0,0,0,7,1,0,0,0,0
IB53F,15,0,1,1,0,0,0,0,0,7,1,0,0,0,0
IS8X,15,0,1,0,1,0,0,0,0,7,0,0,1,0,0
IWBYN,15,0,1,1,0,1,0,0,0,7,0,0,0,0,0
KDPFE,15,0,2,1,0,0,0,0,0,4,0,0,0,1,1
T861,15,0,1,1,0,0,0,0,0,7,0,1,0,0,0
