Seed,Score,Perkeo,Canio,Triboulet,Yorick,Chicot,Blueprint,Brainstorm,NegSkipTags
BLVCMD4B,3,1,1,0,0,0,0,1,4
BLVCB9I6,3,1,0,0,0,0,1,1,4
BLVU6QUS,3,1,0,0,0,0,1,1,4
BLXA2FU6,3,1,0,0,0,0,1,1,4
BLX6QVKP,3,1,0,0,0,0,1,1,4
BLXBCMCY,3,1,1,0,0,0,0,1,5
BLYJHBJP,3,1,0,0,0,0,1,1,4
BLYKZWYX,3,1,0,1,0,0,1,0,4
BLXVRN8E,3,1,0,0,0,0,1,1,4
BLWK4B75,3,1,1,0,0,1,0,0,5
BLZL5C1X,3,1,0,0,0,0,1,1,4
BLZKHPMW,3,1,0,0,0,0,1,1,4
BM1BSA8A,3,1,0,0,0,0,1,1,4
BM1Z1MGI,3,1,0,0,0,0,1,1,4
BM3ZZVU6,3,1,0,0,0,0,1,1,4
BM3HWZ8K,3,1,0,0,1,0,0,1,4
BM2Z9SE7,3,1,0,0,0,0,1,1,4
BLZ9O5GA,3,1,0,0,0,0,1,1,4
BM35WC6F,3,1,0,0,0,1,1,0,4
BM4C4V56,3,1,0,0,0,0,1,1,4
BM3EDY3O,3,1,0,0,0,0,1,1,4
BM588E3I,3,1,0,1,0,0,1,0,4
BM4ZKLZ6,3,1,1,0,0,0,0,1,5
BM5IUFJ4,3,1,0,0,0,0,1,1,4
BM97TCQD,3,1,0,0,0,0,1,1,4
BM64L6UQ,3,1,0,0,0,0,1,1,4
BM7GAXG3,3,1,0,1,0,0,0,1,4
BM78SCRL,3,1,0,0,1,0,1,0,4
BM29D7VK,3,1,0,0,0,0,1,2,4
BMB61CQU,4,1,0,0,1,0,1,1,4
BM37WI6I,3,1,0,0,0,0,1,1,4
BM6WHBSQ,3,1,0,0,0,0,1,1,4
BM7E7HSX,3,1,0,0,0,0,1,1,4
BM9OKA6B,3,1,0,0,0,0,1,1,4
BMEABC1H,3,1,0,0,0,0,1,1,4
BMB61EAP,3,1,0,0,0,1,1,0,5
BM9QDJ3V,3,1,0,0,1,0,1,0,4
BMB7E9Z1,3,1,0,0,0,0,1,1,4
BMAEP2DK,3,1,0,0,0,0,1,1,4
BM4JXNCH,3,1,0,0,0,1,0,1,4
BMC9QLS8,3,1,0,0,0,0,1,1,4
BM953RSG,3,1,0,0,0,0,1,1,4
BM4ESKKJ,3,1,0,0,0,1,0,1,4
BMEZ6AEV,3,1,0,0,1,0,0,1,4
BMJK6XUD,3,1,0,0,0,0,1,1,4
BML6H1JG,3,1,0,0,0,0,1,1,4
BMD2DI5G,3,1,0,0,0,0,1,1,4
BMC967MS,3,1,0,0,0,0,1,2,4
BMH8FFL1,3,1,1,0,0,0,1,0,4
BMNN8UQM,3,1,0,0,0,0,1,1,4
BMGHEUN8,3,1,0,0,0,0,1,1,4
BME33JZT,3,1,0,0,0,0,1,1,4
BMFNJPLQ,3,1,0,0,0,0,1,1,4
BM942478,3,1,0,1,0,0,0,1,5
BMJVKKAL,3,1,0,0,0,0,1,1,4
BMRLDEX6,3,1,1,0,0,0,0,1,4
BMILWH1V,3,1,0,0,0,0,1,1,5
BMOIRYH1,3,1,0,0,0,0,1,1,4
BM82PQEI,3,1,0,0,0,0,1,1,4
BMLSLP3J,3,1,0,0,0,0,1,1,4
BMHYFBLM,3,1,0,0,0,1,1,0,4
BMHZT5ZP,3,1,0,0,0,0,1,1,4
BMTGN898,3,1,0,0,0,0,1,1,5
BMLJERW7,3,1,0,0,0,0,1,1,4
BMJ345K8,3,1,0,0,0,1,1,0,4
BMJ89QL3,3,1,0,1,0,0,1,0,4
BMP4V3G4,3,1,0,0,0,0,1,1,4
BMYKRSHK,3,1,0,0,0,0,1,1,4
BMDGVPBA,3,1,0,0,0,1,0,1,4
BMMQQ1H3,3,1,0,0,0,0,1,1,4
BMT2Y2GE,3,1,0,0,0,0,1,1,4
BMCHEG2T,3,1,0,0,0,0,1,1,4
BMQHB6C5,3,1,0,0,0,0,1,1,4
BN1ZB3Q2,3,1,0,0,0,0,1,1,4
BMRWXUVL,3,1,0,0,0,0,1,1,5
BMVM711O,3,1,0,0,0,1,1,0,4
BMWPCZB5,3,1,0,0,0,0,1,1,4
BMSOUC3V,3,1,0,0,0,1,1,0,4
BMS5FYPZ,3,1,1,0,0,0,1,0,4
BMQ25GBS,3,1,0,0,0,0,1,1,5
BMT7N5VE,3,1,0,0,0,0,1,1,4
BMEOI6GO,3,1,0,0,1,0,0,1,4
BMXS14X9,3,1,0,0,0,0,1,1,4
BN5L3MZT,3,1,0,0,0,0,1,1,4
BMEQXXOH,3,1,0,0,0,0,1,1,4
BMRWE637,3,1,0,0,0,1,0,1,4
BMUQBVDH,3,1,0,0,0,0,1,1,4
BN8NCC5F,3,1,0,0,1,0,1,0,4
BMVXTWF6,3,1,0,0,0,1,1,0,5
BMSX4LG7,3,1,1,0,0,0,1,0,4
BMWE2RVX,3,1,0,1,0,0,0,1,4
BMVVL81B,3,1,0,0,0,0,1,1,4
BMGLFU1V,3,1,0,0,0,0,1,1,4
BMGPO7OZ,3,1,0,0,0,0,1,1,4
BMKTAF86,3,1,0,0,0,0,1,1,4
BMGUR9XF,4,1,0,0,0,1,1,1,4
BN476172,3,1,0,0,0,0,1,1,4
BMSEBDRQ,3,1,0,0,1,0,0,1,4
BMZJOGIB,3,1,0,0,0,0,1,1,4
BMV9JNY3,3,1,0,0,0,0,1,1,4
BMZ4JD5X,3,1,0,0,0,0,1,1,4
BMF3WE19,3,1,0,0,0,0,1,1,4
BMW9PZI5,3,1,0,0,0,1,1,0,4
BMUUSYWR,3,1,0,0,0,0,1,1,4
BNCVQBID,3,1,0,0,1,0,0,1,4
BMWM1H3U,3,1,0,0,0,0,1,1,4
BNDRKEVN,3,1,0,1,0,0,0,1,4
BMW9YIN7,3,1,0,0,0,0,1,1,4
BNE6JLH6,3,1,0,0,0,1,1,0,4
BN5JCR5F,3,1,0,1,0,0,0,1,4
BNEEH367,3,1,0,0,0,0,1,1,4
BNFHFZCR,3,1,0,0,0,0,1,1,4
BMWMQQ7L,4,1,1,0,0,0,1,1,4
BNG49OOF,3,1,0,0,0,0,1,1,4
BNI9X55E,3,1,0,0,0,1,1,0,4
BN33YHSV,3,1,0,1,0,0,1,0,4
BN3JZ5OR,3,1,0,0,0,0,1,1,4
BNBSFQJ1,3,1,1,0,0,0,0,1,4
BN5HFUU5,3,1,0,0,0,0,1,1,4
BNLLUVVU,3,1,0,0,0,0,1,1,4
BNKRLBIB,3,1,0,0,0,0,1,1,4
BNBHM2Q1,3,1,1,0,0,0,0,1,4
BN6ZWZAV,3,1,1,0,0,0,0,1,4
BN55P556,3,1,0,0,0,0,1,1,4
BNAUW4PK,3,1,0,1,0,0,1,0,4
BN6M9FKV,3,1,0,0,1,0,0,1,4
BNB8MAFL,3,1,1,0,0,0,0,1,4
BNAY6B35,3,1,0,0,0,1,1,0,4
BNBB4GBW,3,1,0,0,1,0,1,0,4
BNC3CHSM,3,1,0,1,0,0,0,1,4
BNCTDJXZ,3,1,0,0,0,0,1,1,4
BNCGL12S,3,1,0,0,1,0,1,0,4
BNTJCIZQ,3,1,0,0,0,0,1,1,5
BN7AFNRQ,3,1,0,0,0,0,1,1,4
BNFR34C3,3,1,0,0,0,0,1,1,4
BNFZXH3J,3,1,0,0,1,0,0,1,4
BNV7P6J5,3,2,0,0,0,0,1,1,4
BNXPSHTV,3,1,0,0,0,0,1,1,4
BMPQ4WRV,3,1,0,0,0,0,1,1,4
BMQN5FJP,3,1,0,0,0,0,1,1,4
BNBGO7F5,3,1,0,0,0,0,1,1,4
BNC2H42D,3,1,1,0,1,0,0,0,4
BNMTNNJE,3,1,1,0,0,0,0,1,4
BND8ZF6F,3,1,0,0,0,1,0,1,4
BMY7WH8K,3,1,0,0,0,0,1,1,4
BNHV1EFG,3,1,0,1,0,0,1,0,4
BNNJ716C,3,1,0,0,1,0,1,0,4
BNHXF82X,3,1,0,0,0,0,1,1,4
BO45XTU6,3,1,0,0,0,0,1,1,4
BNQHQSAH,3,1,0,0,1,0,0,1,4
BNT7Q1E8,3,1,0,0,0,0,1,1,5
BNDTCBBL,3,1,0,0,0,1,1,0,4
BO6MDPTK,3,1,0,0,0,0,1,2,4
BNGHY9QV,3,1,0,1,0,0,1,0,4
BNWG1SWV,3,1,0,0,0,0,1,1,4
BO8U61GU,3,1,0,0,0,0,1,1,4
BNMW8ENC,3,1,1,0,0,0,0,1,4
BNM7CYRS,3,1,0,0,0,0,1,1,4
BNR4NLBE,3,1,0,0,0,1,1,0,4
BNPEJATX,3,1,0,0,0,1,1,0,4
BMWR4SDG,3,1,0,0,0,0,1,1,4
BNWSMDKZ,3,1,1,0,0,0,0,1,4
BNZ4I6CZ,3,1,0,0,0,0,1,1,4
BNPO7OCE,3,1,0,0,0,0,1,1,6
BNP3L8TH,3,1,1,0,0,0,1,0,4
BNXBU7TG,3,1,0,1,0,0,1,0,4
BNNZM9TI,3,1,0,0,0,0,1,1,4
BNM4ZPMH,3,1,0,0,0,0,1,1,5
BNTAKUMT,3,1,0,0,0,0,1,1,4
BMXFA7CM,3,1,0,0,0,0,1,1,4
BN5NFD59,3,1,0,0,0,0,1,1,4
BO4GYDMS,3,1,0,0,0,1,1,0,4
BN1JNZHB,3,1,0,0,0,0,1,1,4
BNTC2E3A,4,1,0,0,0,1,1,1,4
BO529PCG,3,1,0,0,0,0,1,1,4
BN6I3F4C,3,1,0,0,0,0,1,1,4
BO6Y1P53,3,1,0,0,0,1,0,1,4
BNSK7LH5,3,1,0,0,1,0,0,1,5
BO8XDSFN,3,1,0,0,0,0,1,1,4
BNWY1LPU,3,1,0,0,0,0,1,1,4
BNXY36SS,3,1,0,0,0,0,1,1,4
BO9N3OT4,3,2,0,0,0,1,1,0,4
BN8S34QF,3,1,0,0,1,0,1,0,5
BNSLJLVM,3,1,0,0,0,0,1,1,4
BNU7C2DY,3,1,0,0,0,0,1,1,4
BOPVYBK7,3,1,0,0,1,0,1,0,4
BNUWDE6O,3,1,0,0,0,1,1,0,5
BO2S7UBB,3,1,0,0,0,0,1,1,5
BNZS8KUX,3,1,0,1,0,0,1,0,4
BNPDHLUN,3,1,0,0,0,0,1,1,4
BO3O7CXQ,3,1,0,0,0,0,1,1,4
BOD6Z4G5,3,1,0,0,0,0,1,1,4
BOG2E7UV,3,1,0,0,0,0,1,1,4
BOSX965V,3,1,0,0,0,0,1,1,4
BOUJ98JK,3,1,0,0,1,0,0,1,4
BOCYUG9U,3,1,0,0,0,1,0,1,4
BNXIONGG,3,1,0,1,1,0,0,0,4
BO4P6DNX,3,1,0,0,0,0,1,1,4
BN6QJL4H,3,1,0,0,0,0,1,1,5
BOV6VPFO,3,1,0,0,0,0,1,1,4
BO5SBQJL,3,1,0,1,0,0,0,1,4
BO7U8RNK,3,1,1,0,0,0,0,1,4
BO72DAK9,3,1,0,0,1,0,2,0,4
BO6DOC3T,3,1,0,0,0,0,1,1,4
BNRO575D,3,1,0,0,0,0,2,1,4
BNW326BB,3,1,0,0,0,1,0,1,4
BOB8Z63B,3,1,0,0,0,0,1,1,4
BO8F5SAV,3,1,0,0,0,0,1,1,4
BO8669U3,3,1,0,0,0,0,1,1,4
BOZGGDOX,3,1,1,0,0,0,1,0,4
BO1TEXFN,3,1,0,0,0,0,1,1,4
BP46TH4I,3,1,0,0,0,0,1,1,4
BO3IDVWA,3,1,0,0,0,0,1,1,4
BN7I1FZX,3,1,0,0,0,1,1,0,4
BP3IAXG7,3,1,0,0,0,0,1,1,4
BP3QM9ZZ,3,1,0,0,0,0,1,1,4
BO24UIMI,3,1,0,0,0,0,1,1,4
BOD44FLC,3,1,0,0,0,1,1,0,4
BN9GIQRY,3,1,0,1,1,0,0,0,4
BOQUZUR6,3,1,1,0,0,0,0,1,4
BOTT12MR,3,1,1,0,0,0,1,0,4
BOU8ATTX,3,1,0,0,1,0,1,0,4
BOUAOFJK,3,1,0,0,0,0,1,1,4
BPB2SZGO,3,1,0,0,0,0,1,1,4
BO8573QG,3,1,0,0,0,0,1,1,4
BOLR6UVN,3,1,0,0,1,0,1,0,4
BNCEYHC1,3,1,0,0,0,0,1,1,4
BOS9X6BK,3,1,0,0,0,0,1,1,4
BOFU21KA,3,1,0,0,0,0,1,1,4
BO7FIG3Q,3,1,0,1,0,0,0,1,4
BOSYSO4V,3,1,0,0,0,0,1,1,4
BNDFDGFK,3,1,0,1,0,0,1,0,4
BOUKY7JX,3,1,0,0,0,0,1,1,4
BPG7VGR1,3,1,0,1,0,0,0,1,4
BPGHIELX,3,1,0,0,0,0,1,1,4
BODAD5YA,3,1,1,0,0,0,1,0,4
BOO9LCII,3,1,0,0,0,0,1,1,4
BOIR8PQJ,3,1,0,0,0,0,1,1,4
BO4XHKNK,3,1,0,1,0,0,0,1,4
BON7TRPP,3,1,0,0,0,0,1,1,4
BOKF8IET,3,1,0,0,0,0,1,1,4
BPJAM5QK,3,1,0,0,0,1,0,1,6
BPKHO2JJ,3,1,0,0,0,0,1,1,4
BPKQWVS3,3,1,0,0,0,0,1,1,4
BPMGX89C,3,1,0,0,0,0,1,1,4
BOD4WN4H,3,1,0,1,0,0,0,1,4
BOQGG9T6,3,1,0,0,0,0,1,1,4
BPNJ6XT9,3,1,0,0,0,0,1,1,4
BOF7U7EC,3,1,0,0,0,0,1,1,4
BOELH2N6,3,1,0,0,0,0,1,1,5
BOFTD3H4,3,1,0,0,0,0,1,1,4
BO8PNOOT,3,1,0,0,0,0,1,1,4
BOF69IDF,3,1,0,0,0,0,1,1,4
BPOX158P,3,1,0,0,0,0,1,1,4
BPQ9N2E3,3,1,0,0,0,0,1,1,4
BP5UY5GL,3,1,0,0,1,0,1,0,4
BPAFAIHT,3,1,0,0,0,0,1,1,4
BOW2LXMQ,3,1,0,0,0,0,1,1,4
BPSTFLYX,3,1,0,0,0,0,2,1,5
BOUU7KBU,3,1,0,0,0,0,1,1,4
BOZ2IOIY,3,1,0,0,0,0,1,1,4
BOLVM6X8,3,1,0,0,0,0,1,1,4
BOLDK2U1,3,1,0,0,0,0,2,1,4
BOJ6OL8O,3,1,0,0,0,1,1,0,4
BOO89SRQ,3,1,0,1,0,0,1,0,4
BOW54KQ2,3,1,0,0,0,0,1,1,4
BNKSZCUC,3,1,0,0,0,0,1,1,4
BOMO3UCZ,3,1,0,0,0,0,1,1,5
BP9G67Z8,3,1,0,0,0,0,1,1,4
BNU34H7I,3,1,0,0,0,0,1,1,4
BNUCWTAU,3,1,1,0,0,0,0,1,6
BOF8DY19,3,1,0,0,1,0,1,0,4
BPEB7IVX,3,1,0,0,0,0,1,1,4
BOQPKQBC,3,1,0,0,0,0,1,1,4
BQ2MTPMP,3,1,0,0,1,0,0,1,4
BOQETM7M,3,1,0,0,0,0,1,1,4
BOQC24OC,3,1,0,0,0,0,1,1,5
BPKPGOT1,3,1,1,0,0,0,0,1,4
BP3WZJIP,3,1,0,0,0,0,1,1,4
BNMXKVQF,3,1,0,0,0,0,1,1,4
BQ71MIFZ,3,1,0,0,0,0,1,1,5
BP5OSZLF,3,1,0,0,0,1,0,1,4
BO4MD5H9,3,1,0,0,0,0,1,1,4
BPBV45HK,4,1,0,1,0,0,1,1,4
BPA5QP3K,3,2,0,0,0,0,1,1,4
BP9252QR,3,1,0,0,0,0,1,1,5
BPA6VXYX,3,1,0,0,0,1,0,1,4
BOXEIISW,3,1,0,0,0,0,1,1,4
BPBCU4AY,3,1,1,0,0,0,1,0,4
BQEWCUTG,3,1,0,0,1,0,0,1,4
BPGC1HSP,3,1,0,0,0,0,1,1,4
BPBPIR6V,3,1,0,0,0,0,1,1,4
BPQBPNSJ,3,1,0,0,0,1,0,1,4
BOXUTORG,3,1,0,0,0,0,1,1,7
BPHMSF1H,3,1,0,0,0,1,0,1,4
BPK27OAJ,3,1,1,0,0,0,0,1,4
BQKRS9TB,3,1,1,0,0,0,1,0,4
BPXJSIOH,3,1,0,0,0,0,1,1,4
BQK1XGL9,3,1,0,0,0,0,1,1,4
BPFZQ32B,3,1,0,0,0,0,1,1,4
BQMSHBLK,3,1,0,0,0,0,1,1,5
BP1TX5R3,3,1,0,1,0,1,0,0,4
BP6S3XPV,3,1,0,0,0,0,1,1,4
BPHDBQGU,3,1,0,0,0,0,1,1,4
BPH6E54O,3,1,0,0,0,0,1,1,5
BP9KGP32,3,1,0,0,0,0,1,1,4
BNWGHJUO,3,1,0,0,0,0,1,1,4
BPI9O1V2,3,1,0,0,0,0,1,1,4
BQSUVPZF,3,1,0,0,1,0,1,0,4
BNNW259P,3,1,0,0,0,0,1,1,4
BO3Q7WM8,3,1,0,0,0,0,1,1,4
BP8LV2VQ,3,1,0,0,0,0,1,1,5
BPCC3RSD,3,1,0,0,0,0,1,1,4
BQ18U9GN,3,1,0,0,0,0,1,1,4
BPSIEOOO,3,1,0,0,0,0,1,1,4
BPAAMSWB,3,1,0,0,1,0,2,0,4
BQVNYGXB,3,1,0,0,0,0,1,1,4
BPNJDK3P,3,1,0,0,0,1,0,1,4
BPQPXZA9,3,1,0,0,1,0,0,1,5
BPLXZOW3,3,1,0,0,1,0,1,0,4
BP891HSV,4,1,0,0,1,0,1,1,4
BPEOM5G2,3,1,0,0,0,0,1,1,4
BQWMUNCO,3,1,1,0,0,0,0,1,4
BPKPXG8B,3,1,0,0,0,0,1,1,4
BPSBRBV3,3,1,0,0,0,0,1,1,4
BO76QRKS,3,1,0,1,1,0,0,0,4
BPPK19AC,3,1,0,0,0,0,1,1,4
BPDHCEZQ,3,1,0,0,0,0,1,1,4
BQA6HAGQ,4,1,1,0,0,0,1,1,4
BPW4HB3U,3,1,0,0,0,0,1,1,5
BO5UM69E,3,1,0,0,0,0,1,1,4
BPW4IVGP,3,1,0,0,0,0,1,1,4
BQC7WLV3,3,1,0,0,0,1,0,1,4
BOFIZ5PH,3,1,1,0,0,0,0,1,4
BRB6VVOX,3,1,0,0,0,0,1,1,4
BO6T5YJI,3,1,0,0,0,1,0,1,4
BPJXY9JU,3,1,0,0,0,0,1,1,4
BPINWS6Y,3,1,0,0,0,0,1,1,4
BQ4OHWWO,3,1,0,0,0,0,1,1,4
BPHU9JQ2,3,1,0,0,0,0,1,1,5
BQ8E9SGV,3,1,0,0,0,0,1,1,4
BPMJWDFL,3,1,1,0,0,0,0,1,4
BQNKTFL2,3,1,1,0,0,1,0,0,4
BQ1O5OXG,3,1,0,0,0,0,1,1,4
BQ37JZOJ,3,1,0,0,0,0,1,1,4
BO8QJF77,3,1,0,0,0,0,1,1,4
BPOPC5F6,3,1,0,0,0,0,1,1,4
BOL97T89,3,1,0,0,0,0,1,1,4
BPDRJPE9,3,1,0,0,0,0,1,1,4
BQ66UY54,3,1,0,0,0,0,1,1,4
BOC6KL7U,3,1,0,0,0,1,0,1,4
BPRE5WU9,3,1,0,0,0,0,1,1,4
BQ5WTSB1,3,1,1,0,0,0,1,0,4
BPS1NAFV,3,1,0,0,1,0,1,0,4
BQ6ETAZ3,3,1,0,0,0,0,1,1,4
BRLHNJCY,3,1,0,0,0,0,1,1,4
BQUVLEIA,3,1,0,0,1,0,1,0,4
BRQFM8KC,3,1,0,0,0,0,1,1,4
BPF9FLY4,3,1,0,0,0,0,1,1,4
BQO7VWRY,3,1,0,0,0,0,1,1,4
BODXAIPD,3,1,0,0,0,1,1,0,4
BQOZHRBQ,3,1,0,0,0,0,1,1,4
BO6J24OY,3,1,0,0,0,0,1,1,4
BPSVFATV,3,1,0,0,0,1,0,1,5
BQ8QRYS1,3,1,0,0,0,0,1,1,4
BPT7CC6Z,3,1,0,1,0,0,1,0,4
BQFQLNK2,3,1,0,0,0,0,1,1,4
BOCVC9YE,3,1,0,0,0,0,1,1,6
BQDPOW8A,3,1,0,0,0,0,1,1,4
BRQ5TBXJ,3,1,0,0,0,0,1,1,4
BQFC5BW1,3,1,0,0,0,0,1,1,4
BOC76Z8S,3,1,0,0,0,0,1,1,4
BRRDN7S8,3,1,1,0,0,0,1,0,4
BPZLDSJN,3,1,0,0,0,1,1,0,4
BQVYRHJL,3,1,0,0,0,0,1,1,5
BPZEVKGK,3,1,0,0,0,0,1,1,4
BORGZMND,3,1,0,0,0,0,1,1,4
BOMBQVZY,3,1,0,1,1,0,0,0,4
BRW7681Z,4,1,0,1,0,0,1,1,4
BQ3O1QEG,3,1,0,0,0,0,1,1,4
BQ1DCB1R,3,2,0,1,0,0,1,0,4
BQYMYTFR,3,1,0,0,0,0,1,1,4
BS598H9K,3,1,0,0,1,0,1,0,4
BQD2RMZK,3,1,0,0,0,0,1,1,4
BS3JFDEN,3,1,0,0,0,0,1,1,5
BQDM9XI9,3,1,0,0,1,0,0,1,4
BPZDRBQR,3,1,0,0,0,0,1,1,4
BOV3TS4G,3,1,0,0,0,0,1,1,4
BQMU8ZBI,3,1,1,0,0,0,1,0,4
BQRVTG2J,3,1,0,0,0,0,1,1,5
BRAZHL7U,3,1,0,0,0,0,1,1,4
BS4O7WFX,3,1,0,0,0,0,1,1,4
BRBTWL8R,3,1,1,0,0,0,0,1,4
BR6T34UB,3,1,0,0,0,1,1,0,4
BOBXOBDT,3,1,0,0,0,0,1,1,4
BQ2ZZB5F,3,1,0,1,0,0,1,0,4
BQRAJ3K5,3,1,0,1,0,0,0,1,4
BQ33R7F6,3,1,0,0,0,0,1,1,4
BQ8HETXO,3,1,0,0,0,0,1,1,4
BR9YZY16,3,1,0,0,0,0,1,1,4
BQRIQ9NL,3,1,1,0,0,0,0,1,4
BRAIRFYL,3,1,0,0,1,0,1,0,4
BOS3NLVR,3,1,0,0,0,0,1,1,4
BQNTRKZQ,3,2,0,0,0,0,3,1,4
BQ9EDCP6,3,1,1,0,0,0,0,1,4
BR994HI1,3,1,0,0,0,0,1,1,4
BRCFDREL,3,1,0,0,0,0,1,1,4
BQV149P4,3,1,0,0,0,0,1,1,5
BQT3KHYL,4,1,0,0,0,1,1,1,4
BQMF66QZ,3,1,0,1,0,0,0,1,4
BR2C5UJ5,3,1,0,0,0,0,1,1,4
BQPJGY52,3,1,0,0,0,0,1,1,4
BQADU7YP,3,2,0,0,0,0,1,1,4
BQMIT8DO,3,1,0,0,0,0,1,1,4
BPZ4FWYI,3,1,1,0,0,0,0,1,4
BQPJ8U1Q,3,1,0,0,0,0,1,1,4
BQS8P7YI,3,1,0,0,0,0,1,1,4
BRL2UGB9,3,1,0,0,1,0,1,0,4
BRFT3M4M,3,1,0,0,0,0,1,1,4
BQ9FUR4S,3,1,0,1,0,1,0,0,4
BQUX6GDT,3,1,0,0,0,1,1,0,5
BQAZMODH,3,1,0,0,0,0,1,1,4
BPARJ7VT,3,1,0,0,0,0,1,1,4
BRNJUUWU,3,1,0,0,0,0,1,1,4
BQPMZRDG,3,1,0,0,0,0,1,1,4
BSP75WU8,3,1,0,0,0,0,1,1,5
BQYAEP8R,3,1,0,0,1,0,0,1,4
BRGP79VY,3,2,0,1,0,0,1,0,4
BSMBZFMD,3,1,0,0,0,0,1,1,4
BQYYTJED,3,1,0,0,0,0,1,1,4
BR3NCDOH,3,1,0,0,0,0,1,1,4
BON1ZXO1,3,1,0,0,0,0,2,1,4
BQMM16WX,3,1,1,0,0,0,2,0,4
BR4ORVXV,3,1,0,0,0,0,1,1,4
BQNUPY6H,3,1,0,0,0,1,1,0,4
BR2C412X,3,1,0,0,0,1,1,0,4
BRNL2XCG,3,1,0,0,0,0,1,1,4
BROHADQA,3,1,1,0,0,0,1,0,4
BOZW9VOO,3,1,0,0,0,0,1,1,4
BSSWJXQK,3,1,1,0,0,0,1,0,4
BR5BBWGE,3,1,0,0,0,0,1,1,4
BOUJDMYE,3,1,0,1,0,0,1,0,5
BR5ZG5IH,3,1,0,0,0,0,1,1,4
BRFOFZRL,3,1,0,0,1,0,1,0,4
BOPOENOP,3,1,0,0,1,0,0,1,4
BR35G9OJ,3,1,0,0,0,0,1,1,4
BRA5AIFX,3,1,0,0,0,1,0,1,4
BPAD36EV,3,1,0,0,0,0,1,1,4
BR7HEMBP,3,2,1,0,0,0,0,1,4
BRSFFM3V,3,1,1,0,0,0,0,1,4
BR53ZAZA,3,1,0,0,0,0,1,1,4
BRSX4ZIE,3,1,0,0,0,0,1,1,4
BQN493K6,3,1,0,0,0,0,1,1,4
BREE9OTC,3,1,0,0,1,0,1,0,4
BR92JTYP,3,1,1,0,0,0,1,0,4
BQP2LT8G,3,1,0,0,0,1,1,0,5
BQA4K4HP,3,1,0,1,0,0,1,0,4
BQPB27UO,3,1,0,0,0,0,1,1,4
BT6KOPKC,3,1,0,0,0,1,0,1,4
BPIKOMP2,3,1,0,0,0,0,1,1,4
BQSFB4FF,3,1,0,0,0,0,1,1,4
BRDRJ18L,3,1,0,0,1,0,0,1,4
BQU5619D,3,1,0,0,0,0,1,1,4
BQR8TBA5,3,1,0,0,1,0,1,0,4
BT4NT9XI,3,1,0,1,0,0,0,1,4
BQTTP39N,3,1,0,0,0,0,1,1,4
BR5RUCWK,3,1,0,0,0,0,1,1,4
BP58DIOS,3,1,0,0,0,0,1,1,5
BRDY12TJ,3,1,0,1,0,0,1,0,5
BP5G3HWW,3,1,0,0,0,0,1,1,4
BRLGIPNE,3,1,0,1,0,1,0,0,4
BRPB27KQ,3,1,0,0,0,0,1,1,4
BRCBF8XD,3,1,0,0,0,0,1,1,4
BT6IITHN,3,1,0,0,0,0,1,1,4
BRHLLT64,3,1,0,0,1,0,0,1,4
BS9F2QVH,3,1,0,0,0,0,1,1,4
BREGXIOK,3,1,0,0,0,0,1,1,5
BTG8DD3O,3,1,0,0,0,0,1,1,4
BPJIBG77,3,1,0,1,0,0,0,1,4
BTDD79UQ,3,1,0,0,1,0,0,1,4
BRGXBKVQ,3,1,1,0,0,0,1,0,4
BTI21E9H,3,1,1,0,0,0,0,1,4
BRCAT7S2,3,1,0,0,0,0,1,1,4
BS8BQ76R,3,1,0,0,0,1,1,0,4
BS815YO5,3,1,0,0,0,0,1,1,6
BPPYZELB,3,1,0,0,0,0,1,1,4
BR1YO663,3,1,1,1,0,0,0,0,4
BSGVYE1U,3,1,0,0,0,0,1,1,4
BS7NSNKZ,3,1,0,0,0,0,1,1,4
BR84RAVL,3,1,0,0,0,0,1,1,4
BTISSE8K,3,1,1,0,0,0,0,1,4
BP6NGKMM,3,1,0,0,0,0,1,1,4
BRQ2MGMR,3,1,0,0,0,1,1,0,4
BSA76RN2,3,1,1,0,0,0,1,0,4
BP4R8ZY9,3,1,0,0,0,0,1,1,4
BRQ56PF2,3,1,0,0,1,0,0,1,4
BP3O6W9I,3,1,0,1,0,0,0,1,4
BPRNACHD,3,1,0,0,1,0,1,0,4
BTP6JL5R,3,1,0,1,0,0,1,0,4
BP49CEXH,3,1,0,1,0,0,0,1,4
BQYO9BXL,3,2,0,1,0,0,0,1,4
BSD5TSUT,3,1,0,0,0,0,1,1,4
BQQ29IOR,3,1,0,0,0,0,1,1,4
BR5YZ8EW,3,1,1,0,0,0,0,1,4
BRPCW5BG,4,1,1,0,0,0,1,1,4
BR4E76B8,3,2,0,1,0,0,0,1,5
BTL42PQ9,3,1,0,0,0,0,1,1,4
BSEK661Y,3,1,0,0,0,0,1,1,4
BSLFHQG9,3,1,0,0,0,0,1,1,5
BR2ETKI7,3,1,1,0,0,1,0,0,4
BRODW6DK,3,1,0,0,0,1,0,1,4
BROKK7YD,3,1,0,1,0,0,1,0,4
BRNOF3DX,3,1,1,0,1,0,0,0,4
BTOLEZC5,3,1,0,0,0,0,1,1,4
BRWZIN96,3,1,0,1,0,0,1,0,5
BPF1A11P,3,1,1,0,0,0,1,0,4
BTQY4MAS,3,1,1,0,0,0,0,1,4
BTUIJ7G6,3,1,0,1,0,0,0,1,4
BS8FEDYD,3,2,0,1,0,0,2,0,4
BQRLF41X,3,1,1,0,0,0,1,0,4
BTREV8OI,3,1,0,0,0,0,1,1,4
BRNYODNU,3,1,0,0,0,0,1,1,4
BSM1HE1M,3,1,0,0,0,0,1,1,4
BOOYPNJU,3,1,1,0,0,0,0,1,4
BP7IRQT5,3,1,0,0,0,0,1,1,5
BPIWFC8S,3,1,0,0,0,0,1,1,4
BRE8MJZL,3,1,0,0,0,0,1,1,4
BR9H9OH1,3,1,0,0,0,0,1,1,4
BQV1FTYS,3,1,0,0,0,0,1,1,4
BRDMI7HB,3,1,0,0,0,0,1,1,4
BU15T761,3,1,0,0,0,0,1,1,4
BRV1G9TA,4,1,0,1,0,0,1,1,4
BS7AVFSM,3,1,0,0,0,0,1,1,4
BRVQTI79,3,1,0,0,0,0,1,1,4
BU5O8XX8,3,1,0,0,0,0,1,1,4
BU3RBT8K,4,2,1,1,0,0,0,1,4
BU4HBC7U,3,1,1,0,0,0,0,1,4
BQZB5PSZ,3,1,0,0,0,0,1,1,4
BRZ38RKG,3,1,0,0,0,0,1,1,4
BREM72QP,3,1,0,0,0,0,1,1,4
BU61UO5S,3,1,0,0,0,0,1,1,4
BS3IDZN9,3,1,1,0,0,0,0,1,4
BRJOZB4A,3,1,0,1,0,0,1,0,4
BPFCAHRL,3,1,0,0,0,0,1,1,4
BRMYZSXP,3,1,1,0,0,0,0,1,4
BT5H16F6,4,1,0,0,0,1,1,1,4
BS9AGF4M,4,1,0,1,0,1,0,1,4
BSC5TCW8,3,1,1,0,0,0,0,1,4
BSH5OY33,3,2,0,0,0,0,1,2,4
BS4APQ91,3,1,0,0,0,0,1,1,4
BSZ6D1FB,4,1,0,0,1,1,0,1,4
BUI9XLIJ,3,1,1,0,0,0,1,0,4
BPZUUQUP,3,1,1,0,0,0,0,1,4
BT9Q2FR5,3,1,0,0,0,0,1,1,4
BUFPW3QT,3,1,1,0,0,0,1,0,4
BUD47CRT,3,1,0,1,0,0,1,0,4
BT9NP5EQ,3,1,0,0,0,0,1,1,5
BS9MTYQ3,4,1,0,1,0,0,1,1,4
BSCKII1R,3,1,0,0,1,0,1,0,4
BRK3OK3B,3,1,0,0,0,0,1,1,4
BSMPSMD4,3,1,0,0,0,1,0,1,4
BUFTW6SE,3,1,0,0,0,0,1,1,4
BRBTSERP,3,1,0,0,0,0,1,1,4
BSBJOVTY,3,1,0,0,0,0,1,1,4
BRCBFRTH,3,1,0,0,1,0,1,0,4
BUGTAZEZ,3,1,0,0,0,0,1,1,5
BSCFUYWW,3,1,0,0,0,0,2,1,4
BPJOVUXC,3,1,0,0,0,0,1,1,4
BQBN695E,3,1,0,0,0,0,1,1,4
BSQAD7IR,3,1,0,0,0,0,1,1,4
BUMVXIS3,3,1,0,0,1,0,0,1,4
BREHXKZ5,3,1,0,0,0,1,0,1,4
BRV4FS4P,3,1,0,0,1,0,0,1,4
BSF6918W,3,1,0,0,0,0,1,1,4
BSM2EVUJ,3,1,0,0,0,0,1,1,4
BSCM182L,3,1,0,0,0,0,1,1,4
BURMIXPI,3,1,0,0,1,0,1,0,4
BPDU1LOL,3,1,0,0,0,0,1,1,4
BSLZ684G,3,1,0,0,0,0,1,1,4
BRSQPG59,3,1,0,0,0,0,1,1,4
BQET7GFG,3,1,0,0,0,0,1,1,4
BURG524B,3,1,0,0,1,0,1,0,4
BTERWAP9,3,1,0,0,0,1,1,0,4
BRZL7M6U,3,1,0,0,0,0,1,1,4
BUSP8WYK,3,1,0,0,0,0,1,1,4
BSQ38QZG,3,1,1,0,0,0,0,1,4
BTNZ96UO,3,1,0,0,1,0,0,1,4
BTEZR679,3,1,0,0,0,0,1,1,4
BRX7Q3P1,3,1,0,0,0,0,1,1,5
BV5NBFRL,3,1,0,0,0,1,1,0,4
BSK8BSD1,3,1,0,0,0,1,1,0,4
BQ26A92G,3,1,0,0,0,1,0,1,4
BSL9M757,3,1,0,1,1,0,0,0,5
BTUMGXFF,3,1,0,0,1,1,0,0,4
BTNNHJ87,3,1,0,0,1,0,0,1,4
BV2I8ZX6,3,1,0,0,0,0,1,1,4
BSSVFNQ8,3,1,0,0,1,0,0,1,4
BTXLBGKS,3,1,0,0,0,0,1,1,4
BSA291II,3,1,0,0,0,0,1,1,4
BS98MYD3,3,1,0,1,0,0,1,0,4
BSXSC3FY,3,1,0,0,1,0,1,0,5
BTZ9D8DW,3,1,0,0,0,0,1,1,4
BV9OPND7,3,1,0,0,0,0,1,1,4
BV9XRW26,3,1,0,0,0,1,0,1,4
BTNG1EQZ,3,1,0,0,0,1,1,0,4
BV8GL74E,3,1,0,0,0,0,1,1,4
BTOPZETI,3,1,0,0,0,0,1,1,4
BT3BNATU,3,1,0,0,0,0,1,1,4
BQPWBAF2,3,1,0,0,1,0,0,1,4
BTU3U6J8,3,1,0,0,0,0,1,1,4
BTFD3FKY,3,1,0,0,0,0,1,1,4
BVAUE6HK,3,1,0,0,0,0,1,1,4
BTTF8VB3,3,1,0,0,0,0,1,1,4
BSYY3AYM,3,1,0,0,0,0,1,1,4
BT12UB3R,3,1,0,0,1,0,1,0,4
BTSV8XO8,3,1,0,0,1,1,0,0,4
BT1AEORZ,3,1,0,0,0,0,1,1,4
BS9TX1DV,3,1,0,0,1,1,0,0,4
BRY19Q8K,3,1,0,0,0,0,1,1,4
BSIRUUQ3,3,1,0,0,0,0,1,1,5
BT3MYAUQ,3,1,0,0,0,0,1,1,4
BT4OP3EK,3,1,0,0,0,0,1,1,4
BSY6IQ4E,3,1,0,0,0,0,1,1,4
BSKBPBL4,3,1,0,0,1,0,1,0,4
BUC4GY93,3,1,0,0,0,0,1,1,4
BSL6I48S,3,1,0,0,0,0,1,1,4
BVLMOIOQ,3,1,0,0,0,0,1,1,4
BQK6BA6K,3,1,0,0,0,0,1,1,4
BTKBVY9O,3,1,0,0,1,0,0,1,4
BPZHEXZS,3,1,0,0,0,0,1,1,4
BSLFX8IT,3,1,0,0,0,0,1,1,4
BS19ZHV2,4,1,0,0,1,1,0,1,5
BPQUF8HL,3,1,0,0,0,0,1,1,4
BSDVKE25,3,1,1,0,0,0,0,1,4
BTAB9NFP,3,1,0,0,0,0,1,1,4
BSR8TMRA,3,1,0,0,0,0,1,1,4
BQ4RUB1K,3,1,0,0,0,0,1,1,4
BSM6ZGZG,3,1,0,1,0,0,1,0,4
BTBWPR2K,3,1,0,0,0,0,1,1,4
BT5KYGLY,3,1,0,1,1,0,0,0,4
BTKUVRW8,3,1,1,0,0,0,0,1,4
BVWIT1XE,3,1,0,0,0,1,1,0,4
BRY2CLRW,3,1,0,1,0,0,0,1,4
BSGXKOUM,3,1,0,0,0,0,1,3,4
BT4TT8M5,3,1,1,0,0,0,0,1,4
BVOJDH6K,3,1,0,0,0,0,1,1,5
BVOSTOOH,3,1,0,0,0,0,1,1,4
BVOWTQIH,3,1,0,0,0,0,1,1,5
BVQFWYJD,3,1,0,0,0,0,1,1,4
BVT753I2,3,1,0,0,0,0,1,1,4
BT7AC4SZ,3,1,0,0,0,0,1,1,4
BRYOOVUK,3,1,0,0,0,0,1,1,5
BVRJ84BW,3,1,0,0,0,1,1,0,4
BSH3FQ5X,3,1,0,0,0,1,1,0,4
BVUDDY54,3,1,0,0,0,1,0,1,4
BU5WSZF1,4,1,0,1,0,1,1,0,5
BTBNHDJE,3,1,1,0,0,0,1,0,4
BVTBR2XT,3,1,0,0,1,0,0,1,4
BTVGHYXX,3,1,0,0,0,0,1,1,5
BSPVIDKA,3,1,0,1,0,0,1,0,4
BR1TZGSO,3,1,0,0,1,0,0,1,4
BTIWV2AE,3,1,0,0,0,0,1,1,6
BVZGGNG1,3,1,0,0,0,1,1,0,4
BSMD6NFX,3,1,0,0,0,0,1,1,5
BW2OUVP1,3,1,0,0,0,0,1,1,4
BW23CXQH,3,1,0,0,1,0,0,1,4
BTKABVYN,3,1,0,0,0,0,1,1,4
BUR9IXNV,3,1,0,0,1,0,1,0,4
BSCKEE1L,3,1,0,0,0,0,1,1,4
BW792KH8,3,1,0,0,0,1,1,0,4
BS8HOIKW,3,1,0,1,0,0,1,0,5
BW9OUHTS,3,1,0,0,1,0,1,0,4
BU1TK7KZ,3,1,0,0,0,0,1,1,4
BT6W899S,3,1,0,0,0,0,1,1,4
BTNF3Q5A,3,1,1,1,0,0,0,0,4
BSXZY7V5,3,1,0,0,0,0,1,1,4
BQ5YJ6II,3,2,0,1,0,0,0,1,4
BWCAFRM6,3,1,0,1,0,0,1,0,4
BQD1HURI,3,1,0,0,0,0,1,1,4
BW99QEE3,3,1,0,0,0,0,1,1,4
BTH3GG3S,3,1,0,0,0,1,1,0,4
BSC6YNCL,3,1,0,0,0,0,1,1,4
BT3FE1VI,3,1,0,0,0,0,1,1,4
BR7RRXJP,3,1,0,0,0,1,0,1,4
BWA1ELTA,3,1,0,0,0,0,1,1,4
BQN2JJ8Z,3,1,0,0,1,0,0,1,4
BTXKOHHV,4,1,0,0,1,0,1,1,4
BT4BD5VT,4,1,1,1,0,0,1,0,4
BTXQ4QMS,3,1,0,0,0,0,1,1,4
BUZ8XUSA,3,1,0,0,0,0,1,1,4
BUMTGNDN,3,1,0,0,0,0,1,1,4
BSUTPOE8,3,1,0,0,0,0,1,1,6
BWCJROWZ,3,1,0,0,0,0,1,1,4
BT1HZXVQ,3,1,0,0,0,0,1,1,4
BTRRMMDC,3,1,0,0,0,0,1,1,5
BTWFA56Z,3,1,0,0,0,1,0,1,4
BQOJTUOT,3,1,0,0,0,0,1,1,4
BTZCFSBF,3,1,0,0,0,0,1,1,4
BU2MBT2F,3,1,0,0,1,0,1,0,4
BV4ALITE,3,1,0,0,0,0,1,1,4
BR5375JB,3,1,0,0,0,0,1,1,5
BU2OSNGH,3,1,0,0,0,0,1,1,4
BUPM1ENZ,3,1,0,0,0,0,1,1,4
BUQE4Y9V,3,1,0,0,0,0,1,1,5
BTUNNBOV,3,1,0,0,0,0,1,1,5
BTOZDP4Z,3,1,0,0,0,0,1,1,5
BSMBMP3O,3,1,0,0,0,0,1,1,4
BT494TOZ,3,1,0,1,0,0,0,1,5
BTXPZQ47,3,1,0,0,0,0,1,1,4
BTAG8LHN,3,1,0,0,0,0,1,1,4
BT87YRDG,3,1,1,0,0,0,1,0,4
BUVHMDJH,4,1,0,0,0,1,1,1,4
BT5J327P,3,1,0,0,1,0,0,1,5
BUG8H1IO,3,1,0,1,0,0,1,0,4
BUKHEUJA,3,1,0,0,0,0,1,1,4
BV2MM146,3,1,1,0,0,0,1,0,4
BT9B31NM,3,1,0,0,0,0,1,1,4
BT622SP9,3,3,0,0,0,0,1,1,4
BX12QM2V,3,1,0,0,0,0,1,1,4
BWUF7D9I,3,1,0,0,0,0,1,1,4
BQJH2H8X,3,1,0,0,0,0,1,1,4
BV388AAS,3,1,0,0,0,0,1,1,4
BWUYA2VR,3,1,0,0,0,0,1,1,5
BWWGC63T,3,1,1,0,0,0,0,1,4
BVEWUTAJ,3,1,0,0,0,1,0,1,6
BTYT5YDQ,3,1,0,0,0,0,1,1,4
BSRXLOLS,3,1,1,0,0,0,0,1,4
BQK2EXYX,3,1,0,0,0,1,1,0,4
BT6HQB8M,3,1,0,0,0,0,1,1,4
BV4VJ8KU,3,1,0,0,0,1,0,1,4
BQWSPK1U,3,1,0,0,0,0,1,1,4
BVJOC87Y,3,1,0,0,0,0,1,1,4
BTG7ZD63,3,1,0,0,0,1,1,0,4
BUMN62PF,3,1,0,0,0,0,1,1,4
BU1ZG4ER,3,1,0,0,0,0,1,1,4
BQNAEE25,3,1,0,0,0,0,1,1,4
BX25XXW3,3,1,0,0,0,1,0,1,4
BQOSWS5W,3,1,0,0,0,0,1,1,5
BTH5XMYS,3,1,0,0,0,0,1,1,4
BTLY2KMN,3,1,0,0,0,0,1,1,4
BX1KTRQ3,3,1,0,0,1,0,0,1,5
BX5XBVUI,3,1,0,1,0,0,1,0,4
BX34FEBI,3,1,0,0,1,1,0,0,5
BVA4V8ED,3,1,0,0,0,0,1,1,4
BST3HCHP,3,1,0,0,0,0,1,1,4
BURL8GNA,3,1,1,0,0,0,1,0,4
BX68X8Y3,3,1,0,0,0,0,2,1,4
BUDVZYX8,3,1,0,0,0,0,1,1,4
BRE3NPNP,3,1,0,0,0,0,1,1,4
BUA5DB35,3,1,0,0,0,0,1,1,4
BUG838F6,3,1,0,0,1,0,1,0,4
BXKTWY7X,3,1,0,0,0,0,1,1,4
BXBYAXGH,3,1,0,1,0,0,1,0,4
BXBPOZMS,3,1,1,0,1,0,0,0,4
BQVDL3LB,3,1,0,0,0,0,1,1,4
BUXRKAD9,3,1,0,0,0,0,1,1,4
BUIDG3WI,3,1,0,1,0,0,1,0,4
BXGJT4WB,3,1,0,0,0,0,1,1,4
BUYTIFCA,3,1,0,0,0,1,0,1,4
BUR3VFT5,3,1,1,0,0,0,1,0,4
BUJOVU4V,3,1,0,0,0,0,1,1,4
BUHTML4S,3,1,0,0,0,1,1,0,4
BXSUZMAW,3,1,1,0,0,0,1,0,5
BU3E7W8H,4,1,1,0,0,0,1,1,4
BTNX7NF2,3,1,0,0,0,0,1,1,4
BUW7C38U,3,1,0,1,0,0,0,1,4
BTYW8MDB,3,1,1,0,0,0,1,0,4
BUGB2CHO,3,1,0,1,0,0,0,1,5
BTMKMWDK,3,1,0,0,0,0,1,1,4
BUR4GLYS,3,1,0,0,1,0,0,1,4
BW3N932B,3,1,0,0,0,0,1,1,4
BXKYEZ9P,3,1,0,0,0,0,1,1,4
BXKATCLM,3,1,0,0,0,1,0,1,4
BVTU56DI,3,1,0,0,0,0,1,1,4
BV6MDH7Y,3,1,0,0,1,1,0,0,4
BUJZYJOD,3,1,1,0,0,0,0,1,4
BXXL1O6J,4,1,0,0,0,1,1,1,4
BXRXSS9A,3,1,0,0,0,1,0,1,4
BUQBZQ67,3,1,1,0,0,0,0,1,4
BXNA1PGF,3,1,0,0,1,0,0,1,4
BVWA8JTQ,3,1,0,0,0,0,1,1,4
BU3VQ9G7,3,1,0,0,0,0,1,1,4
BQV26QYK,3,1,0,0,0,0,1,1,4
BV18UDPI,3,1,0,0,0,0,1,1,4
BR12YE8J,3,1,0,1,0,0,0,1,4
BTT9Q961,3,1,0,0,0,0,1,1,4
BTADQB2P,3,1,0,1,0,0,1,0,4
BQT1RCUN,3,1,0,0,0,0,1,1,4
BVXJNH93,3,1,0,0,0,0,1,1,4
BV7LQH3L,3,1,0,0,0,0,1,1,4
BW3BYBR7,3,1,1,1,0,0,0,0,4
BQNWWT5D,3,1,0,0,0,0,1,1,4
BVXT9DDL,3,1,0,0,0,0,1,1,4
BVF398XW,3,1,0,0,1,0,1,0,4
BTXTHMNS,3,1,0,0,0,1,0,1,4
BTEI14AQ,3,1,1,0,0,0,0,1,4
BW5A7USA,3,1,0,0,0,0,1,1,4
BY1GPOMP,3,1,0,0,0,0,1,1,4
BU6OOQGQ,3,1,0,0,1,0,1,0,4
BW65IKVM,3,1,0,0,0,0,1,1,4
BYCNU2Q2,3,1,0,0,0,1,0,1,4
BY5RAWXP,3,1,0,1,0,0,0,1,4
BVI6CDET,3,1,0,0,0,1,0,1,4
BV2AZUVY,3,1,0,1,0,0,0,1,4
BVO55VPU,3,1,0,0,0,0,1,1,4
BY2L8YFA,3,1,0,0,0,1,1,0,4
BY5EF9E4,3,1,0,1,0,1,0,0,4
BV3BGU3Q,3,1,0,0,0,0,1,1,4
BUVOP1R8,3,1,0,0,0,0,1,1,4
BTKJ4ZDM,3,1,0,0,1,0,0,1,4
BV5MQD2M,3,1,0,0,1,0,0,1,4
BYJDWVM4,3,1,0,0,0,0,1,1,4
BYJFLG9I,3,1,0,0,0,1,0,1,4
BW7JHHZL,3,1,0,0,0,0,1,1,4
BYCEMNVC,4,1,0,0,1,0,1,1,4
BVA6NVXQ,3,1,0,0,1,0,1,0,4
BRGLWLD3,3,1,1,0,0,0,1,0,4
BS1WQ9DM,4,1,0,1,0,0,1,1,4
BUHENRNW,3,1,0,0,0,0,1,1,4
BYC8TVC4,3,1,1,0,0,0,1,0,4
BV7WWWVJ,3,1,0,0,0,0,1,1,4
BYANTQCG,3,1,0,0,1,0,0,1,4
BWHNGZOO,3,1,0,1,0,0,1,0,4
BUZL7919,3,1,0,0,0,0,1,1,4
BS9N1GQG,3,1,0,1,0,0,1,0,4
BU8LQKV8,3,1,0,0,0,1,1,0,4
BV2S3X43,3,1,0,0,1,0,0,1,4
BRWR4WDD,4,1,0,1,0,0,1,1,4
BUHZUMX1,3,1,0,0,1,0,1,0,4
BRWXAPR3,3,1,0,0,0,0,1,1,4
BYIXZ8VX,3,1,1,0,0,0,0,1,4
BYIZ9ABI,3,1,0,0,0,0,1,1,4
BQX1Q57Y,3,1,0,0,0,0,1,1,4
BWOJ6ZVL,3,1,1,0,0,0,1,0,4
BYKAYKFR,3,1,0,0,0,1,0,1,4
BVG12G3N,3,1,0,1,0,0,1,0,4
BS176XUS,3,1,0,0,0,1,0,1,4
BYMUFG84,3,1,0,0,0,1,0,1,4
BRAU779P,3,1,0,1,0,0,0,1,4
BVZL2CB7,3,1,0,0,0,0,1,1,4
BUH22OFR,4,1,0,0,0,1,1,1,4
BYZN1WJE,3,1,0,0,1,0,0,1,4
BW1J9ORH,3,1,0,0,0,0,1,1,4
BVNEUGVF,3,1,0,0,0,0,1,1,4
BWQ2OG4Y,3,1,0,0,0,0,1,1,4
BVDR8TZJ,3,1,0,0,0,0,1,1,4
BYPCQVSS,3,2,0,1,1,0,0,0,5
BWPCIVSV,3,1,0,0,0,0,1,1,5
BU3HTXX3,3,1,0,0,0,0,1,1,4
BWPN9FJ4,3,1,0,1,1,0,0,0,4
BYYCF3AS,3,1,0,0,0,0,1,1,5
BW45C7AU,3,1,0,0,0,0,1,1,4
BR1YGGXF,3,1,1,0,0,0,1,0,4
BUSMYK81,3,1,0,0,0,0,1,1,4
BVPXQN69,3,1,0,0,0,0,1,1,4
BVNTTJ91,3,1,0,0,0,0,1,1,4
BVQ2J2HA,3,1,0,0,0,0,1,1,4
BUTFKBFF,3,1,0,0,0,0,1,1,4
BUUIU3LB,3,1,0,1,0,0,1,0,4
BYYNVRI3,3,1,1,0,0,0,0,1,4
BVEWMXEY,3,1,0,0,0,0,1,1,6
BZ3R4MNR,3,1,0,0,0,0,2,1,4
BV18E1LX,3,1,0,0,0,0,1,1,4
BUSLCSPD,3,1,0,0,0,0,1,1,4
BYZTGAW4,3,1,0,1,0,0,1,0,4
BZ26S5HZ,3,1,0,0,0,0,1,1,4
BXDS8PC7,3,1,0,0,0,0,1,1,4
BWB6LLV7,3,1,0,1,0,0,0,1,4
BWBL3UXX,3,1,0,0,0,0,2,1,4
BVR9X1EK,3,1,0,0,0,0,1,1,4
BWCLOJ4A,3,1,0,0,0,1,1,0,4
BX4OJWNF,3,1,0,1,0,0,1,0,4
BUW4DI3D,3,2,0,0,0,0,1,1,4
BZ7A6WFF,3,1,0,0,0,0,1,1,4
BUUAKX56,3,1,0,0,0,1,1,0,4
BVZJSP17,3,1,0,0,0,0,1,1,4
BVZYFGUC,3,1,0,1,0,0,1,0,4
BVZO6D84,3,1,0,0,0,0,1,1,4
BZ8IKWDG,3,1,0,0,0,1,1,0,4
BZ78CR7C,3,1,0,0,0,0,1,1,4
BSI2BLI4,3,1,0,0,0,0,1,1,5
BW7IO9EV,3,1,0,0,0,0,1,1,4
BVWN2NL6,3,2,0,0,0,0,1,2,4
BSD6KEAM,3,1,1,0,0,0,0,1,4
BX9UTP5U,3,1,0,0,0,0,1,1,4
BWHGVSWR,3,1,0,0,0,0,1,1,4
BWJ3EMZD,3,1,0,0,0,0,1,1,4
BW2Q7DZF,3,1,0,0,1,0,0,1,4
BV7NO6H7,3,1,1,0,1,0,0,0,4
BW2SWPE1,3,1,0,0,0,0,1,1,4
BW52BB94,3,1,0,0,0,0,1,1,4
BWMIQX24,3,1,0,1,0,0,1,0,4
BUIPDCX6,3,1,0,0,1,0,0,1,4
BUZBIBSO,3,1,0,0,0,0,1,1,4
BWO928XP,3,1,0,0,0,0,1,1,5
BZN6ST7L,3,1,0,0,0,0,1,1,4
BUIMCBHG,3,1,0,0,0,0,1,1,4
BWE8UH84,3,1,1,0,0,0,0,1,4
BV9ZS1V4,3,1,0,0,1,0,0,1,4
BWPNO5BX,3,1,0,0,0,0,1,1,4
BXLZOVAT,3,1,0,0,0,0,1,1,4
BRU7AIZB,3,1,0,0,0,0,1,1,4
BZVNRK54,3,1,0,0,0,0,1,1,4
BSYKUS9K,3,1,0,0,1,0,1,0,4
BXZHAPT3,3,1,0,0,0,0,1,1,4
BV5OUDT6,3,1,1,0,0,0,1,0,4
BVELXPP4,3,1,0,0,0,0,1,1,4
BW78TUZQ,3,1,0,0,0,0,1,1,4
BRFHEK8Z,3,1,0,0,0,0,1,1,5
BWGF6U5U,3,1,0,0,0,0,1,1,5
BWZ8J4MX,3,1,0,1,0,1,0,0,4
BZYELCVG,3,1,0,0,1,0,0,1,4
BVTH5RX6,3,2,0,0,1,0,0,1,4
BWT7L7P1,3,1,0,0,0,0,1,1,4
BRXE7LMJ,3,1,0,0,0,0,1,1,4
C1EB3ZTT,3,1,0,0,0,0,1,1,4
BXP5RVMQ,3,1,0,0,1,0,0,1,4
BY88U9L5,3,1,0,1,0,0,0,1,4
BVC6USSZ,3,1,0,0,0,0,1,1,4
BXPT33GQ,3,1,0,0,0,0,1,1,4
BWNHFBXY,3,1,0,1,0,0,0,1,4
BWJSODHD,3,1,0,0,0,0,1,1,5
BXT71DL6,3,1,0,0,0,0,1,1,5
BVDMXPNF,3,1,0,0,0,1,0,1,4
BVT3EDJ9,3,1,0,0,0,0,1,1,4
BVC34CXP,3,1,0,0,0,1,1,0,4
BXBTBWIF,3,1,1,0,0,0,0,1,4
BVPNQGNZ,3,1,1,0,0,0,0,1,4
BWKA81MN,3,1,0,0,0,0,1,1,4
BWPJNT9E,3,1,0,0,0,0,1,1,4
BT78JXZ5,3,1,0,0,0,0,1,1,4
BVRQOBKK,3,1,0,0,0,0,1,1,4
BY1NR8AC,3,1,0,0,0,0,1,1,4
BVN2F1BF,3,1,0,1,0,0,0,1,4
BVNFGYEY,3,1,0,0,0,0,1,1,5
BVQKF9AS,3,1,0,0,0,1,0,1,4
BVFDFQH8,3,1,1,0,0,0,0,1,4
BSGEERAR,3,1,0,1,0,0,0,1,4
BX92XVTE,3,1,0,0,0,0,2,1,4
BW2JUUKW,3,1,0,1,0,0,0,1,4
BUTGHPWW,3,1,0,0,1,0,1,0,4
C1DECV3G,3,1,0,0,0,1,1,0,4
BVRSBQT5,3,1,0,0,0,0,1,1,4
BVI3QNU2,3,1,0,0,0,1,0,1,5
BRVZPM9A,3,1,0,0,0,0,1,1,6
BWSXG6SR,3,1,0,0,0,1,0,1,4
C1FMO4FV,3,1,0,0,0,0,1,1,4
BWW4LS69,3,1,0,0,0,1,0,1,4
BRWIMM4A,3,1,0,0,1,0,1,0,5
C1N61UYT,3,1,1,0,0,0,0,1,4
BWV8HA7B,3,1,0,1,0,0,1,0,4
BWX94WLB,3,1,0,0,0,1,1,0,4
BWXEO8MK,3,2,1,0,0,0,0,1,4
BWWPR1KY,3,1,1,0,1,0,0,0,4
BYQCUJHS,3,1,1,0,0,0,0,1,4
BS9RLXVK,3,1,0,0,0,0,1,1,5
BXKEWWAX,3,1,0,0,1,0,0,1,6
BSCFVFYE,3,1,0,0,0,0,1,1,4
BYEVRSDM,3,1,0,0,0,0,1,1,4
BYFO5O1T,3,1,1,0,0,0,1,0,4
BX92WHXA,3,1,0,0,0,0,1,1,4
BRZJZNEX,3,1,0,0,0,0,1,1,4
C244BYW1,3,1,0,0,0,0,1,1,4
C1OBM9GD,3,1,0,0,0,0,1,1,4
BT31PC9P,3,1,0,0,0,0,1,1,4
BT22KEK4,3,1,0,0,0,0,1,1,4
BWQRTXSE,3,1,0,0,0,0,1,1,4
BWU1WAVK,3,1,0,0,0,0,1,1,4
BXVOZJLC,3,1,1,0,0,0,0,1,4
BW69H2CS,3,1,0,0,0,0,1,1,4
BW61WD15,3,1,0,0,0,0,1,1,4
BXIDS1LR,3,1,0,0,0,0,1,1,4
BWXA4KT6,3,1,0,0,0,0,1,1,4
BT9C5MPT,3,1,0,0,0,1,1,0,4
BYHU53QK,3,1,0,0,0,1,1,0,4
BW7GKKTK,3,1,0,0,0,0,1,1,5
BXDTX2NK,3,1,0,1,0,0,0,1,5
BVCNDXMV,3,1,0,0,0,0,1,1,4
BSDU18PE,3,1,0,0,0,0,1,1,4
BWF518KS,3,1,0,0,1,0,0,1,4
C24S8Q6R,3,1,1,0,0,0,1,0,4
C28MI5D5,3,2,0,0,0,1,0,1,4
BXXDPTQL,3,1,1,0,0,0,1,0,4
BSGY4LNL,3,1,1,0,0,0,1,0,4
BXC3N1N5,3,1,0,0,0,0,1,1,4
BXQN64J8,3,1,0,1,0,0,1,0,4
BXEWNQJ4,3,1,1,0,0,0,0,1,4
BRKLO7B3,3,1,0,0,0,0,1,1,4
BXFPMMO5,3,1,1,0,0,0,1,0,4
BWH5MCX7,3,1,0,0,1,0,1,0,4
BVL7W3I5,3,1,1,0,0,0,0,1,4
BW8UAT5W,3,1,0,0,0,1,1,0,4
BVFWXYBV,3,1,0,0,0,0,1,1,5
BWHPOR44,3,1,0,0,0,0,1,1,4
C2GOILSF,3,1,0,0,0,0,1,1,4
BYZ3ZZUZ,3,1,0,0,0,0,1,1,6
BSGWWKDO,3,1,0,0,0,0,1,1,4
C2JMVVYE,3,1,0,0,0,1,1,0,5
C2FWVZEE,3,1,0,1,0,0,0,1,4
C2D3MVCF,3,1,0,0,0,0,1,1,4
BWI4X8VV,3,1,0,0,0,0,1,1,4
BSAO6F3C,3,1,0,0,0,0,1,1,4
BTTWLSBO,3,1,0,0,0,0,1,1,4
BS9RBPQF,3,1,0,0,0,0,1,1,4
BSB6UK33,3,1,0,0,0,0,1,1,4
BXU9ZFYP,3,1,1,0,0,0,0,1,4
BVMCMM5I,3,1,0,1,0,0,0,1,4
C2NTN2V8,3,1,1,0,0,0,0,1,4
BROYVYEE,3,2,0,1,0,0,1,0,4
BWCB4C68,3,1,0,0,0,0,1,1,4
BZKJ2HZO,3,1,0,0,0,0,1,1,4
C2PU7MIT,3,1,0,0,0,0,1,1,4
BS553VNW,3,1,0,0,0,0,1,1,6
BZ7V2JSI,3,1,0,1,0,0,0,1,4
BVOEFL4W,3,1,0,0,0,0,1,1,4
BXPXOR9M,3,1,0,0,0,0,1,1,4
BWD4VJJF,3,1,0,0,0,0,1,1,4
BXVI8SAQ,3,1,0,0,0,0,1,1,4
BXHF2W4E,3,1,0,0,0,0,1,1,4
BY1PFTZW,3,1,0,1,0,0,0,1,4
BX3C2T8Y,3,1,1,0,0,0,0,1,5
BWOEFDMY,3,1,0,0,0,0,1,1,4
BZQ4X6PO,3,1,0,0,0,0,1,1,4
C2WE1XRK,3,1,0,0,0,0,1,1,4
BWYKRCV1,4,1,0,0,1,1,0,1,4
BXY5S288,3,1,0,0,0,0,1,1,4
BWRV1AZP,3,1,0,0,0,0,1,1,5
BXPDA6NP,3,1,0,0,0,0,1,1,4
BSMRR9SR,3,1,0,0,0,1,0,1,4
C2VBTPUJ,4,1,0,0,1,0,1,1,4
BXWR3EZ2,3,1,0,0,0,0,1,1,5
BY21NEBU,3,1,0,1,0,0,1,0,4
BZG4MEX9,3,1,0,0,0,0,1,1,4
BZAF4WPL,3,1,0,1,0,0,0,1,4
BXYTZGT1,3,1,1,0,0,0,1,0,4
BZIB6B8U,3,1,0,0,0,0,1,1,4
BXXNOBED,3,1,0,0,0,0,1,1,5
BWOSHSQ2,3,1,0,0,1,0,1,0,4
C34YMDUB,3,1,0,0,0,0,1,1,5
BXT86Q18,3,1,0,0,0,0,1,1,4
BZK5F8JN,3,1,1,0,0,0,0,1,4
C2Y1FAMW,3,1,0,0,0,0,1,1,5
BU5MK8QP,3,1,0,0,0,0,1,1,5
BY2QZGIM,3,1,0,0,1,0,0,1,4
BSO7UEW1,3,1,0,1,0,0,1,0,4
BWKV6M95,3,1,1,0,0,0,1,0,5
BY1IBFR6,3,1,0,0,0,0,1,1,4
BY1U5J8Y,3,1,0,1,0,0,0,1,4
BX48IHJW,3,1,0,1,1,0,0,0,5
BYBG18JX,3,1,0,0,0,0,1,1,4
BSBXZNDS,3,1,0,0,1,0,1,0,4
BX138654,3,1,1,0,0,0,0,1,4
BWT4VXK3,3,1,0,0,0,0,1,1,4
C33ZMR9B,3,1,0,0,0,0,1,1,4
BY1LMGWD,3,1,0,0,1,0,0,1,4
BY2Q83JQ,3,1,0,0,1,0,0,1,4
BYBFR3ZU,3,1,0,1,0,0,0,1,4
BX5JWLVE,3,1,1,0,0,0,0,1,4
C3CJ4ARK,3,1,0,0,1,1,0,0,4
BWVHHLFC,3,1,0,0,0,0,1,1,4
BX16NLXY,3,1,0,0,0,0,1,1,4
C3BGOEPO,3,1,0,0,0,0,1,1,4
C3CXBIE9,3,1,0,0,0,0,1,1,4
BXY5KHDD,4,1,1,0,0,0,1,1,4
BZMJ7AUD,3,1,0,0,0,0,1,1,4
C3BER27M,3,1,0,0,0,0,1,1,4
BWUYSDHW,3,1,0,0,0,0,1,1,4
BY9P9X6Z,3,1,0,0,0,0,1,1,4
BSVO5WOP,3,2,0,0,0,0,1,1,4
BZOD3MW7,3,1,0,0,0,0,1,1,4
BZSV96BS,3,1,1,0,0,0,1,0,4
BZ5GPFEU,3,1,0,0,0,0,1,1,4
BX52XI95,3,1,0,0,0,0,1,1,4
BZU3VOIP,3,1,1,1,0,0,0,0,4
BXZPY3P1,3,1,0,0,0,0,1,2,4
C3DN7TGC,3,1,0,1,0,0,0,1,4
C1DMYXP6,3,1,0,0,0,1,1,0,4
BX9CVQD5,3,2,1,0,0,0,0,1,4
BX7J2EGD,3,1,0,0,0,1,1,0,4
C3PKYY8E,3,1,0,0,0,0,1,1,4
BY36NU15,3,1,0,1,0,0,0,2,4
C3MRY91P,3,1,0,1,0,0,1,0,4
BSXG94Z5,3,1,0,0,0,0,1,1,4
BT4XVW11,3,1,0,0,0,1,0,1,4
BY5TNNYY,3,1,0,0,0,0,1,1,4
BZ5PX4Q2,3,1,0,0,0,1,0,1,4
C1JZWSI7,3,1,1,0,0,0,1,0,4
BYP5GI1A,3,1,0,0,1,0,1,0,4
BYURGCQJ,3,1,0,0,0,0,1,1,4
BX5PYRME,3,1,0,0,1,0,0,1,4
C3UVY2ZZ,3,1,0,0,0,1,0,1,4
C3UZYYXB,3,1,0,0,0,0,1,1,4
C18MHJ63,3,1,0,0,0,0,1,1,5
C3XPXZ7Y,3,1,0,0,0,0,1,1,4
C3SIYZB9,3,1,0,0,0,0,1,1,4
BXJBBGWY,3,1,0,0,1,0,0,1,4
C4A34ACO,3,1,0,0,0,0,1,1,4
BU6GRGET,3,1,0,1,0,0,0,1,4
C3VSHKRF,3,1,0,0,0,0,1,1,5
BXFE44PW,3,1,0,0,0,0,1,1,4
BSU7VOTK,3,1,0,0,0,0,1,1,4
BZ1XKFFB,4,1,0,1,0,0,1,1,5
BYDLMFJ6,3,1,0,0,0,0,1,1,4
C3XPFYV7,3,1,0,0,0,0,1,1,4
BYBTXWI1,4,2,0,1,0,1,0,1,4
C3VP36FJ,3,1,0,0,1,0,0,1,4
BSZ56B89,3,1,0,0,0,0,1,1,4
BYQ81P3O,3,1,1,0,0,0,1,0,4
BXQIPOK8,3,1,0,0,1,0,0,1,4
C1SWZH5F,3,1,0,0,0,0,1,1,4
BXJCXC1H,3,1,0,0,0,0,1,1,5
BXN92VWO,3,1,1,0,0,0,1,0,4
BXQUZVDF,3,1,0,0,0,0,1,1,4
BSKR5MCP,3,1,0,0,0,0,1,1,4
C42EJXRJ,3,1,0,1,0,0,0,1,4
BYIIB7JY,3,1,0,0,0,0,1,1,4
BXEBLVAO,3,1,1,0,0,0,1,0,5
BXO7MQXE,3,1,0,0,1,0,0,1,4
BXM8E9JO,3,1,0,0,0,0,1,1,5
BY38X1AP,3,1,0,0,0,0,1,1,4
C4A9GENT,3,1,0,1,0,0,1,0,4
BRZ8NLRR,3,1,0,0,1,0,0,1,4
BZ15QMKR,3,1,0,0,0,0,1,1,4
BWU42OHY,3,1,0,0,0,1,1,0,4
C1YPMJZ8,3,1,0,0,0,0,1,1,5
BXQBI6RP,3,1,0,0,1,0,1,0,4
C4OOHHKW,4,1,0,0,1,0,1,1,5
BTFTZYIL,3,1,0,0,0,0,1,1,4
BXX8VKFE,3,1,1,0,0,0,1,0,4
BT39X6M9,3,1,0,0,0,0,1,1,4
BXFVNNEG,3,1,0,0,0,1,0,1,4
BZ6YDNVB,3,1,0,0,0,0,1,1,4
BYZJ6F3G,3,1,0,1,0,0,0,1,4
BXS8XZ94,3,1,0,0,0,0,1,1,4
C1Q7OT89,3,1,0,0,0,0,1,1,5
C1JQQ8WG,3,1,0,0,0,0,1,1,4
BXI9UIKB,3,1,0,0,0,0,1,1,4
C26KL8TM,3,1,0,0,0,1,0,1,4
BZ8LEVQ4,3,1,0,0,0,0,1,1,4
BUXNFS97,3,1,0,0,0,0,1,1,4
BTBM7J79,3,1,0,0,0,0,1,1,4
C1SE5SU6,4,1,1,0,1,0,1,0,4
C4NLUTMA,3,1,0,0,0,0,1,1,4
BZEEV9A2,3,1,0,0,0,0,1,1,4
C1SEVDH7,3,1,0,0,0,0,1,1,4
C4K1I8XI,3,1,0,0,0,0,1,1,4
BZS8X6JY,3,1,0,0,0,0,1,1,5
BSFLSPFW,3,1,0,0,0,0,1,1,4
C12IT69O,3,1,0,0,0,0,1,2,4
C4KJCUG6,3,1,0,0,0,0,1,1,5
BT6V7NB8,3,1,0,0,0,0,1,1,4
BUEQOZZM,3,1,0,0,0,0,1,1,5
BZSJJUXS,3,1,0,0,1,0,0,1,4
BZCA4UYC,3,1,1,0,0,0,0,1,4
C1NZSIWM,3,1,0,1,0,0,0,1,4
C1WIH28V,3,1,0,0,0,0,1,1,4
BSSTINPG,3,1,0,0,0,0,1,1,5
C4RIDOV7,3,1,0,0,0,1,1,0,4
BYSTN1RO,3,1,1,0,1,0,0,0,4
BZJ9YFB9,3,1,1,0,0,0,0,1,4
C4T7QQGW,3,1,0,0,0,0,1,1,4
BZOD9LEB,3,1,0,0,0,0,1,1,7
BUIAT4JH,3,1,0,0,0,0,1,1,4
BXR2A9SX,3,1,0,0,0,0,1,1,6
C4RTW82N,4,1,1,0,1,0,0,1,4
C4R8O168,3,1,0,0,0,0,1,1,4
C4RB5DUB,3,1,0,0,0,0,1,1,4
C1ZRKTGZ,3,1,0,0,0,0,1,1,4
C245G178,3,1,0,1,0,0,1,0,4
BY4ALBW3,3,1,0,0,0,0,1,1,4
BZ7VEGL8,3,1,0,0,0,0,1,1,4
C142GR6B,3,1,0,0,1,0,0,1,4
BTZQVSXZ,4,1,0,0,0,1,1,1,4
BZ1B6UVD,3,1,0,0,0,0,1,1,4
C54151HO,3,1,0,0,0,0,1,1,4
BY6LCB3Z,3,1,0,0,0,0,1,1,4
BZQP6IJT,3,1,0,0,1,0,1,0,5
BY999N7M,3,1,0,0,0,0,1,1,4
C55XP1TJ,3,1,1,0,1,0,0,0,4
C577WEAA,3,1,0,0,0,1,1,0,4
C57IDRXP,3,1,0,0,0,0,1,1,4
BXZXMT4B,3,1,0,0,0,0,1,1,4