Seed,DesiredNegatives,LegendaryNegatives,SkipTagOne,SkipTagTwo,RandomNegatives
457U2,1,0,0,0,0
7JCXL,1,0,0,1,0
9YLX1,1,0,0,0,2
Q38K5,1,0,0,1,1
12B7GH,1,0,0,0,1
15XCM8,1,0,0,0,0
1MJD4A,1,0,1,0,1
16Z248,2,0,0,1,1
1DT49Q,1,0,1,0,2
1HB8ZI,1,0,0,0,0
1KIKBP,1,0,0,0,1
14ELN2,1,0,1,0,0
1GOWYT,1,0,0,0,1
12KO92,1,0,1,0,3
1HUIQM,1,0,1,0,4
1PWY25,1,0,3,1,1
23DGFM,1,0,0,1,2
3IG5TX,1,0,0,0,3
2HT5KC,1,0,0,0,0
28YBAM,1,0,0,0,0
3IKUOL,1,0,0,0,1
3QEXNI,1,0,0,2,2
2E5EI6,1,0,1,0,0
2YO45Z,1,0,1,1,0
4ND1MK,1,0,0,0,1
4RE58T,1,0,0,1,1
2XXCRK,1,0,1,1,2
36CP41,1,0,0,1,0
36Y869,1,0,0,1,0
358D88,1,0,1,0,0
3IMSD9,1,0,1,0,0
3UUPVK,1,0,1,0,0
3Q2NUT,1,0,1,1,0
3NENU8,1,0,0,0,1
36NQDA,1,0,0,0,1
44QKLW,2,0,0,2,1
48GB6Y,1,0,2,0,0
4YZ4HT,1,0,1,1,0
6J2YGS,1,0,0,0,0
3NRSX4,1,0,2,1,1
3T187W,1,0,0,0,1
44DU2G,1,0,0,0,0
3WV6QW,1,0,0,1,1
3WW2H4,1,0,0,0,1
4F3AUX,1,0,0,1,1
47JM2M,1,0,2,0,0
3YOKWV,1,1,0,0,0
47Z8YY,1,0,0,0,1
42PR3H,1,0,0,0,2
482WKM,1,0,1,0,1
4HQRGT,1,0,0,1,1
7H8Q7V,1,0,0,0,0
55KV2C,1,0,0,0,0
51K9CE,1,0,0,1,1
4KDBRL,1,0,0,1,0
6SPYUU,1,0,1,1,1
4PZYJM,1,0,1,1,1
89ABCU,1,0,0,0,0
51DNL6,1,0,0,0,1
56CSUQ,1,0,1,0,1
55FSO5,1,0,0,1,0
5Q49UZ,1,0,0,0,1
8VOAW6,1,0,1,2,0
57XIIE,2,0,0,0,1
52C86C,1,0,0,0,0
5LDKJT,1,0,0,0,0
5A9ZRI,1,0,1,0,1
8W4VGH,1,0,1,0,2
8V6CV7,1,0,0,3,3
5E4B4R,1,0,0,0,1
62D5K3,1,0,2,0,1
69GTDG,1,0,0,0,1
6K36IS,1,0,0,0,1
5ZR2JP,1,0,1,0,2
6EDT83,1,0,0,1,1
6TAYRL,1,0,0,0,0
AM2STY,1,0,2,0,1
6WPZEK,1,0,1,0,1
78IFU5,1,0,1,2,0
7LEG4J,1,0,2,0,0
78NE3W,1,0,0,0,0
AT59UK,1,0,0,3,2
BWPS2U,1,0,0,0,3
6RK8S6,1,0,0,0,1
6X6XT4,1,0,0,0,2
7P1WV5,1,0,0,0,2
6ZKMJ4,1,0,0,1,1
7DWF9Y,1,0,0,0,0
7AOE9I,1,0,0,0,0
7NYNDE,1,0,0,1,4
7TX5VK,1,0,0,2,2
8EA57E,1,0,0,0,0
7MIGJ1,1,0,0,0,1
6S75MD,1,0,0,0,1
CFPET6,1,0,0,1,1
7UFBYQ,1,0,0,1,3
8F37QV,1,0,0,0,1
8FOPUK,1,0,1,0,1
CRO7AD,1,0,0,0,0
7PTRQ4,1,0,0,0,2
8CESYZ,1,0,0,3,1
C7OBN6,1,0,1,1,0
8I8QXH,1,0,0,0,0
8WG1Q8,1,0,1,0,1
E7QN2D,1,0,0,0,1
8CTESJ,1,0,2,0,1
7ZWPAD,1,0,1,0,3
8WRWLP,1,0,1,0,1
965CCF,1,0,1,0,0
8S8YUC,1,0,1,0,1
EUVSPR,1,0,0,1,1
95A4WF,1,0,0,0,0
9LBNKZ,1,0,0,1,0
DQSZ2U,1,0,0,0,1
ER5L39,1,0,0,0,1
95V4YN,1,0,1,0,1
FYAASB,1,0,0,0,2
9UKM4Q,1,0,2,0,1
97W7UO,1,0,1,0,2
ANCSJN,1,0,0,0,1
AQZ7OP,1,0,0,0,2
AHDJZQ,1,0,0,0,1
AESNIC,1,0,1,0,0
E4ACXA,1,0,0,0,0
AULPXK,1,0,1,0,2
GG7SME,1,0,1,1,3
BCM87B,1,0,1,0,0
H2XUC2,1,0,1,0,1
AZ925P,1,0,0,1,0
BIQCOU,1,0,2,0,1
B2IYWV,1,0,0,1,1
ABLLMT,1,0,0,0,1
I4HMMP,1,0,0,1,0
GM3TF3,1,0,1,0,0
BBXG7U,1,0,0,0,2
BDJD9G,1,0,2,0,2
C2AFI1,1,0,1,0,0
BD74UO,1,0,0,0,2
BP6342,1,0,0,0,0
HUHHV6,1,0,2,0,2
8LDI9N,1,0,1,0,4
BWKAUG,1,0,2,1,0
B93CU4,1,0,1,0,0
A9H5DN,1,0,1,0,3
GWDUDP,1,0,0,0,0
ILJUXX,1,0,0,1,0
CO75OQ,1,0,1,1,1
CW2IAH,1,0,0,0,1
CEGZIL,1,0,0,0,1
CBXZMA,1,0,1,0,0
CW99MX,1,0,1,0,1
CFCUXN,1,0,1,1,0
CO8S7M,1,0,0,1,1
BTZ17Z,1,0,1,0,0
KFJHC1,1,0,0,0,1
CTTTKS,1,0,1,0,2
DS3FPP,1,0,1,1,1
LADIRD,1,0,0,0,1
CGMNMS,1,0,1,0,0
BHHF64,1,0,0,0,3
CY5P6G,1,0,0,0,1
DG97GX,1,0,2,0,1
DIVKDD,1,0,0,1,1
L1FSB1,1,0,1,0,1
BY6GCE,1,0,1,1,1
MVYSY3,1,0,0,0,0
ET8R7I,1,0,0,1,1
FDCRFM,1,0,0,0,0
EDYIUN,1,0,1,1,1
KS9UCQ,1,0,0,2,0
ENK9QF,1,0,0,0,0
EL16S8,1,0,0,1,1
MYBC3B,1,0,1,1,2
EXWQOH,1,0,0,0,2
EDSVH7,1,0,0,0,1
FZRZ9D,1,0,0,0,0
GBNLSK,1,0,0,0,1
MXMPKB,1,0,2,0,2
F92LOO,1,0,1,0,0
FW16FQ,1,0,0,0,0
GAFGJ5,1,0,1,0,2
7VY7EQ,1,0,0,1,2
FO8C2C,1,0,0,1,1
FIFGG2,1,0,0,1,1
FZJAKK,1,0,0,1,0
GHJL6Z,1,0,2,1,1
GOZEGB,1,0,0,0,0
FS9BQF,1,0,0,0,1
FT68NF,1,1,0,0,1
RHHJQX,1,0,0,0,2
PWHE3J,1,0,0,1,0
PP7AT8,1,0,0,0,1
IO1LPP,1,0,0,1,0
IF3JFR,1,0,0,0,2
GH3NRE,1,0,1,0,0
PQIFPN,1,0,1,1,2
I8O2VM,1,0,0,1,2
EYW2E2,1,0,0,1,0
HRWJAG,1,0,2,1,3
IILGSI,1,0,0,0,4
HEWDBT,1,0,1,0,2
GUJQGF,1,0,0,1,3
J57IEP,1,0,0,1,2
S7IFXE,1,0,0,1,2
HJJQTI,1,0,1,0,0
C9QT7K,1,0,0,1,2
H8LZB7,1,0,0,0,0
HAUH86,1,0,1,0,0
J4265R,1,0,0,2,0
HGOAYN,1,0,0,0,2
JBXJZR,1,0,0,1,1
T6KHSR,1,0,0,1,0
JDYZ8K,1,0,0,0,2
ALSZPA,1,0,1,0,0
SBEZN5,1,0,0,0,2
K4MJBQ,1,0,0,1,0
K6RKKO,1,0,2,0,1
U933KE,0,2,0,0,3
T4B6XW,1,0,1,0,0
KC8MSH,1,0,1,2,1
9KBEZX,1,0,0,1,2
KM8H91,1,0,0,0,1
JQ519W,1,0,0,0,1
E26627,1,0,0,1,2
UJUAE6,1,0,2,0,0
I8CIXB,1,0,0,1,2
J9I6TP,1,0,0,1,1
J8OQT9,1,0,2,1,2
VRMJ2F,1,0,0,0,0
JRLNZV,1,0,0,0,0
KR12HF,1,0,1,2,2
LIKZYT,1,0,0,0,1
MRG5JC,1,0,0,0,1
W7PQWL,1,0,1,0,1
LUAY6O,1,0,1,0,2
WDIYLD,1,0,0,1,1
LAQ51Y,1,0,0,0,0
KTYMNU,1,0,0,1,1
N3APR1,1,0,1,0,1
K6S6QH,1,0,0,0,2
KVUFT6,1,0,1,0,1
MW1TZ4,1,0,2,0,1
YMUTCZ,1,0,0,0,2
L7RFVC,1,0,0,0,0
NR6IC1,1,0,0,0,1
M6JWMP,1,0,2,0,0
X258MT,1,0,0,1,0
M67ELY,1,0,1,0,0
LNZDIW,1,0,0,0,2
MC6YOT,1,0,0,0,0
L47BMD,1,0,1,1,1
L1U3ZV,1,0,0,0,0
12MRW2L,1,0,1,0,2
N4CIFQ,1,0,0,0,1
MEABZO,1,0,0,1,0
L6Z1LZ,1,0,0,0,2
MOAEFF,1,0,3,1,0
LG41I5,1,0,1,0,1
OMS5D7,1,0,0,1,2
YBYW2O,1,0,1,1,1
NAKLWH,1,0,1,1,0
GZSBGO,1,0,2,0,0
12Y2YSP,1,0,1,0,1
ZUO3O5,1,0,1,1,1
MVVYB8,1,0,1,1,2
P9P6YB,1,0,0,0,2
PQ3ERB,1,0,0,0,2
PQGUTK,1,0,1,0,0
O55I6Z,1,0,0,0,0
I4RPNU,1,0,0,0,0
OBHDE5,1,0,1,0,2
PGM947,1,0,0,2,3
OFK8KN,1,0,1,0,1
Q8N92Y,1,0,0,2,0
P2SOEX,1,0,1,0,0
POX9EU,1,0,0,0,0
14A8IFR,1,0,0,0,1
QDOY67,1,0,1,1,2
P6SLF4,1,0,0,0,0
O6BUSV,1,0,1,0,1
OUENOP,1,0,0,0,1
12OXDC5,1,0,0,0,0
RRTIIR,1,0,1,0,1
13FA2NR,1,0,0,1,2
Q37B2W,1,0,0,1,0
Q9AAO4,1,0,0,1,1
R9NCZN,1,0,2,0,0
RBWIQD,1,0,1,0,1
Q19A8T,1,0,1,0,0
OETBDK,1,0,1,0,2
RE79G2,1,0,0,3,3
OYZ34U,1,0,0,0,1
Q3H43N,1,0,1,1,1
QYFCL3,1,0,0,1,0
QAFSXQ,1,0,1,0,3
SABHWH,1,0,0,0,2
N58R4J,1,0,1,1,0
QL4ZWA,1,0,1,0,2
RNK7P9,1,0,1,0,0
15EFTCF,1,0,0,0,1
Q7RSOK,1,0,1,0,2
QQITG1,1,0,0,0,2
TCPMNS,1,0,0,0,0
QDRTYC,1,0,1,2,2
POJF5A,1,0,1,1,1
SCTHBC,1,0,0,0,0
QHXVVW,1,0,0,0,0
SB1THY,1,0,1,0,1
RYWLH2,1,0,1,2,1
RNQSZU,1,0,0,0,0
QTUV2O,1,0,0,0,2
TIS5CL,1,0,0,1,1
T1LQYP,1,0,0,0,3
TVJWGX,1,0,2,0,1
L3428F,1,0,0,0,0
RN5NQT,1,0,0,1,1
REG83L,1,0,0,1,1
TQ4AUT,1,0,0,0,0
S6N9IC,1,0,2,1,1
UYYXGL,1,0,2,1,3
186KRDN,1,0,2,1,1
T9Q4QI,1,0,0,2,2
TJ41SR,1,0,0,0,3
TL8MZP,1,0,1,0,0
19EP6JR,1,0,2,0,1
RK4Z4K,1,0,1,0,1
TJZ5SJ,1,0,0,0,0
1716LC7,1,0,1,0,2
FQ3P7B,1,0,1,1,0
VHKWJB,1,0,1,0,0
UKUYXF,1,0,0,0,1
1DO5P2R,1,0,1,0,1
TVXTXJ,1,0,0,0,0
WPFF44,1,0,0,1,1
TIQ175,1,0,0,1,1
UZKBX7,1,0,1,0,1
1EP5YVB,1,0,0,2,2
STATER,1,0,0,0,4
1AQTJ6L,1,0,0,1,1
1EXVVCC,1,0,1,0,0
HXSB3S,1,0,0,0,0
TY6G8S,1,0,0,0,4
W8V7CA,1,0,1,1,1
1E3ZRUM,1,0,0,0,1
UVIORH,1,0,0,0,1
1CV7UM2,1,0,0,1,2
UDHACD,1,0,0,1,1
1G99TUN,1,0,1,0,1
VR3K4A,1,0,0,2,0
XCNJMT,1,0,0,0,2
UZWEEG,1,0,0,0,0
YQKRXV,1,0,1,0,1
WBCNGO,1,0,0,1,0
PZNB9U,1,0,0,0,1
S5ZJA9,1,0,0,0,0
1FN2K8Z,1,0,0,1,2
W3YF18,1,0,1,2,2
XDILIF,1,0,0,1,0
ZINCPN,1,0,1,0,1
YEYZUB,1,0,0,0,0
1IN2NMY,1,0,0,2,2
XX1QWM,1,0,1,0,0
WMY6TB,1,0,0,3,2
Y9L6NT,1,0,0,1,2
YS45DP,1,0,1,1,0
T9Y45J,1,0,0,0,0
VNNTBY,1,0,0,1,0
XLMBSV,1,0,1,1,2
Y8I4F5,1,0,0,1,2
WSIXV3,1,0,0,3,1
1KT4YLX,1,0,0,2,1
YW6XSX,1,0,1,0,1
ZL99N1,1,0,1,1,1
YJ2A1T,1,0,1,0,0
XBII4G,1,0,0,1,1
ZOU5PF,1,0,2,1,3
1HRJIR6,1,0,0,1,2
1KEXIVU,1,0,2,0,0
XNQF3Q,1,0,0,0,0
12RDKD5,1,0,0,0,0
ZD8HRH,1,0,1,0,1
ZAHGU8,1,0,0,0,3
1M9TQJV,1,0,1,2,0
XYBNSV,1,0,0,0,2
139AVAS,1,0,1,1,1
11284RQ,1,0,0,1,1
WR9FGS,1,0,1,0,1
XVSDHL,1,0,0,2,0
114SHBR,1,0,2,0,1
13H3SKK,1,0,1,0,1
1N29VO7,1,0,0,0,0
13RU6BU,1,0,1,0,1
11H45IX,1,0,0,1,0
YRTIEJ,1,0,1,0,0
YZ1S73,1,0,2,0,1
12Y2EKG,1,0,0,1,0
1MME2WT,1,0,0,1,2
14BK996,1,0,1,0,0
11GF5Q7,1,0,0,0,0
S4HVHF,1,0,0,1,1
122SUNB,1,0,0,1,0
1I5TZP3,1,0,1,2,0
ZGMV4U,1,0,2,0,1
12NFY1B,1,0,1,0,1
134LW4U,1,0,0,1,0
117SYB9,1,0,0,0,0
11RP36Q,1,0,1,0,1
14AL35I,1,0,1,0,0
1Q4URAW,1,0,0,0,0
Y6VIZA,1,0,0,1,0
15SZFH3,1,0,0,0,0
13MEVAI,1,0,1,1,0
12L6Q43,1,0,2,0,0
XKQQVQ,1,0,1,2,0
1QPJIHZ,1,1,0,0,0
15PAT4G,1,0,0,1,0
1GFOTYJ,2,1,0,2,
14HTX1F,1,0,1,0,1
1S5Y62Q,1,0,0,1,0
1S75P5F,1,0,2,0,1
13BUSJM,1,0,0,0,0
161CHGK,1,0,0,1,2
16GPWOI,1,0,0,1,4
11TR4CA,1,0,0,0,1
153Z6BP,1,0,0,0,1
16V7JF2,1,0,0,0,0
15OC69A,1,0,1,1,0
1M27PT7,1,0,1,0,1
15XUYZ8,1,0,0,2,0
15YU83A,1,0,0,0,1
1QNOIXH,1,0,0,0,0
15PKQ87,1,0,0,0,0
1RP8SVG,1,0,0,0,0
OH3Q72,1,0,4,0,1
1S14U16,1,0,0,0,1
16HNLG2,1,0,0,0,1
1PD12LL,1,0,0,0,2
16CO8Q9,1,0,1,0,1
1699EH7,1,0,0,1,1
198A18X,1,0,1,0,0
T91DKN,1,0,0,0,0
16ZSJI6,1,0,0,1,1
1QW8UJZ,2,0,0,0,0
162FJCW,1,0,1,1,1
18UVMSX,1,0,2,1,0
15MLOAT,1,0,0,0,1
14FFIOE,1,0,1,0,0
19179YO,1,0,1,0,2
144D5W3,1,0,0,0,1
17AJG1D,1,0,0,1,0
18MDDFD,1,0,3,0,1
1BJRSEC,1,0,1,0,3
19Z9RFN,1,0,0,1,0
1W5NAEX,1,0,2,1,1
1C15C95,1,0,0,0,1
18C2L71,1,0,1,1,2
18DQUV8,1,0,0,0,1
161PAQW,1,0,0,0,1
1ARJUV2,1,0,0,0,2
1BGP6WN,1,0,1,1,0
1CCOLE8,1,0,0,0,1
18X8YQA,1,0,0,0,0
1A6XU4F,1,0,2,0,1
18PRVQA,1,0,0,0,1
1XSSD7Q,1,0,0,0,1
21GUJKR,1,0,0,1,0
198V6HJ,1,0,0,0,2
19L6HEY,1,0,2,0,1
1TV7W5G,1,0,1,0,1
2141M54,1,0,0,0,0
1AHQGQZ,1,0,0,1,1
1BXDS1D,1,0,1,3,3
1BLDRZX,1,0,0,1,1
1AWFN7Q,1,0,1,0,0
1FMXLQN,1,0,0,0,1
1C7EHQP,1,0,1,0,0
18N1H6A,1,0,1,1,1
18SR6SR,1,0,1,1,0
1C74Z16,1,0,2,0,1
18J1VXD,1,0,0,0,0
1W1LUHB,1,0,0,0,1
14G6KE7,1,0,1,1,0
1Z1163Q,1,0,0,1,5
17N2FS8,1,0,1,0,2
1AYMASV,1,0,0,0,0
18ZOTD1,1,0,1,2,1
237CI7Q,1,0,1,0,3
22YTCS2,1,0,0,0,0
1CIUR1E,1,0,1,0,1
1FMSLGD,1,0,1,1,0
24W9M95,1,0,0,0,0
19XWACN,1,0,1,2,0
1EVYJRU,1,0,0,0,0
15UQYF6,1,0,0,0,0
1BCP3DP,1,0,0,1,1
19V2HNJ,1,0,1,1,0
251HKRA,1,0,0,0,0
1FTQV39,1,0,0,0,1
1A3983N,1,0,0,0,1
1BN85B7,1,0,1,0,1
1AEHUB6,1,0,1,0,1
16ENFFN,1,0,0,0,1
1BOJQBK,1,0,0,0,0
1D8USTA,1,0,1,0,0
1EN3L2P,1,0,0,1,1
1EXCRZU,1,0,0,3,1
1DSJDDB,1,0,0,0,1
243AX7X,1,0,0,0,1
1D74HCB,1,0,0,0,0
1GN19TW,1,0,1,1,2
1F2CXL7,1,0,0,2,0
1EXVI2K,1,0,1,2,0
25QM7BN,1,0,1,0,1
1HJSOBJ,1,0,0,1,1
1GUYBIL,1,0,1,1,2
1FXW1R2,1,0,0,0,0
1IFB5SO,1,0,0,0,1
184QBL8,1,0,0,0,1
1DARNC4,1,0,0,1,1
1GU73GV,1,0,0,1,2
1DZKE5I,1,0,0,0,1
1IP1ZE8,1,0,2,0,0
1E8A83Y,1,0,0,1,0
1FHXIJH,1,0,0,0,2
1FZPPHP,1,0,1,1,4
1F3FH69,1,0,0,0,3
1DHCOHI,1,0,0,0,3
172YFX1,1,0,0,0,2
1EW6M7Y,1,0,0,0,2
1GFZR9K,1,0,2,1,0
21MCRJD,1,0,1,0,2
1G15XM9,1,0,0,2,1
1FO8YF4,1,0,1,0,2
1DGEJTW,1,0,1,0,0
1H9CIKL,1,0,0,0,2
1ENGA6K,1,0,0,0,1
17NWC65,1,0,0,0,1
1F96JHA,1,0,1,1,1
1GYFZK1,1,0,1,3,0
1CLNHSO,1,0,0,0,0
1HONKXG,1,0,1,1,2
1EQ6CAU,1,0,1,1,3
1GOWFFI,1,0,0,1,0
1GCTRJO,1,0,1,1,1
2ERLPDU,1,0,0,0,1
1CAV3DX,1,0,0,0,1
1H4OVGK,1,0,0,0,0
5SHHQQ,1,0,3,1,1
1HM6N49,1,0,0,0,2
12MD8BE,1,0,1,2,1
25FKZM3,1,0,1,0,2
28Q6TWE,1,0,1,0,2
1H9FQCN,1,0,2,0,0
1FVW2OB,1,0,0,0,3
1FWEQNJ,1,0,0,0,1
1IBINPP,1,0,1,0,2
291USJM,1,0,1,1,0
1CXMNKR,1,0,2,0,2
1FFYYPF,1,0,0,0,0
1I9L4YW,1,0,2,0,1
256ROXH,2,0,0,0,0
9T42HJ,1,0,0,0,2
1JONNN4,1,0,1,0,2
1EZZS6S,1,0,0,0,0
1GBXI3H,1,0,0,0,3
1BWTMUV,1,0,1,1,0
1I9PHMA,1,0,0,0,2
2BUI66Z,1,0,1,0,2
1DOEVXF,1,0,0,0,0
1K8TF8T,1,0,0,0,2
1EEK3ZC,1,0,2,1,0
12M2LVU,1,0,1,0,2
1GRIDUW,1,0,0,0,1
1EX9N6L,1,0,0,0,1
2BJU7TT,1,0,1,0,1
1HDJ1JU,1,0,0,0,1
1PKHYF9,1,0,0,0,0
1HJ5Z2W,1,0,1,1,2
1NJQ8NZ,1,0,0,1,1
2K8WN8S,1,0,0,1,1
23WBJX6,1,0,0,0,0
1I3FML8,1,0,0,1,0
2FHL8H8,1,0,0,0,0
1HL8MYN,1,0,2,1,1
1HDYVY8,1,0,0,1,0
1MVWV99,1,0,0,0,0
2H97XD7,1,0,1,0,0
1H14RQC,1,0,1,0,0
29FJMI3,1,0,1,0,2
1KJ3SG7,1,0,0,0,1
1IL2HHC,1,0,1,0,0
1LDBBPS,1,0,0,0,2
1POLYCT,1,0,0,0,2
1P9A8MS,1,0,0,1,0
1E5IM66,1,0,0,0,1
1LMOVQY,1,0,0,1,0
1LLP922,1,0,0,2,1
1JAVXIC,1,0,0,2,1
1I1SLCW,1,0,0,0,1
1Q1YVWR,0,2,0,0,0
1IW5HRF,1,0,1,0,0
1QDZYWA,1,0,0,1,1
1KNPY74,1,0,0,1,0
1O64BR2,1,0,0,0,1
1N5MKOT,1,0,0,0,0
2JYBG78,1,0,1,0,3
2FWXOMG,1,0,1,0,3
1MP54UL,1,0,0,0,3
1NOD6CF,1,0,0,1,0
1J4NNB9,1,0,0,0,0
2KNGLD4,1,0,0,0,1
1O2VCCQ,1,0,1,0,1
2IDNVCY,1,0,0,1,0
1RXF62T,1,0,1,0,0
2KK5WPQ,1,0,0,1,0
1NH8KC9,1,0,0,1,1
1LODOY7,1,0,0,1,0
2QBF3TD,1,0,1,0,0
1KYOT5Q,1,0,1,0,1
1JXXC6N,1,0,0,0,0
2MQ1AO5,1,0,0,1,2
2IHGJJR,1,0,1,1,1
1JL2EUN,1,0,3,1,2
2KA7VL9,1,0,1,0,0
1MU93Q3,1,0,0,0,1
1OY9HGO,1,0,1,0,2
1NRJEVX,1,0,1,0,1
1OAP1UL,1,0,1,1,1
1OQVDJU,1,0,1,0,1
1OKZXRF,1,0,2,0,0
1RYOBW3,1,0,1,1,0
1LIYTC9,1,0,0,0,0
1KVWLD9,1,0,0,0,3
1KSLXL3,1,0,0,0,0
2GOC2LX,1,0,0,1,2
1SLBTJU,1,0,0,1,0
1S4XDGU,1,0,1,2,2
1SH85CM,1,0,0,0,3
2S2OS8H,1,0,1,0,1
1RX6712,1,0,1,0,1
1TQCYI6,1,0,0,0,0
1RG8HOY,1,0,1,1,1
1JDNKTU,1,0,0,0,1
2M8OH6Y,1,0,0,2,0
1OMBP5D,1,0,1,0,1
1V1GI42,1,0,0,2,0
1WPTCG6,1,0,3,1,2
1V4HBTA,1,0,0,0,0
1HEQZQ5,2,0,0,0,0
1QKOAB3,1,0,1,1,2
1QAH8IC,1,0,0,0,0
1RCXHMQ,1,0,2,1,1
2SNTA4A,1,0,1,0,1
1PEB9WS,1,0,0,0,2
1Q3QH5D,1,0,0,1,1
1TM3XDK,1,0,2,1,2
1PNVER4,1,0,1,2,0
1O8ZWYQ,1,0,0,0,0
1TH6E1U,1,0,1,1,0
1UDOPRI,1,0,0,0,1
2VNZAUC,1,0,0,0,0
1N1YB4A,1,0,1,1,0
1PE4ZKQ,1,0,0,1,1
2TYYXRJ,1,0,1,0,0
1XQ2IYZ,1,0,0,1,0
2TA777G,1,0,0,0,3
1RI3E8N,1,0,1,1,1
2TZZTVZ,1,0,0,0,1
1SIG25L,1,0,0,0,0
1RV1MAC,1,0,1,1,0
1N9VSRK,1,0,0,0,0
1RXTOEH,1,0,1,0,1
1UYFSKE,1,0,0,2,1
1T6XGJC,1,0,1,1,2
2T1ZRVC,1,0,2,1,0
1NQ9DNZ,1,0,1,0,2
2ZJBP1I,1,0,0,0,2
1P6MN7P,1,0,0,0,3
1QH3PWI,1,0,0,1,1
1FV7SBL,1,0,0,0,1
1RKZ41L,1,0,3,0,1
1WP4XV3,1,0,2,0,0
2VLFA23,1,0,0,1,0
2T37B5G,1,0,1,0,1
1S23DCR,1,0,0,0,1
1TVR3YI,1,0,1,0,0
1UUXUPE,1,0,0,0,2
1Z89LIN,1,0,0,1,2
1YO7T4G,1,0,0,0,0
1WF8DJT,1,0,0,0,2
2RV1FA2,1,0,0,0,0
1UBIC78,1,0,0,0,1
2XLJHDB,1,0,0,1,0
1Y4Q956,1,0,0,0,1
1T85JNP,1,0,0,0,0
1VDAX2E,1,0,1,0,1
2ZP6HNO,1,0,0,0,1
2VB1P4C,1,0,0,0,2
1XJ4E9Z,1,0,0,1,0
1SLDCX1,1,0,2,1,1
1UTFYRP,1,0,0,2,1
1YF8THH,1,0,0,0,1
2SHTEDF,1,0,0,0,0
1YMSLWD,1,0,0,0,0
2MBRNFG,1,0,1,0,4
1VYZR5T,1,0,1,0,3
2V4FMLN,1,0,1,1,3
1SSEZDY,1,0,0,0,2
1UUGYJR,1,0,2,1,0
2UG8E6O,1,0,1,0,2
1U4JR4J,1,0,1,0,1
1VX6HXO,1,0,0,1,0
1WG79D1,1,0,1,1,0
21S86ZQ,1,0,1,0,2
1RNMH2P,1,0,1,1,1
1ZW1VJD,1,0,0,1,1
2Y5KT2M,1,0,1,1,1
1TB5R6W,1,0,1,0,2
29SZG84,1,0,0,1,2
21PRCTE,1,0,0,1,1
1UZJCYO,1,0,0,0,1
21OKH51,1,0,1,0,0
1VUKDM5,1,0,0,0,0
RR4DDH,1,0,0,0,4
1VMHELV,1,0,0,0,2
1UXO5E4,1,0,1,0,2
2WLECAF,1,0,0,1,1
1U9Z6KJ,1,0,0,2,0
32F2FWP,1,0,0,0,0
21F7MWD,1,0,0,1,2
1UV69O1,1,0,0,1,2
1ZJTCS8,1,0,0,0,0
2WHX97G,1,0,0,0,1
1XUT3LK,1,0,0,0,0
1ZDKGFV,1,0,0,0,2
1W4RPGS,1,0,0,0,1
23Q7RVL,1,0,1,1,1
239XWJC,1,0,0,1,0
2VT6CHU,1,0,0,1,0
379SBFO,1,0,0,1,1
1PHLWZZ,1,0,0,1,1
214UNUE,1,0,1,1,2
218UF6M,1,0,2,1,0
21GMKFP,1,0,0,1,0
21GW736,1,0,0,0,0
1ZX1E9C,1,0,0,0,0
22ZXENI,1,0,0,0,0
1XDQN1B,1,0,1,0,0
25N4P4Q,1,0,0,1,0
22A66TY,1,0,2,1,0
39H5NAD,1,0,2,1,0
24BROPM,1,0,0,1,0
24MQGIT,1,0,1,2,1
1QLJFT1,1,0,1,3,0
1UF71Y2,1,0,0,0,1
39AMOBB,1,0,1,0,1
38PBON9,1,0,0,0,1
23C4GEH,1,0,0,0,3
1ZF4511,1,1,0,1,0
1YRA9IC,1,0,1,0,0
1VUQ66D,1,0,0,0,1
23DBS6C,1,0,2,0,1
322OJ3Y,1,0,0,0,0
1VMADDI,1,0,1,1,4
1Y7L62Y,1,0,0,0,0
27O11D2,1,0,1,0,1
22ZKTO6,1,0,0,0,1
23NRQO5,1,0,0,1,1
22RE791,1,0,0,0,2
34AG9PS,1,0,0,1,0
238GUEV,1,0,0,0,0
38Y9GKD,1,0,0,1,1
38DFZ9K,1,0,0,1,0
1ZI1L4D,1,0,0,0,1
1ZX2RZI,1,0,1,0,0
1YYSZJE,1,0,0,0,1
1ZXVNZY,1,0,1,0,0
23WL6XM,1,0,1,0,1
245XXVB,1,0,0,0,2
283S927,1,0,1,0,0
27YAOHU,1,0,0,0,1
1XR3QHD,1,0,1,1,0
BVHAIW,1,0,1,0,1
25ED1XW,1,0,0,0,0
241ACQC,1,0,0,0,0
2423DJM,1,0,1,0,1
22X6GJ9,1,0,0,1,1
216G18F,1,0,0,0,2
6SH9VM,1,0,0,1,1
251VJP3,1,0,2,0,3
26YHN89,1,0,0,0,1
283X8NZ,1,0,0,0,0
3BR7BM2,1,0,0,0,0
1XGIPRT,1,0,0,1,0
1RJXRHY,1,0,1,1,0
2E7AI62,1,0,1,0,1
22QQVKB,1,0,0,0,4
2795H3E,1,0,0,1,1
IMC27W,1,0,0,0,1
24ETJFP,1,0,1,0,1
5TGUWM,2,0,0,1,3
27OTFNZ,1,0,1,1,0
23DOATW,1,0,2,0,1
1TBBZUH,1,0,0,2,1
24YI32D,1,0,1,1,0
24YRVHV,1,0,1,0,2
1YKSPQ3,1,0,0,1,1
3I7DBUF,1,0,1,0,0
1Y6RZA3,1,0,0,1,1
DS2GZL,1,1,1,1,2
KO8J2F,1,0,0,0,2
1USYIOO,1,0,1,0,1
228WGLK,1,0,1,0,1
1ZXESF7,1,0,0,3,3
2DBGGUJ,1,0,0,0,0
7BHJIR,1,0,1,1,0
1NIG8EJ,1,0,0,1,3
KHPJGO,1,0,1,1,0
26SHNFS,1,0,1,0,1
24Q7PL7,1,0,2,2,1
2EJT81M,1,0,0,2,2
2D8LOKG,1,0,1,0,1
26USHJ1,1,0,1,0,0
31N3AVU,1,0,0,1,2
K5EQ3I,1,0,0,0,0
LVOCV9,1,0,2,0,1
3L6Q8DV,1,0,1,1,3
3H6M521,1,0,0,0,1
7RHSQA,1,0,0,1,1
243ACGS,1,0,0,0,1
29WSF2C,1,0,0,0,1
2FAP14F,1,0,1,0,1
27VTMBN,1,0,0,1,1
2D3AIJ9,1,0,0,1,0
MHQRQN,1,0,0,0,1
3FXC8F7,1,0,0,0,2
1XCQIIQ,1,0,0,1,1
2EQ6VL8,1,0,0,0,0
2AVUJNJ,1,0,0,1,1
2D14MFX,1,0,0,0,1
2BHZMN3,1,0,1,1,0
NCKT82,1,0,0,0,0
28TEHC7,1,0,1,1,1
298NI7D,1,0,0,1,1
268SSK3,1,0,1,0,1
3ET7BCX,1,0,0,0,0
3PE93JE,1,0,2,1,1
2DOEG5J,0,2,0,0,0
1REWY6Y,1,0,0,1,0
IKTIWM,1,0,0,0,0
2COE7LF,1,0,0,0,2
26Y9YLL,1,0,0,0,0
1ZGLT9F,1,0,1,0,0
OPLX9O,1,0,0,0,0
27HMO66,1,0,0,1,0
2EBSXVM,1,0,0,0,1
29Q63UT,1,0,1,2,1
N1CYGG,1,0,0,1,0
295QRLU,1,0,1,1,1
24HIU2Z,1,0,0,0,0
BLW32I,1,0,0,0,1
3PMKFH8,1,0,0,0,2
GZINEA,1,0,0,0,1
2F1H79O,1,0,0,0,2
271NICV,1,0,2,0,1
2IL6ZMQ,1,0,0,0,2
2CV1PLF,1,0,0,2,0
2FNDG2W,1,0,1,0,0
22MK4BQ,1,0,3,1,0
3LFORZR,1,0,1,0,1
1XKI8O2,1,0,0,1,0
38ZQNRK,1,0,0,0,0
3E7A6Z4,1,0,0,0,2
3LRR2CM,1,0,0,0,4
25FT741,1,0,0,1,1
2CBR814,1,0,1,1,2
2B6W9TJ,1,0,1,1,1
2IVVP1Q,1,0,0,0,1
2HP8BK1,1,0,0,0,0
VEKS1T,1,0,0,0,1
2ECR5PU,1,0,0,0,1
2E5YVKL,1,0,1,1,1
2BM5XOY,1,0,1,0,1
2E2WKZN,1,0,0,0,0
26JJVXN,1,0,0,1,2
2EHHZAX,1,0,0,0,1
2DIJYPV,1,0,0,0,1
3CCDWHP,1,0,1,2,2
2ENYHMY,1,0,1,0,3
2K5KTFK,1,0,0,0,1
2D6IGWR,1,0,0,0,2
3UJHQ3R,1,0,0,1,0
2M9E8YK,1,0,1,0,0
283BHI4,1,0,0,0,0
2FWT169,1,0,0,2,1
2FHJDJT,1,0,0,0,1
3ZCYY4F,1,0,1,0,1
2L9KYNF,1,0,0,1,4
2GSEBKS,1,0,1,0,1
1VLXRZU,1,0,1,0,0
2G4X924,1,0,0,1,2
28L5RSI,1,0,0,0,0
2C24RPT,1,0,0,2,1
26WLRBT,1,0,1,0,1
1YXB6AE,1,0,1,0,1
2JVVZDA,1,0,1,0,2
3RTWZD8,1,0,2,0,1
24PQ9M4,1,0,2,0,0
3T8M8ZN,1,0,0,0,1
29GNXRX,1,0,0,1,2
3R25IFL,1,0,2,1,2
2DP3745,1,0,0,0,0
2IPHDVY,1,0,0,1,1
2AKJT9E,1,0,0,0,0
28NRP93,1,0,0,0,0
26IGQTF,1,0,0,0,0
3VZ2P38,1,0,1,1,1
2IQG3LD,1,0,0,1,0
KR7QPR,2,0,0,0,0
2GJN32S,1,0,0,0,1
2GRR94A,1,0,1,2,3
3GFGPG6,1,0,0,0,3
2LSLKVN,1,0,0,0,1
2I9AVJE,1,0,1,2,3
3S5Q3ZZ,1,0,0,1,0
3ZQTVJL,1,0,0,0,3
2IUCP7X,1,0,2,0,2
2JP555O,1,0,1,1,0
2FLGS6P,1,0,0,1,0
2FOF9IO,1,0,0,0,0
3NZXO15,1,0,1,0,0
3JH39FG,1,0,0,0,1
2IMOIG2,1,0,0,1,2
2P58A2H,1,0,1,0,0
KG72LV,1,0,0,0,0
2ECFC9A,1,0,0,3,1
2K2GZCS,1,0,1,2,1
2GTAWXE,1,0,0,1,0
2FP7Q41,1,0,0,1,1
4543TWO,1,0,0,1,0
2KSMAUT,1,0,1,0,2
284CJYC,1,0,0,1,3
2M3FZ8A,1,0,0,1,1
2JW4G33,1,0,0,0,0
2KT2CS9,1,0,0,0,2
LO3JI8,1,0,1,1,0
2FK1DXI,1,0,1,0,0
MCEDJ5,1,0,1,1,1
2KMDQH4,1,0,0,0,2
2QQYN96,1,0,2,0,2
2KBLYY3,1,0,0,0,1
2M56UGA,1,0,0,1,2
2MPG569,1,0,0,1,1
2G5W5KO,1,0,0,0,0
42FA198,1,0,0,0,0
2ROYHTA,1,0,1,1,2
2AZ7WN3,1,0,1,1,2
Y6OL8O,1,0,1,0,1
MF1JFU,1,0,0,0,2
2BIIPP6,1,0,0,0,0
2J15IMJ,1,0,1,0,1
2S5LCJ2,1,0,1,0,4
1I3WTOX,1,0,1,0,1
2GV2ZHT,1,0,0,1,1
29KVD6D,1,0,0,0,0
2HQOJYK,1,0,1,0,0
3DSF4YJ,1,0,0,0,1
3W6JXT2,1,0,0,0,2
45FLVCK,1,0,1,1,0
2RITNX2,1,0,2,0,0
25Q59GB,1,0,0,2,0
2SNV963,1,0,0,0,4
3UWWB1A,1,0,0,0,2
2M61QPA,1,0,2,0,1
6NDCYT,1,0,0,0,0
2TEX7FW,1,0,0,0,1
2I3BGBW,1,0,0,0,0
13WVKHO,1,0,0,0,1
2NW22GT,1,0,3,0,0
NFJE1D,1,0,0,0,1
2U71PIS,1,0,1,0,0
2U714U1,2,0,0,0,0
2NGXC6F,1,0,0,0,1
2NDE5EY,1,0,0,0,2
4HX8XM7,1,0,0,0,0
2VHK7EO,1,0,0,1,1
2RM3I1N,1,0,1,1,2
2M4KX5I,1,0,1,0,0
2S71EFV,1,0,0,0,3
2SFUN5A,1,0,1,0,2
2PTFAX6,1,0,0,2,0
4AAU3EC,1,0,0,0,0
2MTVGCW,1,0,0,1,0
16CR7BY,1,0,0,1,0
2S4HJN7,1,0,0,1,2
2RYMAXY,1,0,1,2,0
2OLE6GD,1,0,2,1,0
2OZKLD6,1,0,0,0,0
2OPHHPI,1,0,1,0,1
2N2LA6R,1,0,0,0,2
2V4P9JA,1,0,1,0,1
RZNG1A,1,0,0,0,1
2F27L5P,1,0,0,0,0
4FSPKZR,1,0,1,0,1
2ZUJTLA,1,0,1,0,0
2KV7NYM,1,0,1,1,0
2CFR8ME,1,0,1,1,2
12PVRBO,1,0,0,1,0
2S9879N,1,0,0,0,0
45CBV1A,1,0,0,0,2
2VZKT64,1,0,1,2,3
332XGK9,1,0,0,0,1
2GTEFFH,1,0,0,1,1
2UDWMWG,1,0,1,0,0
2SXRFHB,1,0,0,0,1
4AJA38V,1,0,2,2,3
2TZBYPP,1,0,1,1,1
2M74H9P,1,0,1,0,1
32QW38H,1,0,0,1,2
33WTU9G,1,0,1,0,1
2JO2O1A,1,0,0,1,1
4E1Y3MA,1,0,0,0,1
2S6WM1D,1,0,0,2,0
193913W,1,0,0,0,0
2HRJNL1,1,0,0,0,2
17ND94S,1,0,0,1,1
WOJ3JH,1,1,1,0,1
2URXK5V,1,1,0,1,1
4NFOVP6,1,0,0,0,0
2SVSUQP,1,0,1,0,0
2YLN8OL,1,0,1,1,1
2XQLY74,1,0,0,1,0
4HA9V9W,1,0,0,2,0
2SYMYR1,1,0,0,0,2
2EQ6WJG,1,0,2,1,3
2NA2TAD,1,0,1,0,1
2ZT6LJD,1,0,0,0,2
2V44XZ6,1,0,0,2,2
2WB9FCV,1,0,1,1,1
2W4G5YB,1,0,0,2,1
4OQHVNT,1,0,0,0,0
2LLA2YG,1,0,0,1,1
2SLP8PE,1,0,0,0,0
9X5819,1,0,0,0,1
4B4SZ1F,1,0,0,0,3
2P5AYM8,1,0,1,0,5
2V6K7KI,1,0,0,0,0
2QXV1MR,1,0,0,0,1
4PM1XMG,1,0,0,0,1
31CGURQ,1,0,0,1,0
2DCUZBL,1,0,0,0,0
4IPGHRP,1,0,0,0,1
2V8THN7,1,0,1,0,1
2VGOWHE,1,0,0,1,1
1C6SKJ7,1,0,0,0,0
4LREJ56,1,0,0,2,2
48ZZN4J,1,0,0,0,1
31XER4F,1,0,0,2,1
2HQ1AOB,1,0,0,0,4
2KQUYK1,2,0,1,0,1
4VPB96R,1,0,0,2,2
2OV1IOT,1,0,0,1,1
BJYZAX,1,0,0,1,0
4JIG7VB,1,0,1,0,2
2X6NBB3,1,0,0,0,1
2SCJN8D,1,0,0,1,0
2XL6JV6,1,0,2,0,1
2YWZOMV,1,0,1,1,0
39NF1L6,1,0,0,0,1
2PUT2GF,1,0,0,0,1
2VGN84X,1,0,2,0,2
2UUUI1Y,1,0,0,0,2
2WUSOJA,1,0,0,0,1
3MYC48Y,1,0,0,2,1
2IRLHRB,1,0,0,0,1
2ZP79IG,1,0,0,1,0
15G2TIB,1,0,0,0,3
4MMNPRG,1,0,1,0,1
36IBPOV,1,0,0,1,2
2MMSBSK,1,0,0,0,2
32W5HJZ,1,0,0,0,1
34773VA,1,0,0,1,1
2SDKIZU,1,0,0,1,0
2K1IYD3,1,0,0,1,1
1FMO8DB,1,0,0,0,0
2RO8FP7,1,0,0,0,2
2YGF57U,1,0,0,1,0
2UKUHPB,1,0,0,0,2
2NMLV5O,1,0,0,0,0
2RET8LJ,1,0,0,0,3
37WK6TC,1,0,0,0,0
2W8WUVV,1,0,1,0,3
MLZ6LP,1,0,0,0,1
2TJPKZM,1,0,1,0,0
2Z5A1KG,1,0,1,0,2
2U1FQ1A,1,0,0,1,0
4V1PBE2,1,0,0,1,0
2WN7L5V,1,0,1,1,1
32UTC2F,1,0,1,1,1
2KAVJVJ,1,0,0,0,1
2FCPFJQ,1,0,0,0,2
2IVHC7L,1,0,1,0,1
2V8F6RU,1,0,0,1,2
2XL51FX,1,0,1,1,2
2G4N9QG,1,0,0,0,1
34UGLZP,1,0,1,0,1
4QR815W,1,0,0,0,0
32DBPUS,1,0,0,0,1
15CGSOU,1,0,0,0,3
2LSFL9U,1,0,0,0,1
3ETQOWN,1,0,1,0,0
32NSBN2,1,0,0,0,1
1AJAQJQ,1,0,0,1,0
38QQZ8P,1,0,0,0,1
2KQHPWS,1,0,0,1,0
39YY54D,1,0,1,0,0
36WFKRN,1,0,1,2,0
4QZIZX5,1,0,0,0,0
4HA51KY,1,0,2,0,2
2EWL6ZH,1,0,1,1,1
34A49WJ,1,0,1,0,3
2ZTYAD6,1,0,0,0,1
2UMXNTN,1,0,0,0,0
2Y9FJ5B,1,0,1,0,1
3W1RSHK,1,0,0,0,1
2JH6XSM,1,0,1,0,0
2SXKV7H,1,0,0,0,1
2YAVC27,1,0,0,0,2
376P4KP,1,0,0,0,0
2MBE4OH,1,0,1,2,1
4FARK1H,1,0,0,0,0
2WZE5LV,1,0,0,1,0
1QPT4O8,1,0,0,1,3
2Y5UBYP,1,0,0,1,1
4G3BRRH,1,0,1,0,1
2ZBU4VU,1,0,0,0,2
2JI72XM,1,0,0,0,0
4XKMLEO,1,0,1,0,1
3AW6P94,1,0,0,0,1
2PHU23P,1,0,0,1,0
2Z7AIPZ,1,0,1,0,0
2JBAWBK,1,0,0,0,0
2ELMU7L,1,0,0,0,0
381ZXSZ,1,0,0,0,1
2XXGJY6,1,0,1,0,2
347XX2B,1,0,0,0,2
3BUARDK,1,0,1,0,1
2TNQUZC,1,0,0,0,3
32GO7VU,1,0,0,0,4
2YKPGBH,1,0,0,0,1
2YFH1LG,1,0,0,1,1
39CDK5S,1,0,1,0,0
3BSZ2N2,1,0,1,0,1
46BIZ9V,1,0,0,1,0
2V2PYZ3,1,0,0,2,1
2Y11GZB,1,0,0,1,0
2TFIGWY,1,0,0,0,1
3D26XQZ,1,0,0,0,1
1BC8AOJ,1,0,0,1,1
34BDFP3,1,0,1,0,0
4C1Z256,1,0,2,0,0
4TJ83HI,1,0,1,0,1
3YT1NE8,1,0,1,0,1
2ZIZRYW,1,0,0,2,1
1G8UGCG,1,0,0,2,1
1BWCNHQ,1,0,1,0,2
2UB56P2,1,0,1,1,3
31CEZZB,1,0,0,0,0
526M8OC,1,0,2,0,2
3HP1BTG,1,0,0,0,0
2QDP52E,1,0,0,0,1
34TKJRV,1,0,0,0,3
39COD1N,2,0,0,2,0
1HF3P7V,1,0,0,0,1
2QSIFRP,1,0,0,1,0
341DAJ3,1,0,1,0,2
368LKDJ,1,0,0,0,1
2RA1NNM,1,0,1,0,2
4LG2Q8E,1,0,0,1,1
38D65LC,1,0,1,0,1
2ZET1IO,1,0,0,0,0
3C5CXBP,1,0,1,0,1
1CMDZ62,2,0,2,1,0
2YG6EGT,1,0,0,0,0
1OUFMJ1,1,0,0,0,0
4WTC69S,1,0,1,0,0
1MRNACJ,1,0,1,1,1
37EA87Q,1,0,0,0,1
2IWCM5M,1,0,1,1,1
2L26S1T,1,0,0,0,0
23XRG8S,1,0,0,0,0
2YI2N5C,1,0,0,1,2
2R51YHJ,1,0,1,0,1
37G845X,1,0,0,0,0
36UBTYN,1,0,0,0,0
3J6A1T6,1,0,1,0,1
2LJDVYK,1,0,2,2,3
37KENO7,1,0,0,0,0
139HAIW,1,0,0,0,1
MUOQEY,1,0,1,0,1
3723D98,1,0,1,0,0
2ZMRK23,1,0,1,0,0
4M7RK1W,1,0,1,0,0
35RBLQ9,1,0,0,1,0
3FQ1V37,1,0,0,0,1
2ZESUQJ,1,0,0,0,0
2TXQN7T,1,0,1,0,2
3IST9CA,1,0,0,0,1
58L5HUM,1,0,1,1,0
35IGJ53,1,0,0,0,0
2ZX5YFM,1,0,1,2,2
38PFUYA,1,0,0,0,1
2RV96V7,1,0,1,1,2
39L7YNF,1,0,1,0,2
38PLCML,1,0,2,0,0
3CFJCRR,1,0,0,0,2
3B5M1XQ,1,0,1,1,1
2N62B3Z,1,0,0,0,0
3CNI3EC,1,0,1,1,0
15ZO7FY,1,0,0,0,1
1RWKXYV,1,0,0,1,1
394EKDH,1,0,0,0,1
35GIV4O,1,0,3,0,2
34WYIGR,1,0,2,0,0
31J3WBU,1,0,1,0,0
2ZC1BJR,1,0,0,0,1
3LEQQFG,1,0,1,0,1
2XDTVLG,1,0,1,0,2
35H3OUD,1,0,1,0,0
5BIMC96,1,0,3,1,1
4RGV1EU,1,0,0,1,0
38FWLEQ,1,0,1,1,3
2XUB8YL,1,0,0,1,3
36XR93P,1,0,0,0,0
3DJW51Q,1,0,1,0,1
PGCDYC,1,0,1,1,3
3DJVCXQ,1,0,0,1,3
3CN4MIT,1,0,0,0,1
4F6CHGO,1,0,0,1,4
3CHDLCU,1,0,0,0,2
3LLW4D4,1,0,1,0,0
3P67HGK,1,0,1,0,3
1MA3FVK,1,0,0,0,1
4IDOUTJ,1,0,0,0,3
4MGQXGW,1,0,1,1,1
2W9DUW6,1,0,0,0,0
4FW9685,1,0,0,1,0
38H7RD1,1,0,0,1,2
36YPWVO,1,0,0,0,0
34497QY,1,0,0,1,0
4XVNWL2,1,1,0,1,1
3B1WDMB,1,0,1,0,1
37OP5OQ,1,0,1,1,1
5197FGJ,1,0,0,0,0
3DSFQW5,1,0,1,1,0
5197FGJ,1,0,0,0,0
51S7GSN,1,0,4,0,0
52PWGYO,1,0,0,2,3
5G94G5M,1,0,0,0,2
5GFDFFU,1,0,0,1,0
5GJ8YK6,1,0,1,0,2
5GJTU7R,1,0,1,0,1
5GLOFH4,1,0,0,0,2
5GLU4VE,1,0,0,0,2
5GMQXOU,1,0,1,1,0
5GMGXM6,1,0,0,0,1
5GTNFPG,1,0,0,1,4
5GXZG6V,1,0,2,0,1
5H58AOU,1,0,0,1,2
5H87QVA,1,0,0,0,2
5H7D4GW,1,0,2,0,1
5HDP88O,1,0,0,0,2
5HGPBIW,1,0,0,0,0
5HOW2GA,1,0,0,1,1
5HOUSF1,1,0,0,0,1
5HQT4WB,1,0,0,0,1
5HTKK3V,1,0,1,0,0
5I3RI9R,1,0,0,1,1
5I2P35H,1,0,0,0,1
5HV1VTC,1,0,1,0,0
5HZGOXR,1,0,0,1,0
5IBXODP,1,0,1,1,0
5IBJPU3,1,0,0,0,1
5I938KZ,1,0,0,0,3
5ICFJDI,1,0,1,0,1
5IJGEPC,1,0,0,0,1
5IGL5K4,1,0,0,0,0
5ISL3Y6,1,0,2,0,0
5J9PV63,1,0,0,1,2
5JM3JYC,2,0,2,3,2
5JJT5SF,1,0,1,0,0
5JERMSZ,1,0,1,0,2
5JVUP13,1,0,0,0,0
5JI89LQ,1,0,0,0,0
5K45Y7B,1,0,0,0,1
5JVRVJU,1,0,0,0,2
5K2LQ58,1,0,1,0,0
5KMC87X,1,0,0,0,2
5KBSOWR,1,0,1,0,1
5KGRHNY,1,0,0,0,2
5KJZBKB,1,0,0,1,1
5KRIUMS,1,0,0,0,1
5L5QB3L,1,0,0,0,0
5L9FNEW,1,0,0,0,0
5KNYBXQ,1,0,1,0,0
5LC8UU2,1,0,0,0,0
5LMPPUL,1,0,2,1,0
5M3G4OA,1,0,0,1,1
5M2LMOM,1,0,0,1,4
5ME381S,1,0,1,0,2
5MGQU82,1,0,1,1,0
5MJ8ZIA,1,0,0,1,2
5N35HXY,1,0,0,1,0
5MZ83CO,1,0,1,1,1
5MXN5MZ,1,0,0,1,2
5N45OSZ,1,0,1,0,0
5NCNCBN,1,0,1,0,1
5NLQVJF,1,0,0,1,0
5NTUCGH,1,0,0,1,2
5O39UWV,1,0,0,1,1
5OGVXY8,1,0,2,0,1
5OHB1N2,1,0,2,0,1
5OAKTLU,2,0,0,0,2
5PCYACU,1,0,0,1,1
5P28V3A,1,0,2,0,2
5P1H8XA,1,0,1,1,0
5OTL4YA,1,0,1,1,2
5OQXPPK,1,0,0,1,2
5PZOJQ3,1,0,0,1,2
5PHNRJU,1,0,0,2,0
5PHH99S,1,0,1,0,2
5QBWXLW,1,0,1,1,0
5Q64S5J,1,0,0,2,0
5RI8VAE,1,0,0,1,0
5QRNEMY,1,0,1,1,2
5RKT3GJ,1,0,0,1,0
5QRT6G9,1,0,0,1,0
5RMPOJ9,1,0,1,1,0
5S1ROPI,1,0,1,0,1
5RAVPBW,1,0,0,1,0
5SSQYIN,1,0,1,0,1
5QXJJHA,1,0,1,0,0
5SAZF97,1,0,1,1,0
5TB769O,1,0,1,0,1
5T1EWFH,1,0,2,1,1
5T9M6WY,1,0,0,1,0
5T8PIUR,1,0,1,0,1
5TFWMAP,1,0,0,1,1
5UGZGEK,1,0,0,1,0
5TWKPWY,1,0,1,2,0
5VBTYG1,1,0,0,2,1
5UC3JJF,1,0,1,0,0
5UXKKOK,1,0,1,0,0
5UXAFYB,1,0,0,1,2
5V2HXL6,1,0,2,0,2
5VGHC3T,1,0,2,0,1
5WM55PR,1,0,2,0,4
5W8CHR5,1,0,2,1,0
5XCDVUO,1,0,1,0,2
5WSYK5X,1,0,0,1,2
5XXI3YN,1,0,0,4,1
5XRVFK9,1,0,1,1,1
5Y4MEDY,1,0,0,1,3
5XZD3IR,1,0,0,1,1
5Z6U4M8,1,0,0,1,1
5WSAKEU,1,0,1,1,0
5ZEQTUN,1,0,0,1,1
5YKLXG8,1,0,2,1,1
5ZMGGN7,1,0,0,1,0
5ZGHDU1,1,0,0,1,1
61NXXJB,1,0,2,2,1
5ZTM46E,1,0,1,0,0
5YWJGLR,1,0,1,0,0
62BBKFD,1,0,0,1,3
62HG3JS,1,0,1,0,3
62LNL72,1,0,2,1,1
628C9MQ,1,0,3,0,0
61TTK48,1,0,0,2,0
635W1T5,1,0,2,0,0
623NZEJ,1,0,1,1,0
61AMDAV,1,0,1,0,1
62SBTTK,1,0,3,0,0
63WGLG1,1,0,2,1,0
63KH2CE,1,0,0,2,0
63Y63SP,1,0,1,0,2
64D8C8U,1,0,1,0,1
63O47EF,1,0,0,2,0
64BFVRH,1,0,0,1,2
63PPDE4,1,0,1,1,0
65W8I72,1,0,0,2,0
64NAP59,1,0,2,1,0
66S6KSB,1,0,1,0,2
65DHGYZ,1,0,1,0,0
62BTRP3,1,0,1,1,1
66PJQ8T,1,0,1,1,0
64ACHA5,1,0,1,0,3
651C2RB,1,0,1,0,1
661ZYLO,1,0,0,2,0
661ZYLO,1,0,0,2,0
66IAWOH,2,0,0,1,0
67BHLM4,1,0,1,1,1
67HQHMZ,1,0,0,1,0
6888BA4,1,0,1,0,2
692ST1E,1,0,1,0,0
6A8QFXP,1,0,2,0,2
6AXXMSD,1,0,0,1,1
6BSQEWB,1,0,0,2,1
6C3KDSI,1,0,1,0,1
6CEUZCS,1,0,1,0,2
6F4VXC9,1,0,2,1,2
6FDR88R,1,0,0,3,0
6F12J7S,1,0,1,2,1
6G1Y9PZ,1,0,2,1,1
6G5482M,1,0,0,1,0
6GE8RO5,1,0,0,1,2
6HITD2E,1,0,1,2,1
6IR4Y9N,1,0,0,1,1
6J75BON,1,0,1,0,0
6IO4ND6,1,0,1,0,0
6JRA19R,1,0,1,1,2
6K3RFE2,1,0,1,0,1
6L5864N,1,0,1,0,0
6KR5MBC,1,0,1,1,0
6LR177Q,1,0,1,0,3
6NN2DPB,1,0,1,0,1
6OLPZQ2,1,1,0,0,1
6PLUZDZ,1,0,1,1,0
6QU1UGJ,1,0,1,1,0
6RCPR3L,1,0,1,1,0
6R6RJD4,1,0,0,1,0
6SKUFO5,1,0,0,1,3
6RFK8T2,1,0,0,1,2
6RWM37V,1,0,0,2,1
6T72H4M,1,0,1,0,3
6VJ23HR,1,0,1,0,0
6VXXY4M,1,0,2,0,1
6ULH8PR,1,0,1,1,0
6W93GU1,1,0,1,0,1
6X27SHH,1,0,0,2,2
6VV4CN3,1,0,2,0,2
6VKIFXI,1,0,1,1,0
6X5OJ9P,1,0,1,0,1
6YHX3CR,1,0,2,0,2
716DRCM,1,0,2,0,2
6YQPVG4,1,0,1,1,0
6XUE6GV,1,0,0,1,1
6ZCPQLC,1,0,1,1,1
723XJTN,1,0,1,0,1
71EZOL6,1,0,1,1,1
74DGHWV,1,0,1,1,0
75IPGAL,1,0,0,1,0
7333EOX,1,0,1,1,0
76WRF24,1,0,1,0,1
75ZYH57,1,0,0,1,2
79L3JCV,1,0,0,1,2
78XIK1J,1,0,1,0,0
7EPKR2H,1,0,1,1,3
7C34U61,1,0,1,0,1
7CFMI8F,1,0,0,1,1
7CI5DGL,1,0,1,1,0
7DVHGTA,1,0,0,1,1
7FVEO8O,1,0,1,0,2
7DJG6KM,1,0,0,1,0
7ES2CQG,1,0,1,0,0
7GTJI6L,1,0,1,0,0
7H8GAR9,1,0,2,0,1
7DQH3BM,1,0,1,1,2
7I8R3Q8,1,0,0,1,1
7HZGRCK,1,0,0,1,0
7LIWKUI,1,0,1,1,2
7LV9FV2,1,0,1,0,1
7MI865S,1,0,1,0,2
7KFD5FR,1,0,0,2,0
7M6XQ2W,1,0,1,0,2
7KXHHW2,1,0,0,1,0
7MA6837,1,0,0,1,0
7O6RB6G,1,0,1,0,1
7OXN7WH,1,0,0,1,0
7QTUEPJ,1,0,1,0,0
7RAZNQH,1,0,1,1,1
7SVPGS6,1,0,1,0,1
7SFR4BJ,1,0,0,1,2
7WDVPCM,1,0,1,0,2
7RK59H8,1,0,2,0,0
7XWGD8D,1,0,1,1,0
7XLPU3T,1,0,0,2,3
7VC7QI1,1,0,1,0,0
7WFOT1D,1,0,2,0,0
7W78OKV,1,0,0,1,0
7W4NNJM,1,0,2,0,0
7VSTEYC,1,0,1,0,1
7ZT9RB2,1,0,1,0,1
7PYTOV2,1,0,0,1,0
825B929,1,0,0,1,0
832TWNA,1,0,0,1,2
842FY3C,1,0,0,1,1
86CFITH,1,0,1,0,1
86RRG1P,1,0,0,2,1
8BNELDN,1,0,1,0,3
86KOCTD,1,0,3,0,0
86532AA,1,0,1,0,0
84JLBRZ,1,0,1,1,2
8CECRKH,1,0,1,0,0
8I2BUUW,1,0,2,0,1
8CDM1LS,1,0,1,1,0
8DOBOHL,1,0,0,1,1
8EKHGF4,1,0,1,1,1
8DCWOK4,1,0,2,1,0
8B4MYH8,1,0,2,0,2
8A9OBL2,1,0,1,2,0
8IZLHVO,1,0,1,1,0
8MICE6I,1,0,1,0,2
8MPJ1MT,1,0,0,1,2
8LRPZOZ,1,0,1,0,0
8DLFXK2,1,0,0,1,0
8OYG3Y1,1,0,0,2,2
8PV1YBP,1,0,0,1,0
8NODBYP,1,0,1,0,4
8KVGUVB,1,0,0,1,0
8RPH398,1,0,1,0,0
8UJ39LH,1,0,1,0,0
8QUO716,1,0,1,3,1
8RNFKC3,1,0,1,1,1
8QN8G4A,1,0,0,1,0
8RKL9FS,1,0,1,0,1
8RVCW77,1,0,0,1,1
8PQ4QEP,1,0,0,1,3
8U1F8FX,1,0,1,1,1
8TPNHO4,1,0,1,0,1
8K4QNR2,1,0,0,1,1
91AJ9HN,1,0,3,1,0
8UP3RZG,1,0,0,1,1
8SZ1YF3,1,0,0,1,2
8SLZN5Y,1,0,0,1,1
8QDY55S,1,0,1,1,2
8T5BTFH,1,0,1,1,0
8OORNC5,1,0,1,2,1
8TI6FUN,1,0,1,0,0
8XZBO46,1,0,0,2,0
8SERSDB,1,0,2,1,0
95W1QES,1,0,0,1,0
8X71KIX,1,0,0,1,1
923AJHA,1,0,1,0,0
8YADTVH,1,0,2,0,1
95Y1XML,1,0,0,1,1
98LQZRJ,1,0,0,1,0
95KFJXF,1,0,1,0,1
932Z8MU,1,0,0,1,0
97BCUI9,1,0,1,0,0
99G11O7,1,0,3,0,0
9C6BFS9,1,0,1,2,0
93D8A51,1,0,1,0,1
98BY6IC,1,0,0,1,0
9BTI9PL,1,0,0,1,1
9C3C6HM,1,0,0,2,0
9KI3CVA,1,0,1,0,5
9ABBGZ2,1,0,0,3,1
98XGPFR,1,0,0,1,2
9D9WXY3,1,0,1,0,1
9AYHGMP,1,0,0,1,2
9JAWO27,1,0,1,0,1
9M79RWK,1,0,1,0,3
9IR19RY,1,0,0,1,1
9F4ED21,1,0,1,1,0
9FSZNSW,1,0,1,1,0
9GSXR8P,1,0,2,0,0
9LY2YL4,1,0,1,1,0
9A2YTSR,1,0,1,1,0
9KKPUQK,1,0,1,0,2
9MMHAAR,1,0,2,0,0
9PLECKI,1,0,1,0,0
9MMQGA8,1,0,3,0,0
9TQKQFE,1,0,0,1,1
9KZDBG2,1,0,0,1,1
9P72BTE,1,0,1,1,0
9MEHIZX,1,0,1,0,0
9RYNKGP,1,0,2,0,0
9QKEJEW,1,0,1,0,0
9SIRXGZ,1,1,1,1,1
9MZEYOU,1,0,1,1,0
9VOQYJD,1,0,1,0,0
9MXLTYT,1,0,1,0,0
9P37WDO,1,0,2,0,2
9QWKOWN,1,0,1,0,2
9SNC22G,1,0,1,0,1
9R6ZOI5,1,0,1,0,0
9V117FX,1,0,2,2,1
A5LL7E3,1,0,1,0,0
9ZULR23,1,0,3,0,1
A2BC6VC,1,0,0,1,2
A89WFQG,1,0,1,0,2
A2QPKR2,1,0,1,0,0
9XQBK1L,1,0,0,1,2
A71XOQB,1,0,0,1,1
A47W7UG,1,0,0,1,2
A6DJARB,1,0,0,1,2
9UFGAHR,1,0,1,0,0
ABSBZU7,1,0,2,0,1
A31LYJ6,1,0,2,0,0
AA7PNPU,1,0,0,1,0
AA8K3AN,1,0,1,0,1
ABZJS6A,1,0,0,1,0
ACJSV5M,1,0,1,0,1
A9PLH24,1,0,1,0,1
ALG4837,1,0,0,1,1
AEBX32S,1,0,0,1,3
A6BQ87E,1,0,1,1,2
A53UR4A,1,1,0,0,1
ACTTRXP,1,0,2,1,2
AGM6SAX,1,0,1,0,0
AI4JM62,1,0,0,1,3
A9OLDT7,1,0,0,2,0
ADKRW9W,1,1,2,0,0
ALLHM93,1,0,0,1,0
AJMRPRY,1,0,0,1,1
AEWUS9Y,1,0,1,0,0
ALAM516,1,0,0,1,2
AT48S1S,1,0,2,0,3
AD3GPH1,1,0,0,1,2
AKLBGA3,1,0,1,0,2
AYN7HS3,1,0,0,1,0
ARGL56T,1,0,2,0,2
AOMACZU,1,0,1,0,0
AAL2MRJ,1,0,1,0,0
AM1DFYH,1,0,1,0,0
AQ3MXNU,1,0,0,1,0
AFBRNSG,1,0,1,0,1
ARJX7WS,1,0,0,1,1
AXXR3F3,1,0,0,1,2
AOYWQFO,1,0,1,0,2
ARS9GD1,1,0,0,1,2
B3PPDIP,1,0,1,0,1
AYI83OV,1,0,0,1,1
ALREPUH,1,0,0,1,1
APIJLHN,2,0,2,0,1
AMV7CEV,1,0,0,1,1
AQVFB2C,1,0,0,1,1
ASDUIHP,1,0,1,0,0
AW2F6Y8,1,0,1,0,1
AQHF5G8,1,0,1,0,1
AU45J9K,1,0,1,1,1
B54GKES,1,0,0,1,0
B7SRXRS,1,0,1,1,4
AXBGGOY,1,0,1,0,1
BC4WILA,1,0,0,2,1
AVECPYU,1,0,2,0,1
AWMG75U,1,0,0,1,0
AXTV766,1,0,0,2,0
AWDZ674,1,0,0,1,1
B4LW8GG,1,0,3,0,1
AYTF1S8,1,0,0,1,0
B5WBESD,1,0,1,0,3
AXUYTNH,1,0,0,1,2
BED7A2L,1,0,0,1,0
B61L756,1,0,0,1,2
B2NLBWN,1,0,1,1,4
AQ2FOAB,1,0,1,0,0
AUUM9TK,1,0,0,2,1
B2NZCVO,1,0,1,1,3
AZ4HCZ7,1,0,1,0,2
B5A49WK,1,0,3,1,0
B6AQPIF,1,0,1,0,0
AZJFFEI,1,0,1,0,2
B3D1LDL,1,0,2,0,0
B5S7IF8,1,0,0,1,2
B53CUPP,1,0,1,0,0
B92AEDO,1,0,1,2,1
BHZ2929,1,0,3,1,1
BDGZAHU,1,0,2,0,1
6DBV1LG,1,0,1,0,0
BDC4FHK,1,0,1,0,0
B2K23O7,1,0,0,1,1
BPXLTZB,1,0,1,0,1
BFQTXF7,1,0,1,0,1
BKGQUR6,1,0,1,2,1
BRQESA5,1,0,2,0,1
BEI35UC,1,0,1,0,0
BL3NES1,1,0,1,0,0
BIZVVN3,1,0,0,1,2
BO2A68I,1,0,0,1,0
BM5CAFW,1,0,1,1,5
BMFC76T,1,0,0,1,1
BO7FDQD,1,0,0,1,1
BYN3LUW,1,0,1,0,0
BPE9EMH,1,0,0,2,0
BTO241Q,1,0,0,1,1
BGXNY9K,1,0,1,0,1
CIOKV65,1,0,1,0,0
BYLOCNV,1,0,1,1,0
C4QDG7K,1,0,1,0,1
BUB7ZJ2,1,0,3,1,0
C8RW8X7,1,0,1,0,2
C3XQYI1,1,0,1,1,0
CE1JMOO,1,0,0,1,1
BMH9XE4,1,0,1,0,2
C1ZIFD8,1,0,1,1,2
BZZLKEN,1,0,0,1,1
C8EB5DQ,1,0,0,2,1
BSX8UK7,1,0,0,1,1
BSE5HYG,1,0,1,0,2
6EE9JT3,1,0,0,1,0
BV3GY7F,1,0,1,0,1
BVOMKZE,1,0,1,1,3
C8ELH5U,1,0,1,1,0
C3YFB8N,1,0,1,1,1
C6NXN57,1,0,1,2,1
CGWHLJD,1,0,1,0,1
CCAIVO7,1,0,1,0,1
CFOL9RV,1,0,1,0,2
COEEEDN,1,0,0,1,1
CFWCQF8,1,0,1,0,2
CPKATMP,1,0,0,1,1
C5Q5IDK,1,0,0,1,1
C9YGVOD,1,0,1,0,0
BT7MI4D,1,0,1,1,1
CVZ4TPC,1,0,1,1,0
CVLADY5,1,0,0,1,2
CNCJREY,1,0,1,2,2
6ETW3SZ,1,0,1,2,1
CBSFOQ2,1,0,0,1,1
C74LEI6,1,0,1,1,2
CHTQZCG,1,0,1,1,0
CEX4ECX,1,0,1,1,1
CNC3DCZ,1,0,0,1,2
CRRSCRY,1,0,1,2,0
CGKAFUY,1,0,1,0,0
CJA93A3,1,0,0,1,0
E96FMKQ,1,0,1,0,1
CMFE4KK,1,0,1,0,1
CFLN38V,1,0,1,1,1
CJ77P12,1,0,1,1,0
CVXNBI9,1,0,1,0,2
CRYNF8T,1,0,1,1,0
CMP3DF5,1,0,1,1,1
CQ2KQ81,1,0,0,1,2
CT9IVCG,1,0,1,1,1
D1Y8JXF,1,0,0,3,2
CZE78B2,1,0,2,0,2
CS8XR93,1,0,1,0,1
D2B2MLU,1,0,3,2,2
CR5MI4A,1,0,1,0,1
D4DAJT1,1,0,1,0,1
D9E1M9X,1,0,0,1,0
DA8CYN2,1,0,1,0,0
CWIFY6Q,1,0,1,0,0
CWHETNE,1,0,0,1,0
CJIKM1E,1,0,1,0,2
CUIJ4MS,1,0,2,0,2
CXMYEBS,1,0,1,1,4
CTOTV3R,1,0,0,1,1
D9H1SFR,1,0,0,1,1
D8GOV4B,1,0,0,1,2
D688C2S,1,0,0,1,0
CP1LGA9,1,0,1,1,1
DAZ7JU1,2,0,0,0,2
DJH4T6Q,1,0,1,0,2
D559TFR,1,0,0,1,1
CZDL1G8,1,0,1,0,0
D9HKHBE,1,0,1,0,0
DL96UOO,1,0,1,0,0
DLSKPB5,1,0,2,3,2
DBRE797,1,0,1,0,1
COQRDY6,1,0,1,1,0
DCUMTJ2,1,0,1,0,0
DFMW84D,1,0,1,1,2
CT22VZI,1,0,1,2,1
D5F3Y3B,1,0,1,0,0
DW6HZBJ,1,0,1,1,0
DQ4WD6T,1,0,1,0,2
DDSWEHH,1,0,0,2,0
DCWKN84,1,0,0,1,0
D5MVNLM,1,0,0,1,0
DPD7DDA,1,0,0,2,0
DA4PD4J,1,0,0,1,0
D9V81IT,1,0,1,1,2
E1QR4PZ,1,0,0,1,1
DG7X819,1,0,0,2,1
DHCM9WR,2,0,0,0,2
DTWM5P8,1,0,2,0,2
DT1Y4NV,1,0,0,1,2
DIB1KTW,1,0,1,0,0
DCJXCYR,1,0,0,1,1
DNATPF2,1,0,1,1,0
DN6GIUM,1,0,1,0,2
DY93KV5,1,0,1,0,1
E3HEVY5,1,0,1,0,0
E1BRURS,1,0,0,1,2
E1AZXF6,1,0,0,2,1
DNE6NJE,1,0,0,1,1
ECHQZ3R,2,0,0,2,0
DDWWUMO,1,0,1,3,0
DUW19S8,1,0,0,1,1
DMKUFJS,1,0,0,1,1
EJ76UNK,1,0,1,1,1
ENDP18V,1,0,1,0,0
E5KEL14,1,0,1,0,2
E491FXR,1,0,1,0,3
DKLU499,1,0,1,2,1
EE4HXPR,1,0,1,0,2
ELJSLYN,1,0,1,0,1
DQRA4IY,1,0,2,0,2
DZO6LZM,1,0,1,0,0
DNO5KLU,1,0,0,1,1
EO8HQOU,1,0,0,1,0
E8GJVID,1,0,1,2,0
EEJZU8H,1,0,0,1,0
E41CAK4,1,0,2,1,3
E5SR5BF,1,0,0,1,3
E3KCVGZ,1,0,0,1,1
EILLXYR,1,0,0,1,1
EMUJGP2,1,0,1,0,1
E4AI167,1,0,1,1,1
DY9JVJH,1,0,0,1,0
E7IPJ6S,1,0,2,0,6
DXL3DCP,2,0,1,0,0
EJSYUNI,1,0,0,1,1
EDFNI6X,1,0,1,0,1
EIEBZCU,1,0,0,1,2
EBGA1ZX,1,0,0,1,0
E7BD7ZW,1,0,0,1,2
F5BZI9E,1,0,1,2,0
EVLZ8Z2,1,0,0,1,1
EVNLH8J,1,0,0,1,1
EP2SYQK,1,0,2,1,2
EI53W71,1,0,0,1,2
EWFN5ZT,1,0,1,0,0
F3W97KU,1,0,1,0,1
EKCDDRV,1,0,1,0,1
EI77OTB,1,0,1,0,0
FAYV7K6,1,0,1,0,2
E9CU3TB,1,0,1,3,4
F4YAXH2,1,0,1,0,3
EZJN5G8,1,0,1,0,2
F1LOSE8,1,0,0,1,1
FJIB7L3,1,0,1,1,1
EKYLND4,1,0,1,0,5
F2UUYOI,1,0,0,1,2
EL59GNC,1,0,2,0,4
FVZGBQG,1,0,0,1,1
F8NOOZS,1,0,2,0,0
FARMFJ2,1,0,1,0,0
F2LDM5Z,1,0,1,1,1
EYNINAV,1,0,0,1,0
F3BAGX7,1,0,0,1,2
F8U2A7V,1,0,0,1,1
FCEUREQ,1,0,1,2,0
FAGVLGX,1,0,0,1,1
FB4GIJ5,1,0,1,1,1
F7IW2NS,1,0,2,0,1
EL78MYA,1,0,0,2,1
FC9CSAV,1,0,0,1,2
F7QGRF5,1,0,1,0,0
ESPH64R,1,0,0,1,0
FE5TBAV,1,0,2,0,1
FQQYZWX,1,0,0,1,0
FKDYCNE,1,0,1,0,2
FBHSG5B,1,0,1,0,0
EW56RX7,1,0,1,0,0
FE2QN6G,1,0,1,3,3
FNXXPCG,1,0,0,1,1
FLW51NV,1,0,1,1,1
FMY1ZF7,1,0,2,0,0
FLI5OY7,2,0,2,0,0
FTC9P74,1,0,1,0,1
G12ITQ8,1,0,1,3,0
FW24VOJ,1,0,1,1,3
FHEPDRX,1,0,0,1,1
FRFOQNR,1,0,0,1,1
FWA11DS,1,0,1,0,0
G489ZMJ,1,0,0,2,3
FUY1Z63,1,0,1,0,1
FJ4L5OR,1,0,1,0,3
F82D5YP,1,0,1,1,3
FOPI2YD,1,0,1,0,1
FO732V6,1,0,1,0,0
FG7KOAU,1,0,0,2,1
FGFLLXZ,1,0,0,1,0
FR86KJ1,1,0,1,0,2
FVSYHBH,1,0,0,1,0
FNEFC8A,1,0,1,1,2
FFO2FT7,1,0,1,0,1
FOYNKIZ,1,0,0,2,0
FQS9EUY,1,0,1,0,2
FYQT5FM,1,0,0,1,2
GFJQ26M,1,0,1,1,1
G7ZIB81,1,0,0,2,1
G1VNB8C,1,0,1,2,2
GBF94VG,1,0,0,1,1
GNJC2IP,1,0,1,2,0
G3PRTRE,1,0,2,0,1
FIKC5IZ,1,0,0,1,0
FJMWGUL,1,0,1,0,2
G7EG15L,1,0,1,0,0
G16TY7J,1,0,0,1,1
H16UL5O,1,0,0,1,3
GEEI2Q7,1,0,1,0,0
G3PUBKS,1,0,1,1,0
GLWOFZ2,1,0,0,2,0
G88JAVH,1,0,1,0,0
GNO36IK,1,0,1,0,0
GAZHZOA,2,0,0,0,3
GCDHG2Y,1,0,1,0,0
GT5C89O,1,0,0,1,1
FRH2OXO,1,0,1,1,2
G5GSKYA,1,0,0,3,2
H135TPS,1,0,1,1,0
GLADZTT,1,0,0,1,0
GJUQ4ZK,1,0,1,0,2
G55P2MK,1,0,0,1,0
GBEIBVE,1,0,1,0,0
FURPPKT,1,0,1,1,1
GJWC3AH,1,0,1,0,2
G1GZJYC,1,0,1,0,0
GWQUJTD,1,0,1,1,1
G7BEKEI,1,0,0,1,1
H2NIO9O,1,0,1,0,0
H431WSG,1,0,1,2,2
GSX7SCL,1,0,1,0,0
GTQMPGA,1,0,1,0,2
GFEEVPW,1,0,2,0,1
GDP64V1,1,0,1,1,1
GAD6AN1,1,0,0,1,1
GOF2AUG,1,0,1,1,0
H5Z4GKM,1,0,1,1,3
GHCOQ3Q,1,0,2,0,0
HJC9O1V,1,0,1,0,0
6KUNJH6,1,0,2,0,1
GPYXZ3R,2,0,1,0,0
H49AV94,1,0,0,2,0
HBV99XZ,1,0,2,2,2
HHBU1E9,1,0,1,0,1
GL9JKJD,1,0,0,1,1
GNBDCQN,1,0,1,0,1
GCKRHTF,1,0,1,0,0
H7CTH1H,1,0,2,1,1
HBTA84T,1,0,0,1,1
HFTXR1S,1,0,1,0,0
HKBI2U2,1,0,0,1,1
H8C5A38,1,0,2,1,1
GT8I7W5,1,0,1,1,0
HR2Y7VF,1,0,1,0,0
H7LVSAA,1,0,0,1,0
GUOGUX4,1,0,2,0,2
IPDP5PB,1,0,0,1,1
GFJ62X7,1,0,1,0,0
H9BLUYP,1,0,1,0,1
HDBTUZA,1,0,1,0,0
HOQDUNA,1,0,1,1,2
GVE5MCN,1,0,0,1,0
GWWKODU,1,0,1,0,2
GU33W7G,1,0,2,0,0
IBFZBXR,1,0,0,1,1
H3G5GOP,1,0,0,1,0
I6QAICE,1,0,2,0,1
IF6Q5QI,1,0,1,0,1
H8ZSW33,1,0,0,2,1
H35RL3M,1,0,1,1,1
GW5XY5B,1,0,0,2,1
I5HAFKQ,1,0,1,0,1
H2GZHO7,1,0,2,0,1
HTSL7F6,2,0,0,0,0
IKTU4MH,1,0,1,1,0
HRW18LW,1,0,1,0,1
IGNR24C,1,0,0,1,0
HY9TYPZ,1,0,1,0,0
I6KW1FM,1,0,1,0,1
ITRH9JB,1,0,2,0,1
J2RG3JL,1,0,1,1,1
HNZUTTG,1,0,2,1,1
HBK2A3Z,1,0,1,0,0
HBNAV8F,1,0,2,0,0
I9XK6T6,1,0,1,0,1
HZHRQUG,1,0,0,1,2
IQG4IN4,1,0,0,1,0
I12OZRV,1,0,3,1,0
HLCDRKH,1,0,0,1,0
J2YDBIP,1,0,1,1,0
HXJQ32G,1,0,2,2,0
IP9T9BT,1,0,0,1,2
I9ZW9K3,1,0,1,1,0
HNMAMJU,1,0,0,1,0
I3JXBL2,1,0,1,0,1
IZ1T2AS,1,0,1,2,0
IPU3MUF,1,0,4,1,2
HS9S8LH,1,0,1,0,1
I4RI7W6,1,0,1,0,2
IUJ79GQ,1,0,0,2,1
I63EY1H,2,0,1,1,0
HWSQOLA,1,0,0,1,0
IHSWM6V,1,0,0,1,0
J84E59A,1,0,0,1,0
IZYAEAP,1,0,1,1,1
IWULYK1,1,0,0,1,0
IV6GPCZ,1,0,1,0,0
IXH5OBB,1,0,1,0,0
ICVDUUF,1,0,0,2,0
IIBMS5K,1,0,1,0,0
IX6XO1C,1,0,1,1,3
IXA1F7G,2,0,1,0,1
HNHJLJA,1,0,1,1,2
J55EM84,1,0,1,0,3
IR1CKH8,1,0,0,1,2
IJK32OP,1,0,0,1,0
JR4OBBT,1,0,1,0,0
I9S5ROX,1,0,0,1,0
IY63J8N,1,0,1,0,0
IUUD9RP,1,0,1,1,0
J5AJM5Y,1,0,1,0,1
JIL767U,1,0,1,0,0
IOCE6IT,1,0,1,1,0
IL8WNO2,1,0,1,0,0
J1H1P5R,1,0,1,0,1
J9P68IV,1,0,1,1,1
J9KCJE4,1,0,0,1,2
KKOA1F5,1,0,1,0,2
JCGS61Y,1,0,1,0,1
IL5A7QU,1,0,0,2,2
J8URCPL,1,0,0,1,0
JDVCMRR,1,0,2,0,0
JUA746V,1,0,0,1,2
K3FWA6W,1,0,1,0,0
6O9NLJB,1,0,0,1,2
IOI8TKJ,1,0,0,1,1
IDLS7TY,1,0,1,2,1
IRASX3N,1,0,1,0,1
IXAWSR3,1,0,1,1,1
JOMYMJ5,1,0,1,1,0
JVCMOFM,1,0,0,1,1
IP5FYYC,1,1,2,1,0
I5L8KCI,1,0,1,1,3
JGNIIJH,1,0,3,1,1
JQN9RJ4,1,0,0,1,2
J1LBOB5,1,0,1,2,2
JI8F2K7,1,0,2,0,1
JDBXV7R,1,0,0,1,0
KKRBIKT,1,0,1,2,0
JRD7PAD,1,0,0,1,1
IY83T6J,1,0,1,1,1
JN2V45H,1,0,1,2,2
J6YR7SK,2,0,0,0,2
KB836M3,1,0,0,1,0
J2PDJVA,1,0,1,0,0
J1FMKLK,1,0,1,0,0
JFKNLLB,1,0,1,0,0
JROSUQG,1,0,0,1,1
KSS83JK,1,0,2,1,0
JDDGGXE,1,0,1,0,1
JWJ1N1M,1,0,1,0,3
IYNENWK,1,0,1,0,0
K9PVIZM,1,0,1,0,0
JE9M6JO,1,0,0,2,0
J9K5HU9,1,0,0,1,1
KDJZGBJ,1,0,1,0,3
JB348HQ,1,0,1,0,2
JATS1IK,1,0,0,1,0
J8IURCN,1,0,0,1,1
KCR4ITG,1,0,2,0,1
JU7JJAJ,1,0,0,2,0
JAHYRFY,1,0,1,0,1
KIGBXKB,1,0,1,1,1
J1BUBS9,1,0,0,1,0
JQY69BE,1,0,0,1,1
JPNGBNH,1,0,1,0,1
J6MPXF2,1,0,2,0,0
JTAA88C,1,0,0,1,1
JKA5FG3,1,0,1,0,2
JWEOD2R,1,0,0,1,0
KJOJ4VD,1,0,0,1,1
JWTD6QM,1,0,0,1,2
KIAVCGT,1,0,0,1,1
LXO6CUN,1,0,1,1,0
K572MUS,1,0,2,0,2
K8HYX19,1,0,2,1,1
JX57HSV,1,0,0,2,0
KR6KHIU,1,0,0,1,0
KM1L1J6,1,0,0,1,0
KLVMOCY,1,0,0,1,1
KL3ZYJG,1,0,1,0,1
JPPPX47,1,0,2,0,2
L7A369U,1,0,1,1,1
KXAKFME,1,0,0,1,0
K9472D3,1,0,0,2,2
KK7WNWC,1,0,1,0,3
JVUSBWK,1,0,0,1,2
K55M8SW,1,0,1,0,1
KIOAGCE,1,0,2,0,1
KXB9VES,1,0,2,2,0
K63IUMT,1,0,0,1,0
KBB3MYO,1,0,0,1,1
KUT56NX,1,0,1,0,1
K431TT5,1,0,1,1,0
K7L89LA,1,0,0,1,1
KF51P4V,1,0,1,0,1
KQ4E8R1,1,0,2,0,3
LO2NK8U,1,0,1,1,2
L928Q7R,1,0,1,2,2
KEP8D6C,1,0,1,2,1
L59Y2TG,1,0,0,1,1
LHHOCM6,1,0,2,0,1
LPEMU6Q,1,0,0,1,2
KGCTT3K,1,0,1,1,1
KQACGG4,1,0,1,0,1
KQBJIK8,1,0,1,1,1
LIDB6LM,1,0,0,1,1
LGMM4MK,1,0,1,1,0
KVK12IR,1,0,1,1,1
KNWAEE1,1,0,1,1,0
KFO7DA2,1,0,1,1,1
K3MM9IS,1,0,2,1,0
LF9QAFS,1,0,1,1,0
KGEDH7N,1,0,0,1,1
LSCBSI8,1,0,0,1,1
LS3Y7NF,2,0,3,0,1
L9HG299,1,0,1,0,0
KSGQNAJ,1,0,1,0,1
KX4QNCL,1,0,2,0,0
KZ4ZKL5,1,0,1,0,0
KFB87XM,1,0,0,1,1
LBKFRAF,1,0,1,0,1
KZNMFBY,1,0,1,1,4
L9S5LTO,1,0,1,1,0
LDG6KDO,1,0,0,1,2
KILVDQS,1,0,2,0,0
KUE4OTK,1,0,0,1,0
KUSYDC3,1,1,1,1,2
KT6CWDE,1,0,1,0,1
LGTI7BE,1,0,1,1,2
L4PEC6Q,1,0,0,1,1
KWRDMWT,1,0,0,2,2
LSRFLFR,1,0,1,0,1
KKGIHDY,1,0,1,0,2
KVD8CMJ,1,0,0,1,1
KNYFIEN,1,0,1,1,0
KFCGG93,1,0,0,1,3
LFG4ZUS,1,0,1,3,2
M4ZWNWI,1,0,0,2,2
LIK1F45,1,0,1,0,2
LK5ZN2Y,1,0,0,1,0
LTGWBOH,1,0,1,0,0
KAQD6DQ,1,0,1,0,1
KZMGI4B,1,0,0,1,0
LNIAYQX,1,0,1,0,0
LOZMJ2E,1,0,2,1,0
KO5O5SN,1,0,0,1,2
KQKXGTL,1,0,1,1,0
L9J5UIA,1,0,1,1,0
LVH77SD,1,0,1,0,0
LHU83ML,1,0,2,0,0
KYQFHC1,1,0,1,0,0
MDX4ME4,1,0,1,0,1
KW26EWZ,1,0,0,1,2