UVB2U4KG,5103
UX4MGMYK,5206
UYFMV35W,8109
V34M7QQA,6107
V3IBWLXS,6111
V467AQ3Z,5213
V541N858,5101
V698FMYD,6016
V7KQDHMW,6101
VAK1CVX2,5115
VCJ14V5V,6009
VEC54NTG,5116
VEFO9TSM,10210
VFDXCB25,5216
VHYKLZN7,5221
VK1NJLVU,7010
VLINCGJX,6001
VNC93VXB,5105
VP7ASMRX,5201
VT6R4YDL,5123
VVQEQ4O7,5135
W2VQA4FW,5321
W4RFQPYV,6003
W92SY68W,6011
W9MFBHZJ,5108
WA63W33S,6003
WEKY53YB,6002
WF1ZSI1C,5139
WGR2TMLI,8103
WGHEAJYN,6101
WO44IPUB,5103
WQ2FXSTJ,6002
WQVVBBD6,7110
WS5FIKB1,5202
WU7RJP6H,6023
WTGREHR7,8216
WW2BEIBV,6105
WZLS5CK7,5104
X2SGDK4H,9116
X5669N6U,5102
X2P5HG6A,6102
X4QP9GLX,5117
X6FMQEV5,5132
XHM8CW5A,7105
XEY2FV71,5104
XFU25YAL,5117
X9MFQ7O2,6104
XGQCT2PC,8216
XJM9JCKA,6112
XQ9SYMXN,5124
XOWW4ZC6,5111
Y1EVCDYT,5101
Y142B16G,6202
Y2LYGL6G,5105