Seed,Score,Blueprint or Brainstorm,Oops All 6s,Mime or Baron,Sock or Hanging Chad,Troubadour or Juggler,Ante
GAY1KPB9,3,0,0,9,9,6,13
GAY1LYHL,2,1,0,9,9,7,15
GAY2GNG4,1,0,9,9,9,8,11
GAY2UMUQ,2,0,0,0,0,7,15
GAY97NHC,2,0,0,0,1,0,07
GB1PFKA4,1,0,9,9,9,3,14
DIKT4AJK,1,0,1,0,0,0,13
DIKUJDBS,2,0,0,0,1,1,16
DIL82QXH,2,0,0,0,1,1,16
DIKZH8CG,2,1,0,0,1,0,15
DIL2DMDP,2,0,0,0,2,0,09
DIMPNV1N,1,0,1,0,0,0,15
69FC9I89,2,1,0,1,0,0,12
69FEAVWP,2,0,0,1,0,1,10
69FEFSYS,2,0,0,1,0,1,07
69FHKQ5F,2,1,0,0,1,0,13
CUP2RXY ,2,1,0,0,0,1,10
CV2BD6O ,2,0,1,0,0,1,09
CV8A8SZ ,2,1,0,0,0,1,16
CZ5HPW6 ,2,1,0,1,0,0,13
CVB8LXY ,2,0,1,0,1,0,08
CUR81IB ,3,0,0,0,1,2,09
CW17D79 ,3,1,0,0,2,0,10
D1E9OYH ,3,0,1,1,1,0,09
D1RAS86 ,3,0,0,2,0,1,08
D39RAXN ,2,1,0,0,0,1,12
DMXAH2S ,2,0,1,1,0,0,12
D3RX6OP ,2,0,1,0,1,0,12
DFNT7T5 ,3,0,0,0,3,0,09
DGA6785 ,2,1,0,0,0,1,04
D7RW7WX ,2,0,1,0,0,1,07
DNY7JYE ,3,0,1,0,0,2,13
CYMQTZM ,3,1,0,0,0,2,06
CZN6O7D ,2,2,0,0,0,0,15
DFDPE6O ,3,0,0,0,3,0,16
DMB5RQ1 ,2,1,0,0,0,1,09
DK5GEWB ,2,1,0,1,0,0,12
E14YCSD ,2,1,0,0,1,0,11
F115QIC ,2,0,1,0,1,0,12
DLMNRYE ,2,0,1,0,0,1,13
ERCTFSH ,3,0,0,0,2,1,08
DN8EO5P ,2,1,0,0,0,1,08
DY4W64Y ,2,1,0,0,0,1,06
PEJEU6J ,2,0,1,0,1,0,14
PEMG6SS ,2,2,0,0,0,0,13
PEVE2HN ,3,2,0,0,0,1,08
PEXISKI ,3,0,1,0,2,0,13
PGHKMKT ,3,0,1,0,1,1,12
PFL7GBZ ,2,0,2,0,0,0,05
PF8A2L3 ,2,0,1,0,1,0,13
PFTXRER ,2,1,1,0,0,0,11
PGG6ZOF ,3,0,0,0,0,3,14
PRCXFND ,2,0,1,0,0,1,16
PKH3GAT ,3,1,0,0,0,2,09
PW53BRK ,2,0,1,0,0,1,16
PKOTEXK ,2,1,0,0,0,1,13
QDK8J5I ,2,1,0,0,1,0,07
PSTHV2A ,2,0,1,0,1,0,14
PT1QPTM ,2,0,1,0,1,0,14
QYWMUMU ,2,0,2,0,0,0,15
QABW285 ,2,0,1,1,0,0,06
QVXIBFW ,2,1,1,0,0,0,15
QHJ18J7 ,2,0,1,0,1,0,12
RDA57S7 ,2,0,1,0,1,0,15
RCSCQDO ,2,0,1,0,0,1,13
Q4ZDU6C ,2,1,0,0,0,1,15
Q3NQWZV ,2,0,1,1,0,0,07
PIREDLD ,2,1,0,0,0,1,16
QO698KG ,2,1,0,0,1,0,08
RCPBEWJ ,3,0,0,0,0,3,09
QL97HPK ,2,1,0,0,1,0,10
QD8UU2Q ,2,0,1,0,0,1,14
PYNDHJ4 ,2,1,0,0,1,0,11
SDKHDZY ,2,0,1,1,0,0,05
S6T1MI8 ,2,1,0,0,0,1,10
RLFGEGU ,3,1,1,0,1,0,15
TBNI4OQ ,2,1,0,0,0,1,12
QSX4J27 ,2,1,0,0,1,0,09
SWWCEHD ,2,1,0,0,0,1,10
T26JIV5 ,2,0,1,1,0,0,13
TO2G1NB ,2,0,1,0,1,0,13
R83VMCD ,3,1,0,1,0,1,08
SY3RH6C ,2,0,1,0,1,0,16
S9NCYU1 ,2,0,1,0,0,1,08
U2QK4NG ,3,1,0,0,2,0,08
U5DUUYT ,3,2,0,0,0,1,10
VBDMXGM ,2,0,1,0,1,0,09
R7LUP5C ,4,0,0,1,0,3,10
W1D1Y5B ,2,0,1,0,1,0,09
U8RY6WV ,3,0,1,1,0,1,12
WLQ1XIN ,2,1,0,0,0,1,16
RUENHV4 ,3,0,0,1,1,1,11
RK8PF1E ,2,0,1,0,0,1,11
T1KQ36O ,2,1,0,0,1,0,11
W74H7LM ,2,1,0,0,1,0,15
WWMW3HY ,2,0,1,0,1,0,15
VJPITS2 ,4,0,0,1,1,2,15
VZPPDQT ,2,2,0,0,0,0,14
X6462C7 ,2,0,1,0,1,0,15
XWYF53Z ,2,1,0,1,0,0,06
YBHQVWN ,2,1,0,0,0,1,11
VRHF7FL ,2,1,1,0,0,0,09
YB7LUTZ ,2,1,0,0,1,0,15
WXNVV82 ,3,0,0,0,2,1,09
YHKS2Y4 ,2,1,0,0,0,1,13
XWXTY2Q ,2,0,1,0,0,1,13
TKF7H7R ,3,2,0,0,0,1,09
X7IWGOF ,2,1,0,0,1,0,16
VRG1QCC ,2,0,1,0,1,0,13
YJ3UAZ7 ,2,2,0,0,0,0,15
THR31MF ,3,1,0,0,2,0,10
XWQ43KN ,3,0,0,1,0,2,16
YY794OL ,3,0,0,1,1,1,11
T8GKXO2 ,2,0,1,1,0,0,07
UNPZ71Y ,2,1,0,1,0,0,12
11ICTN47,3,1,1,1,0,0,16
YA5J111 ,3,1,0,1,1,0,15
117WLK1J,2,1,0,1,0,0,05
Z333EE1 ,2,0,2,0,0,0,13
YZJXT7R ,2,0,1,0,0,1,11
TYP3TBT ,3,0,0,1,2,0,15
11VXUN76,2,0,1,0,1,0,13
12E5W97M,2,1,0,0,1,0,13
12U1MYJM,2,1,0,0,1,0,11
YMUZZ4T ,2,0,1,0,0,1,14
12A13U5F,2,0,1,0,1,0,16
UO898QV ,3,1,0,0,2,0,09
VYK66UK ,2,0,1,0,0,1,08
13BK8HH9,2,1,0,1,0,0,04
13E3FQVA,2,1,0,0,1,0,16
12PMD8WY,2,0,1,0,1,0,06
136FC1F7,3,1,0,1,1,0,13
13UKAXA8,2,0,1,0,1,0,13
SDTMZJP ,2,1,0,0,1,0,15
146LTVPN,2,0,1,0,1,0,13
WXR66XD ,2,1,0,1,0,0,16
W554WTK ,2,0,1,0,1,0,11
14IL1RBK,2,2,0,0,0,0,15
YMTN2ZP ,2,1,0,0,0,1,11
157ZU3Z7,2,0,1,1,0,0,08
154S7AZ9,3,0,0,1,1,1,14
121KO7DO,3,0,0,0,1,2,16