Seed    ,Blueprint,Brainstorm,Oops,SpaceJoker,BurntJoker,DNA,Troubadour,TurtleBean,NegativeSkipTags
3RFNA5N ,4,0,0,2,0,0,0,0,4
3CZKPC6 ,4,2,0,2,0,0,0,0,3
RC2ZDIL ,4,2,0,4,0,0,0,2,3
ELCHL89 ,4,0,0,2,0,0,0,0,3
QKUV9KG ,4,0,0,2,0,0,0,0,3
W4TMKI5 ,4,0,0,2,0,0,0,0,3
UYGUYUH ,4,0,0,2,0,0,0,0,3
GCEAU6C ,2,4,2,2,0,0,0,0,3
O9AZSE2 ,6,0,0,2,0,2,0,0,2
2TN1FFU ,4,0,2,2,0,0,0,0,2
3R7V787 ,4,0,2,2,0,0,0,0,2
6HE4NS8 ,4,0,0,2,0,0,0,0,2
7S37811 ,4,0,0,4,0,2,2,0,2
BMQPNRH ,4,0,0,4,0,0,0,2,2
E5WHHNB ,4,0,0,2,0,0,0,0,2
DTFE24J ,4,0,0,2,0,0,0,0,2
DZOKQ1I ,4,0,2,2,0,0,2,0,2
IUVDPTG ,4,0,0,2,0,0,4,0,2
JS1REJ6 ,4,0,0,2,0,0,0,0,2
LWGLYQD ,4,0,0,2,0,0,0,0,2
MGRMEVF ,4,0,0,2,2,0,0,0,2
N2OV5WE ,4,0,0,2,0,0,0,0,2
Q3SQH53 ,4,0,0,2,0,0,0,2,2
TOIZRLD ,4,0,0,2,0,0,0,0,2
Y6RS24O ,4,0,0,2,2,0,0,0,2
EDO1TBZ ,2,4,0,2,2,0,0,6,2
UIR1JKQ ,2,4,0,4,2,0,0,0,2
8I8X66S ,2,2,2,2,0,0,0,0,2
IGN9BT4 ,2,2,2,2,0,0,0,0,2
9WDYP3E ,6,0,0,4,2,0,2,0,1
B6TU84N ,6,0,0,2,0,0,0,0,1
I3IXGKR ,6,0,0,2,2,0,0,0,1
MWG16MV ,6,0,2,2,0,0,0,0,1
FQNC927 ,4,2,2,2,0,0,0,0,1
K1ZTBTN ,4,2,2,2,2,0,0,0,1
O7IJRZO ,4,2,0,2,0,0,0,0,1
P2FGV2C ,4,2,0,2,0,0,0,0,1
12L3KMRH,4,2,0,2,0,0,0,0,1
T53SPE  ,4,0,0,2,2,0,0,2,1
11M9MBF ,4,0,0,4,0,0,0,0,1
2ZC1OYU ,4,0,0,2,0,0,0,0,1
38WI895 ,4,0,0,2,2,0,0,2,1
39TLIQ8 ,4,0,2,2,0,0,0,0,1
3Z7F4C3 ,4,0,0,2,0,0,2,0,1
4PKBU5Q ,4,0,2,2,0,0,2,0,1
4OCISQX ,4,0,0,2,0,0,4,0,1
54OLYCQ ,4,0,0,4,2,0,0,0,1
6DK2343 ,4,0,0,2,0,0,0,0,1
6U75Z4B ,4,0,0,2,4,0,0,2,1
7RMXUGJ ,4,0,0,2,0,0,0,0,1
7XGOHPK ,4,0,0,6,0,0,0,2,1
7ZLHV5L ,4,0,0,2,0,0,0,0,1
BPOTHD2 ,4,0,0,2,0,0,0,0,1
CMOL5Q4 ,4,0,0,2,0,0,2,2,1
CPKARL2 ,4,0,0,2,0,0,2,0,1
H8R8HBU ,4,0,0,2,0,0,0,0,1
FT9B39Z ,4,0,0,2,2,0,0,0,1
HWH3KSH ,4,0,0,2,0,0,0,0,1
IG95HJF ,4,0,0,2,0,0,0,0,1
J3O8YVV ,4,0,0,2,0,0,0,0,1
LYEE9SX ,4,0,0,2,0,0,2,0,1
KDSH8DY ,4,0,0,2,0,2,0,0,1
NRGLPHC ,4,0,0,2,0,0,0,0,1
RK361PT ,4,0,0,2,0,0,0,0,1
TAT9K7Y ,4,0,0,2,0,2,2,0,1
TUS8XPR ,4,0,0,2,0,2,0,0,1
RM6RYH1 ,4,0,0,2,0,0,0,0,1
VIK14TH ,4,0,0,2,2,0,0,0,1
TNIF3CV ,4,0,0,2,0,0,4,0,1
ZLO7NB8 ,4,0,0,4,0,2,0,0,1
XNO3VUU ,4,0,0,2,0,0,0,0,1
UN4VLVP ,4,0,0,2,0,0,0,0,1
117UKYQW,4,0,0,2,0,0,0,0,1
V5IZ171 ,4,0,0,2,0,0,0,2,1
9E9JGZZ ,2,4,0,2,0,0,0,0,1
O9QPYI3 ,2,4,0,2,0,0,0,0,1
1UTU52F ,2,2,2,2,0,0,0,2,1
4SFGZ3N ,2,2,2,2,0,0,0,0,1
82HBB7S ,2,2,2,2,0,0,0,0,1
DJL1LTP ,2,2,2,2,0,0,0,0,1
DRSTJ56 ,2,2,2,2,0,0,2,0,1
EFCDYJZ ,2,2,2,2,0,0,0,0,1
O85QH8U ,2,2,4,2,0,2,0,2,1
S757JUD ,2,2,4,2,0,0,0,0,1
UN8W5DM ,2,2,2,2,0,0,0,0,1
W7U5IZM ,2,2,2,2,0,0,0,0,1
L673KHM ,6,0,0,2,0,0,2,0,0
SCO5HVX ,6,0,2,2,0,0,0,2,0
3RELFXB ,4,2,0,2,0,0,0,0,0
L5PJCDH ,4,2,0,2,2,0,0,0,0
TFW5JNN ,4,2,0,2,0,2,0,0,0
UN1FVN7 ,4,2,0,2,0,0,0,2,0
Y6ZZFVE ,4,2,2,2,0,0,0,0,0
9MMCSM  ,4,0,2,2,0,0,2,0,0
DDT22W  ,4,0,0,2,0,0,2,0,0
1I5NIJH ,4,0,0,2,0,0,0,0,0
1VBYF6G ,4,0,0,2,0,0,0,0,0
2EREOB4 ,4,0,0,4,0,0,0,0,0
2K1FUJB ,4,0,0,2,0,0,0,0,0
2SCIGLM ,4,0,2,2,0,0,0,0,0
3E5EPH2 ,4,0,0,2,0,0,2,0,0
3XVZHHC ,4,0,0,4,0,0,0,0,0
4L48T5A ,4,0,0,2,2,2,0,0,0
4UO34PQ ,4,0,0,4,0,0,0,0,0
4V9IJLA ,4,0,0,2,0,0,0,0,0
4XE2SLJ ,4,0,0,2,0,0,0,0,0
5JF66T8 ,4,0,0,2,0,0,0,0,0
68VJHG2 ,4,0,0,4,2,0,0,2,0
714N1M6 ,4,0,0,2,0,0,0,0,0
7JCZTBX ,4,0,0,2,0,0,0,0,0
7NYYZS9 ,4,0,0,2,0,0,0,0,0
7K5E929 ,4,0,0,2,0,4,0,0,0
7VKN7EY ,4,0,0,4,0,0,0,0,0
8HMBF9Z ,4,0,0,2,0,0,0,0,0
9Z23HS7 ,4,0,0,2,0,0,0,0,0
9KB8A1M ,4,0,0,4,0,0,0,0,0
B3QGESG ,4,0,2,2,2,0,0,0,0
BALNFAJ ,4,0,2,6,0,0,2,0,0
BVO2MPW ,4,0,2,2,0,0,0,0,0
CJID1HG ,4,0,0,2,0,0,0,0,0
EHN1ZP9 ,4,0,0,4,0,0,0,0,0
DJSJMJW ,4,0,0,2,0,0,0,0,0
FA83C2A ,4,0,0,2,0,0,0,0,0
F7HN7FH ,4,0,2,2,0,0,0,0,0
GLJJREN ,4,0,0,2,0,0,0,0,0
FTTS2KE ,4,0,0,2,0,2,0,0,0
H7SJX12 ,4,0,0,2,0,0,0,2,0
HFJPDZ1 ,4,0,0,4,0,0,0,0,0
HMU7I53 ,4,0,2,4,0,0,0,0,0
HYWUHUJ ,4,0,0,2,0,4,0,0,0
M3ESNC4 ,4,0,0,2,0,0,0,0,0
NBI7NKQ ,4,0,2,4,0,0,0,0,0
KW93TFK ,4,0,0,2,2,0,0,0,0
M83LZCI ,4,0,0,2,0,0,0,0,0
LGR3H64 ,4,0,0,2,0,0,0,0,0
LJ9B1IG ,4,0,0,2,0,0,0,0,0
NQRVN78 ,4,0,0,2,0,0,2,0,0
NAICRT5 ,4,0,0,2,0,0,0,0,0
N7DIOB4 ,4,0,0,2,0,0,0,0,0
LYVMYE9 ,4,0,0,2,0,0,0,0,0
OIMMO6G ,4,0,0,2,0,0,0,0,0
PK62E1M ,4,0,0,2,0,0,2,0,0
Q265CQX ,4,0,0,2,0,0,0,0,0
RH55187 ,4,0,0,2,0,0,2,0,0
QOQY868 ,4,0,0,2,0,0,0,2,0
QFJ9LPG ,4,0,0,2,0,0,0,0,0
UTAVN7G ,4,0,2,6,0,0,0,0,0
S9K8F8Q ,4,0,0,2,2,0,0,2,0
W9KPKYW ,4,0,0,2,0,0,0,0,0
XO2Z32W ,4,0,2,2,0,0,0,0,0
VGJIWRX ,4,0,0,2,0,0,0,0,0
WWXY8LT ,4,0,0,2,0,0,0,0,0
VLRIKVT ,4,0,0,2,0,0,0,0,0
RXPYJ2O ,4,0,0,2,0,0,0,0,0
ZKTI9BN ,4,0,4,2,0,0,0,0,0
ZB31ILL ,4,0,0,4,2,0,0,0,0
CNQ2F25 ,2,6,0,2,2,2,0,0,0
73QBL3B ,2,4,0,2,0,0,0,0,0
92YBEXB ,2,4,2,2,0,0,0,0,0
DQ3IQMT ,2,4,0,4,0,0,0,0,0
F4U7HV5 ,2,4,0,4,0,2,0,0,0
I83RVQR ,2,4,0,2,2,0,0,0,0
P12K6GL ,2,4,0,2,2,0,0,0,0
PCERCQX ,2,4,0,4,0,0,0,0,0
R9512Y2 ,2,4,0,2,0,0,0,0,0
1YHC24J ,2,2,2,2,0,0,0,0,0
1YQGGQO ,2,2,2,2,0,0,0,0,0
3LXM8H1 ,2,2,2,2,0,0,0,0,0
7HR2S14 ,2,2,2,2,0,0,2,2,0
G7JAI1Y ,2,2,2,2,0,0,0,0,0
I9ZN7OD ,2,2,2,2,0,0,0,0,0
O55YAVT ,2,2,2,2,0,0,4,0,0
RXFYKIN ,2,2,2,2,2,0,2,0,0
TCS9PRS ,2,2,2,2,0,0,0,0,0
