Seed,Score,Blurprint,Brainstorm,Burnt_Joker,Space_Joker,Oops_All_6s,DNA,NegativeTags,NegativeJokers
115HNBL ,1,1,0,0,0,0,0,1,2
11HSH2S ,2,1,0,0,0,0,1,0,0
11I1ZLO ,1,1,0,0,0,0,0,0,0
11REZG1 ,2,1,0,0,1,0,0,0,0
11TZJGS ,3,1,1,0,1,0,0,0,0
11W1MVV ,1,1,0,0,0,0,0,1,0
11YCM79 ,2,1,0,0,0,0,1,0,1
1219KZC ,2,1,0,0,0,1,0,1,0
122Z1J3 ,2,1,1,0,0,0,0,2,0
125I4M3 ,1,1,0,0,0,0,0,1,0
1288DQT ,2,1,0,1,0,0,0,0,1
129BN3J ,1,1,0,0,0,0,0,2,0
129JP8G ,4,1,0,2,0,1,1,1,0
12A8JAB ,2,1,0,0,1,0,0,0,0
12IPYTP ,2,1,0,1,0,0,0,0,0
12L2NXQ ,1,1,0,0,0,0,0,0,0
12LW8M2 ,1,1,0,0,0,0,0,1,0
12MLC6Q ,4,1,0,1,0,1,1,1,0
12PP6Z6 ,3,1,0,1,1,0,0,2,1
12VY77  ,1,1,0,0,0,0,0,1,0
12WVN   ,1,1,0,0,0,0,0,0,0
12ZDPOX ,1,1,0,0,0,0,0,0,0
12ZUT1J ,1,1,0,0,0,0,0,0,0
131YJTC ,3,1,0,0,1,1,0,1,0
1326EEZ ,2,1,0,0,0,1,0,1,0
133Y8G  ,1,1,0,0,0,0,0,1,0
136S3XP ,2,1,0,0,0,0,1,1,0
13HWUQK ,2,1,1,0,0,0,0,2,1
13S2FXH ,2,1,1,0,0,0,0,1,0
13TTYL9 ,3,1,1,0,0,0,1,1,0
13YWPRI ,2,1,0,0,0,1,0,0,0
13ZA94J ,1,1,0,0,0,0,0,1,0
145KT2M ,2,1,0,0,0,1,0,0,0
1471W85 ,2,1,1,0,0,0,0,1,0
14DQGQM ,1,1,0,0,0,0,0,0,2
14E4X3A ,1,1,0,0,0,0,0,2,0
14GWZGD ,1,1,0,0,0,0,0,0,0
14O5LRE ,1,3,0,0,0,0,0,1,0
14RK4H4 ,2,1,0,1,0,0,0,3,0
14SEQQ  ,2,3,0,0,1,0,0,1,0
14WLXR4 ,3,1,0,0,1,1,0,1,0
14X43H5 ,2,2,0,0,1,0,0,0,0
14ZCJJJ ,1,1,0,0,0,0,0,0,1
14ZFVBH ,2,1,0,0,0,1,0,1,0
1539XQS ,1,1,0,0,0,0,0,0,0
15426XD ,2,1,0,1,0,0,0,1,0
159N4SU ,2,1,0,0,0,0,1,2,0
15C3HJC ,3,1,0,1,1,0,0,1,0
15ELX8P ,1,1,0,0,0,0,0,0,0
15EU7LF ,1,1,0,0,0,0,0,1,0
15IBNA3 ,1,1,0,0,0,0,0,0,0
15IUN8I ,1,1,0,0,0,0,0,1,0
15NEZMK ,2,1,0,1,0,0,0,0,0
15NZG13 ,2,1,1,0,0,0,0,0,0
15Q9IA1 ,2,1,0,0,0,1,0,0,0
15R3XGQ ,1,1,0,0,0,0,0,0,0
15T115B ,3,1,0,0,0,1,1,0,0
15T4CX4 ,2,1,0,0,0,1,0,1,0
15TE4HT ,1,1,0,0,0,0,0,1,0
15TOB6U ,1,1,0,0,0,0,0,1,0
15UFRND ,1,1,0,0,0,0,0,0,1
16G9PGE ,2,1,0,0,1,0,0,0,0
16GN1D1 ,2,1,0,0,1,0,0,0,0
16JYHQ1 ,1,1,0,0,0,0,0,1,0
16LB9HK ,1,1,0,0,0,0,0,1,0
16S3X2H ,2,1,0,0,0,1,0,0,0
16TW6XI ,1,1,0,0,0,0,0,1,0
16VOCSU ,3,1,0,1,1,0,0,1,1
179KAKW ,1,1,0,0,0,0,0,1,0
17A6AO  ,2,1,0,0,1,0,0,2,0
17DQDWW ,4,1,0,0,1,1,1,0,1
17DYGKG ,1,1,0,0,0,0,0,1,0
17E3B3  ,2,1,0,1,0,0,0,1,0
17EE6JP ,2,1,0,0,0,1,0,0,0
17INZYU ,1,1,0,0,0,0,0,2,0
17L3NX5 ,1,1,0,0,0,0,0,1,1
17PCYWA ,2,1,0,0,1,0,0,0,0
17VJMNR ,1,1,0,0,0,0,0,0,0
187JVMI ,3,1,0,0,0,1,1,3,1
18B413I ,1,1,0,0,0,0,0,0,1
18B5YGW ,1,1,0,0,0,0,0,1,0
18B9CKB ,2,1,0,0,0,1,0,1,0
18BFSC5 ,1,1,0,0,0,0,0,0,0
18DBUQD ,3,1,0,0,1,1,0,1,1
18DUZGY ,1,1,0,0,0,0,0,0,0
18LZ6VM ,4,1,1,1,1,0,0,2,0
18NKQZM ,2,1,0,0,0,1,0,0,0
18VXNLA ,2,1,0,0,1,0,0,2,0
18WUD6S ,4,1,0,1,0,1,1,0,0
18XP5UN ,2,1,1,0,0,0,0,1,0
194VM89 ,1,1,0,0,0,0,0,1,0
19KK61  ,3,1,1,0,0,1,0,2,0
19MY1SQ ,1,1,0,0,0,0,0,2,0
19NWQDH ,2,1,0,1,0,0,0,0,0
19PFWDU ,2,1,0,0,1,0,0,1,0
19RMWGM ,2,1,0,0,1,0,0,0,0
19V1YWG ,1,1,0,0,0,0,0,0,0
1A4BBYS ,3,1,0,1,0,0,1,1,1
1A8ST2  ,2,1,0,0,1,0,0,2,0
1AE12ZB ,1,1,0,0,0,0,0,0,0
1AEUVYC ,2,1,0,0,0,1,0,0,0
1AIBRA7 ,2,1,1,0,0,0,0,2,0
1AK3ZVY ,2,1,0,1,0,0,0,3,0
1AMZNNA ,2,1,0,1,0,0,0,0,0
1AQHFRT ,1,1,0,0,0,0,0,1,1
1AUCQXM ,3,1,0,0,1,1,0,0,0
1AZDMSR ,1,1,0,0,0,0,0,0,0
1B1BBOJ ,2,1,0,1,0,0,0,0,0
1B3HI7D ,1,1,0,0,0,0,0,1,0
1BC6SP7 ,2,1,0,1,0,0,0,1,0
1BGXEN3 ,2,1,1,0,0,0,0,2,0
1BIAESU ,1,1,0,0,0,0,0,0,0
1BO1BVP ,2,1,0,0,0,1,0,0,0
1BO2SYY ,1,1,0,0,0,0,0,0,0
1BPNPL9 ,2,1,0,0,0,1,0,1,0
1BU9TAJ ,1,1,0,0,0,0,0,2,1
1BXT699 ,2,1,0,0,1,0,0,1,0
1BXWSK1 ,1,1,0,0,0,0,0,1,0
1BYPY54 ,2,1,0,0,0,0,1,0,0
1C2MEW6 ,1,1,0,0,0,0,0,0,0
1C8DQXE ,2,1,0,0,1,0,0,0,0
1CA3AS3 ,1,1,0,0,0,0,0,1,0
1CDUCGK ,1,1,0,0,0,0,0,0,0
1CEE285 ,1,1,0,0,0,0,0,0,0
1CEY49Y ,1,1,0,0,0,0,0,0,0
1CFYOHP ,2,1,0,0,0,1,0,2,0
1CO1IPW ,2,1,0,0,0,1,0,2,0
1CZ8Y42 ,1,1,0,0,0,0,0,0,0
1D6U6Z  ,2,1,1,0,0,0,0,1,0
1DBMZKZ ,1,1,0,0,0,0,0,1,0
1DDQ3SO ,3,1,1,0,1,0,0,1,0
1DE95JL ,1,1,0,0,0,0,0,0,0
1DFU6GZ ,2,1,0,0,0,0,1,1,0
1DHL9H  ,1,1,0,0,0,0,0,0,0
1DHPQK7 ,1,1,0,0,0,0,0,0,0
1DHYQPO ,1,1,0,0,0,0,0,2,0
1DS3BDE ,2,1,0,1,0,0,0,1,0
1DTW5J3 ,1,1,0,0,0,0,0,0,1
1DWXEY4 ,2,1,0,0,0,1,0,1,0
1DYNJOF ,1,1,0,0,0,0,0,0,0
1DZ5MI  ,2,1,0,0,0,0,1,1,0
1E44931 ,1,1,0,0,0,0,0,0,0
1E4BVMQ ,2,1,0,1,0,0,0,2,0
1EF638S ,1,1,0,0,0,0,0,0,0
1ENP6L  ,1,1,0,0,0,0,0,2,0
1ERK7VB ,4,1,1,1,1,0,0,2,0
1EWUTSK ,2,2,0,0,0,1,0,0,0
1EXP4FU ,3,1,0,0,1,1,0,2,0
1F9KQP8 ,1,1,0,0,0,0,0,0,0
1F9P79  ,2,1,1,0,0,0,0,0,0
1FA98FI ,2,1,1,0,0,0,0,0,0
1FC6QYJ ,1,1,0,0,0,0,0,0,1
1FEBI36 ,2,1,0,0,0,0,1,0,1
1FFVXOC ,1,1,0,0,0,0,0,1,0
1FJ5KA5 ,3,1,0,1,1,0,0,0,0
1FJMLTQ ,2,1,0,0,1,0,0,0,0
1FR9CCD ,1,1,0,0,0,0,0,0,0
1FTV3TH ,1,1,0,0,0,0,0,1,0
1FXGQBQ ,2,1,0,0,1,0,0,1,1
1G5ZVP2 ,1,1,0,0,0,0,0,1,0
1G6R3ZK ,2,1,1,0,0,0,0,0,0
1GAU71K ,1,1,0,0,0,0,0,3,1
1GAWTOF ,2,1,0,0,1,0,0,2,0
1GHWXQU ,1,1,0,0,0,0,0,0,0
1GKHSHN ,3,1,0,0,1,1,0,3,0
1GNSHYD ,1,1,0,0,0,0,0,1,0
1GYB311 ,1,1,0,0,0,0,0,0,0
1GZJGX  ,3,1,0,1,0,0,1,0,0
1H756IG ,3,1,0,0,0,1,1,0,0
1HIW9JF ,1,1,0,0,0,0,0,0,0
1HJAEQ  ,2,1,1,0,0,0,0,1,0
1HMIYGT ,1,1,0,0,0,0,0,0,1
1HNIWC  ,1,1,0,0,0,0,0,0,0
1HZFKFA ,1,1,0,0,0,0,0,1,0
1I3F9RD ,2,1,0,0,0,1,0,0,0
1II4SR5 ,2,1,0,0,0,1,0,3,0
1ILA84M ,1,1,0,0,0,0,0,0,0
1J358JS ,3,1,0,0,1,0,1,0,0
1J5V2N1 ,2,1,1,0,0,0,0,2,0
1JNA6D  ,2,1,0,0,1,0,0,1,0
1JW5HQ  ,4,1,0,0,1,1,1,0,0
1JWXN8T ,3,1,0,0,1,0,1,0,0
1K1AIXI ,2,1,1,0,0,0,0,2,0
1KC2OA7 ,1,1,0,0,0,0,0,0,0
1KKRSTP ,2,1,0,1,0,0,0,1,0
1KNB4WR ,4,1,0,0,1,1,1,1,0
1LJTM1N ,3,1,0,0,1,1,0,0,0
1LM7E4W ,2,1,1,0,0,0,0,1,0
1LNEVDQ ,3,1,0,1,0,1,0,1,0
1LS3KH7 ,1,1,0,0,0,0,0,1,0
1LVERJ5 ,2,1,1,0,0,0,0,1,0
1MUUYNG ,3,1,0,1,1,0,0,2,0
1MXQ8KR ,2,1,1,0,0,0,0,1,0
1NCV7G7 ,4,1,1,2,3,0,0,1,0
1NJFH5  ,2,1,0,0,0,1,0,2,0
1NSBVCT ,3,1,0,1,0,0,1,0,0
1NWKRO  ,2,1,0,0,0,1,0,0,0
1OFJP2N ,3,1,0,0,1,1,0,0,0
1OGR9WC ,1,1,0,0,0,0,0,1,0
1OIOQYL ,1,1,0,0,0,0,0,1,0
1OTO31D ,3,1,0,0,0,1,1,1,0
1P52RFM ,1,1,0,0,0,0,0,0,0
1PLPRY8 ,1,1,0,0,0,0,0,0,0
1Q13SXY ,3,1,1,0,0,1,0,1,0
1QXMVHV ,2,1,0,0,0,0,1,0,0
1R4HBW  ,1,1,0,0,0,0,0,2,0
1R5U4YR ,2,1,1,0,0,0,0,1,1
1RAFTF6 ,1,1,0,0,0,0,0,1,0
1RO7CHF ,4,2,1,0,0,1,1,0,0
1RUDYX  ,1,1,0,0,0,0,0,1,0
1RXLMF9 ,3,1,0,1,0,1,0,1,0
1RZ7ZLZ ,2,1,1,0,0,0,0,0,1
1S31FE  ,3,1,0,1,0,1,0,0,0
1SARAG2 ,3,1,0,1,0,1,0,2,0
1SHW7JP ,2,1,1,0,0,0,0,1,0
1SN5D4Z ,2,1,0,0,0,1,0,0,0
1SO8AN9 ,1,1,0,0,0,0,0,0,0
1SYQRYK ,2,1,1,0,0,0,0,0,0
1TFFNND ,1,1,0,0,0,0,0,2,0
1UAA695 ,3,1,1,0,0,1,0,1,0
1UGS7ZN ,3,1,1,0,0,1,0,1,0
1VTDD3  ,2,1,0,0,1,0,0,0,0
1VVEJX  ,3,1,0,0,0,1,1,2,0
1WMG92  ,3,1,0,1,0,1,0,0,1
1WP96Y1 ,3,1,0,0,1,0,1,2,0
1WZ7QC  ,2,1,0,0,0,1,0,1,0
1X4D6UH ,3,1,1,0,1,0,0,1,0
1ZWC3H3 ,2,1,1,0,0,0,0,0,0
1ZXPUH7 ,3,1,1,0,1,0,0,1,0
1ZYTXP  ,2,1,0,0,0,0,1,1,0
1ZZXCQU ,2,1,0,1,0,0,0,1,0
21XD25A ,1,1,0,0,0,0,0,1,0
21XRO11 ,2,1,0,1,0,0,0,1,0
22EARRL ,4,1,1,1,0,1,0,3,0
234R4Y  ,1,1,0,0,0,0,0,0,0
237JSI3 ,3,1,0,0,0,1,1,1,0
23R9SJA ,3,1,0,0,1,1,0,3,0
23SQGR  ,2,1,1,0,0,0,0,1,0
23U5SK  ,4,1,0,1,1,1,0,2,1
24IP52  ,1,1,0,0,0,0,0,3,0
24OJ5U  ,1,1,0,0,0,0,0,0,1
24U8J5G ,2,1,1,0,0,0,0,0,0
26395J  ,1,1,0,0,0,0,0,0,0
27OB5   ,2,1,0,0,0,1,0,1,0
28IKBW  ,2,1,0,0,0,1,0,1,0
29FJB4F ,3,1,1,0,0,1,0,0,0
2A8FAB  ,1,1,0,0,0,0,0,0,0
2AFNTK1 ,3,1,1,0,0,1,0,0,0
2AMIWK  ,1,1,0,0,0,0,0,1,0
2ASVNQ  ,1,1,0,0,0,0,0,1,0
2AXXSW  ,2,1,1,0,0,0,0,0,0
2BOJTM2 ,2,1,1,0,0,0,0,0,1
2BU9CCV ,3,1,0,0,1,1,0,1,0
2C6NRIK ,2,1,0,1,0,0,0,3,0
2CB33SG ,2,1,0,1,0,0,0,1,0
2CI9LLI ,2,1,1,0,0,0,0,1,0
2CO1BND ,4,1,0,1,1,0,1,0,0
2CUGQL7 ,2,1,1,0,0,0,0,0,0
2EKSAEN ,3,1,0,0,0,1,1,1,0
2FDZJQ  ,2,1,1,0,0,0,0,1,0
2GNA7J1 ,3,1,0,1,0,1,0,1,0
2GXB7DC ,2,2,0,0,0,0,1,0,0
2HFNSC  ,4,1,0,1,1,1,0,0,0
2I67UR  ,1,1,0,0,0,0,0,2,0
2JH63G7 ,2,1,0,1,0,0,0,1,0
2KGO4ZO ,2,1,1,0,0,0,0,1,0
2KMPS9N ,3,1,0,1,1,0,0,0,0
2KOIV7  ,2,1,0,0,0,1,0,0,0
2L7CXY  ,2,1,0,0,1,0,0,1,0
2M8WZZ7 ,3,1,0,0,1,0,1,0,0
2MAF957 ,3,1,0,0,1,0,1,1,0
2MPGNKV ,3,1,0,0,1,0,1,0,1
2N7ECX  ,2,1,1,0,0,0,0,0,0
2NLDE7  ,1,1,0,0,0,0,0,0,0
2NU9P4B ,2,1,1,0,0,0,0,1,0
2O689H  ,2,1,0,0,0,1,0,1,0
2P2S4R6 ,4,1,0,1,0,1,1,0,0
2PWQEJE ,2,2,0,1,0,0,0,1,1
2QQBIN  ,1,1,0,0,0,0,0,2,0
2TRQUK  ,1,1,0,0,0,0,0,1,0
2TVFNBK ,2,1,0,1,0,0,0,2,0
2U2FLE  ,1,1,0,0,0,0,0,1,0
2UBUC8J ,4,1,0,1,1,1,0,1,0
2URCKV  ,2,1,0,0,0,0,1,2,1
2UZHUC  ,2,1,0,0,0,1,0,0,0
2XF95Y  ,2,1,0,0,0,0,1,0,0
2YKMX1  ,1,1,0,0,0,0,0,1,0
31EVETO ,3,1,0,1,0,1,0,1,0
33G62MI ,2,1,1,0,0,0,0,0,0
36TTFP  ,1,1,0,0,0,0,0,0,0
3914T7  ,1,1,0,0,0,0,0,0,0
39392L  ,1,1,0,0,0,0,0,0,0
39SNL7  ,1,1,0,0,0,0,0,0,0
3AA9TA  ,2,1,0,0,0,0,1,2,0
3ADXZIW ,2,1,1,0,0,0,0,1,0
3AYJUJ  ,3,1,0,1,1,0,0,0,0
3B5XSW  ,2,1,0,0,1,0,0,0,0
3DZ4MO  ,2,1,0,0,0,1,0,0,0
3GO22I  ,1,1,0,0,0,0,0,1,0
3H9NPB  ,2,1,0,0,1,0,0,1,0
3HI4RD  ,2,1,0,0,1,0,0,0,0
3JJIQR  ,2,1,0,0,0,1,0,3,0
3JZS1X  ,1,1,0,0,0,0,0,1,0
3K6SNQ  ,1,1,0,0,0,0,0,0,0
3KB9JD  ,2,1,0,0,0,1,0,0,1
3KWAZO  ,1,1,0,0,0,0,0,0,0
3LGXOS  ,1,1,0,0,0,0,0,1,0
3MNCP6  ,2,1,0,0,0,0,1,0,1
3N6RNV  ,3,1,0,1,1,0,0,1,0
3NDFGT  ,2,1,1,0,0,0,0,1,0
3OLSUW  ,3,1,1,0,0,0,1,1,0
3R7R36  ,3,1,0,1,1,0,0,1,0
3ROPDY  ,1,1,0,0,0,0,0,0,0
3T2ZTPZ ,3,1,1,1,0,0,0,2,0
3TIOU2  ,1,1,0,0,0,0,0,0,0
3V4MA4  ,2,1,1,0,0,0,0,1,0
3XJC9M  ,2,1,0,1,0,0,0,0,0
3ZBVDV  ,1,1,0,0,0,0,0,1,0
42KI4Z  ,1,1,0,0,0,0,0,1,0
43FVRG  ,4,1,0,1,1,0,1,1,0
43GQ4E  ,2,1,0,0,0,1,0,1,0
43ZGBC  ,2,1,1,0,0,0,0,2,0
44G6BM  ,2,1,0,0,0,1,0,1,0
484R95  ,1,1,0,0,0,0,0,1,0
49AEJ27 ,3,1,1,1,0,0,0,0,0
4BMXUS  ,2,1,0,0,0,1,0,2,0
4BXTX   ,1,1,0,0,0,0,0,1,0
4CPS7E  ,2,1,0,0,0,1,0,1,0
4EJT48  ,2,1,0,0,1,0,0,0,0
4F5RCM  ,3,1,0,0,1,1,0,2,0
4GH4FS  ,3,1,1,1,0,0,0,1,0
4JOQA3  ,2,1,1,0,0,0,0,1,0
4MMAGX  ,2,1,0,0,0,0,1,2,1
4NPKWP  ,2,1,0,0,0,1,0,0,0
4O9E1K  ,3,1,0,0,1,1,0,3,1
4SAW7X  ,1,1,0,0,0,0,0,0,0
4UI5HX  ,2,1,0,1,0,0,0,3,0
4Y27VW  ,3,1,0,0,1,1,0,0,0
4YCYXB  ,3,1,1,1,0,0,0,3,0
4YT3IF  ,3,1,0,1,1,0,0,0,1
4ZCDIX  ,2,1,1,0,0,0,0,3,0
521MA2  ,2,1,0,1,0,0,0,1,0
53MP5Y  ,2,1,0,0,0,1,0,1,0
57FWFC  ,1,1,0,0,0,0,0,0,0
59J6BL  ,2,1,0,0,0,0,1,0,0
5B43JB  ,2,1,0,0,0,1,0,1,0
5BRXTL  ,3,1,0,0,0,1,1,0,0
5GB1CA  ,2,1,0,0,0,1,0,0,0
5ISSDP  ,2,1,1,0,0,0,0,2,0
5K221X  ,4,1,0,1,1,1,0,0,0
5KI8N4  ,1,1,0,0,0,0,0,0,0
5LGJGM  ,2,1,1,0,0,0,0,2,0
5M9O34  ,2,1,0,0,0,1,0,1,1
5MQP1M  ,3,1,1,0,0,1,0,2,0
5NEQVV  ,1,1,0,0,0,0,0,0,0
5NPRJR  ,1,1,0,0,0,0,0,1,1
5QGHQI  ,1,1,0,0,0,0,0,0,0
5R8U3K  ,1,1,0,0,0,0,0,1,1
5ST8DD  ,4,1,0,1,0,1,1,2,0
5U17Z4  ,1,1,0,0,0,0,0,1,0
5UFITI  ,1,1,0,0,0,0,0,2,0
5VG5ZZ  ,1,1,0,0,0,0,0,2,0
5VJJCZ  ,2,1,1,0,0,0,0,0,0
5VPD5   ,4,1,0,0,1,1,1,0,0
5VWG7O  ,1,1,0,0,0,0,0,0,0
5X1OBL  ,1,1,0,0,0,0,0,0,0
6171F3  ,1,1,0,0,0,0,0,0,0
61QGGO  ,1,1,0,0,0,0,0,1,0
62YC4N  ,1,1,0,0,0,0,0,1,0
65F959  ,1,1,0,0,0,0,0,1,0
68UJBE  ,2,1,0,1,0,0,0,0,0
6BLHHT  ,2,1,1,0,0,0,0,0,0
6CEUJK  ,2,1,0,0,0,1,0,2,0
6ED3YL  ,2,1,1,0,0,0,0,2,0
6FFXKA  ,2,1,1,0,0,0,0,1,0
6IC45D  ,1,1,0,0,0,0,0,2,1
6JGG2Z  ,2,1,0,0,0,2,0,1,0
6LAUXP  ,1,1,0,0,0,0,0,0,0
6N58M8  ,1,1,0,0,0,0,0,1,0
6NPRH9  ,1,1,0,0,0,0,0,2,0
6QK1UX  ,2,1,0,0,0,0,1,1,0
6RCGK9  ,3,1,0,0,1,1,0,1,0
6REISZ  ,2,1,0,1,0,0,0,1,0
6RU5RU  ,1,1,0,0,0,0,0,1,1
6U749A  ,1,1,0,0,0,0,0,1,0
6VFCJS  ,2,1,0,0,0,0,1,0,0
6WOOQJ  ,1,1,0,0,0,0,0,2,0
6YG8EA  ,2,1,0,0,1,0,0,0,0
71767V  ,2,1,0,1,0,0,0,0,0
72AGNT  ,3,1,0,0,0,1,1,2,0
735MNA  ,1,1,0,0,0,0,0,1,0
73VSDN  ,1,1,0,0,0,0,0,2,0
74W4K5  ,1,1,0,0,0,0,0,2,0
74WMBO  ,3,1,0,1,0,1,0,2,1
76YXIQ  ,2,1,1,0,0,0,0,1,0
791X24  ,2,1,0,0,1,0,0,5,0
796X2   ,4,1,0,0,1,1,1,0,0
79ORV   ,2,1,0,0,0,1,0,1,0
7AO4CG  ,1,1,0,0,0,0,0,2,0
7D4LGF  ,3,1,0,0,0,1,1,0,0
7EFKPU  ,2,1,0,0,0,0,1,1,0
7F52T5  ,1,1,0,0,0,0,0,1,0
7FMOUI  ,2,1,0,0,0,1,0,2,0
7G64XC  ,2,1,0,0,0,1,0,0,0
7G6D5G  ,2,1,0,0,1,0,0,1,0
7GP6EJ  ,2,1,0,1,0,0,0,1,0
7GVB66  ,1,1,0,0,0,0,0,1,0
7IC2JO  ,1,1,0,0,0,0,0,0,0
7IVDZF  ,1,1,0,0,0,0,0,1,0
7K54HY  ,2,1,0,1,0,0,0,2,0
7MUKBI  ,4,1,0,1,1,1,0,0,0
7P2SH4  ,2,1,0,1,0,0,0,1,0
7QHI59  ,2,1,0,0,0,1,0,0,0
7R1ZQG  ,3,1,0,1,1,0,0,1,0
7WGXBH  ,2,1,0,0,1,0,0,0,0
7YM8Z5  ,3,1,0,0,0,1,1,2,0
83HYJ8  ,2,1,0,0,1,0,0,0,0
842XQQ  ,3,1,0,0,0,1,1,0,0
84PGDJ  ,2,1,0,1,0,0,0,2,0
87PAX1  ,1,1,0,0,0,0,0,3,0
87SAFU  ,4,1,1,0,1,1,0,0,0
88UJJW  ,1,1,0,0,0,0,0,0,0
898LI1  ,1,1,0,0,0,0,0,1,1
8B9EIH  ,1,1,0,0,0,0,0,2,0
8BY993  ,2,1,0,0,0,2,0,0,0
8DST76  ,2,1,0,0,0,0,1,1,0
8GYGAU  ,2,1,0,0,0,1,0,0,0
8IRJE9  ,3,1,0,0,1,0,1,2,0
8JZJM6  ,3,1,0,1,1,0,0,0,0
8KKIF4  ,2,1,1,0,0,0,0,0,0
8LW18U  ,1,1,0,0,0,0,0,0,0
8MPP5P  ,2,1,0,0,1,0,0,0,0
8MTBYQ  ,1,1,0,0,0,0,0,2,0
8OXQOE  ,2,1,0,0,1,0,0,0,0
8P8QKF  ,3,1,1,0,1,0,0,2,0
8T1K7S  ,4,1,1,1,0,0,1,1,0
8TJPAN  ,2,1,1,0,0,0,0,0,0
8ULF22  ,2,1,1,0,0,0,0,0,0
8VR7P3  ,1,1,0,0,0,0,0,2,0
8YNXQE  ,1,1,0,0,0,0,0,1,1
8ZMSOA  ,1,1,0,0,0,0,0,1,0
91GW2Q  ,1,1,0,0,0,0,0,2,0
91IZ15  ,2,1,0,0,0,1,0,0,0
945XQF  ,2,1,0,0,1,0,0,0,0
96RRRF  ,1,1,0,0,0,0,0,2,0
99DVBF  ,1,1,0,0,0,0,0,2,0
9AS89U  ,1,1,0,0,0,0,0,0,0
9C8ID8  ,1,1,0,0,0,0,0,1,0
9CHDOA  ,2,1,0,0,0,1,0,0,0
9CW9TY  ,1,1,0,0,0,0,0,0,0
9EM9GF  ,1,1,0,0,0,0,0,1,0
9IP763  ,1,1,0,0,0,0,0,2,0
9LCRUC  ,1,1,0,0,0,0,0,0,0
9ND2PD  ,2,1,0,0,0,1,0,1,0
9NMKJW  ,1,1,0,0,0,0,0,2,0
9NQ8Q8  ,2,1,0,0,1,0,0,2,0
9P48LB  ,1,1,0,0,0,0,0,2,0
9S3QPD  ,3,1,0,0,1,0,1,1,0
9TGGP2  ,3,1,0,1,1,0,0,0,0
9USE95  ,1,1,0,0,0,0,0,1,1
9V6RV2  ,2,1,0,1,0,0,0,1,0
9W44G1  ,1,1,0,0,0,0,0,1,0
9ZLQZC  ,2,1,0,0,0,1,0,0,0
9ZP6EJ  ,1,1,0,0,0,0,0,2,0
A2QFGD  ,1,1,0,0,0,0,0,0,0
A3NR3F  ,1,1,0,0,0,0,0,1,0
A45WG8  ,1,1,0,0,0,0,0,1,0
A4SSLX  ,1,1,0,0,0,0,0,1,1
A612RH  ,1,1,0,0,0,0,0,0,0
A6HXIU  ,2,1,0,0,1,0,0,0,0
A7UYZ8  ,3,1,0,1,0,1,0,0,0
AC4QFX  ,1,1,0,0,0,0,0,0,0
ACILXK  ,2,1,0,1,0,0,0,2,0
AD7XDF  ,2,1,0,0,0,1,0,0,0
ADGBZP  ,3,1,0,0,1,1,0,0,0
AK9PMM  ,1,1,0,0,0,0,0,1,1
AKNF5I  ,4,1,0,1,1,1,0,1,0
AM6EU4  ,2,1,0,0,0,1,0,3,0
ANQ1DF  ,2,1,1,0,0,0,0,0,0
APERZZ  ,1,1,0,0,0,0,0,0,0
APJ6NY  ,2,1,0,1,0,0,0,0,0
AQFYYI  ,1,1,0,0,0,0,0,0,0
AWF4C7  ,1,1,0,0,0,0,0,1,0
AWI66L  ,1,1,0,0,0,0,0,1,0
B2EJ5S  ,1,1,0,0,0,0,0,0,0
B397ID  ,2,1,0,0,7,0,0,4,2
B3U9HE  ,3,1,0,0,0,1,1,3,0
B489UK  ,1,1,0,0,0,0,0,1,0
B4X1GL  ,1,1,0,0,0,0,0,0,0
B5M27S  ,3,1,1,0,0,1,0,0,0
B5VFGT  ,1,1,0,0,0,0,0,0,0
B7Q1XO  ,1,1,0,0,0,0,0,3,0
B8DZ4   ,1,1,0,0,0,0,0,2,0
B8TFQZ  ,2,1,0,0,1,0,0,0,0
B9BAEU  ,2,1,0,0,1,0,0,0,0
B9TGF4  ,1,1,0,0,0,0,0,0,0
BCJUZU  ,2,1,0,1,0,0,0,2,1
BDQNM   ,1,1,0,0,0,0,0,0,0
BENRZ4  ,2,1,1,0,0,0,0,1,0
BF4FB9  ,2,1,0,0,0,1,0,2,0
BHMLJN  ,1,1,0,0,0,0,0,1,0
BICEGQ  ,1,1,0,0,0,0,0,0,0
BLFPMG  ,3,1,1,0,0,0,1,0,0
BN941   ,1,1,0,0,0,0,0,1,0
BO5VU6  ,1,1,0,0,0,0,0,0,1
BOKMZ4  ,1,1,0,0,0,0,0,1,0
BPZXVO  ,2,1,0,0,0,1,0,1,1
BQLJWT  ,1,1,0,0,0,0,0,0,0
BSTM79  ,2,1,1,0,0,0,0,1,0
BUA2MN  ,2,1,0,0,1,0,0,0,0
BVYF6D  ,2,1,1,0,0,0,0,2,0
BWAGBO  ,1,1,0,0,0,0,0,1,0
C5BKN5  ,2,1,0,0,0,1,0,0,0
C5LM14  ,2,1,0,1,0,0,0,0,0
C5N6O9  ,1,1,0,0,0,0,0,1,0
C7B8PZ  ,2,1,0,1,0,0,0,2,0
C8GZ5I  ,1,1,0,0,0,0,0,0,0
C9X3LL  ,2,1,0,1,0,0,0,0,0
CAVBJN  ,2,1,0,0,0,1,0,0,2
CCNPDU  ,1,1,0,0,0,0,0,0,0
CDERFM  ,1,1,0,0,0,0,0,0,0
CF6CG5  ,1,1,0,0,0,0,0,1,0
CFB55X  ,2,1,0,0,0,1,0,0,0
CFND7C  ,1,1,0,0,0,0,0,3,0
CHSVO   ,3,1,1,0,1,0,0,0,0
CJBM4R  ,1,1,0,0,0,0,0,1,0
CK76VU  ,1,1,0,0,0,0,0,1,0
CKLILL  ,1,1,0,0,0,0,0,0,0
CMURO   ,1,1,0,0,0,0,0,2,0
CNVVCZ  ,1,1,0,0,0,0,0,2,0
CPUWLP  ,1,1,0,0,0,0,0,2,0
CSF716  ,1,1,0,0,0,0,0,2,0
CSG4KR  ,1,1,0,0,0,0,0,1,0
CX4H3B  ,1,1,0,0,0,0,0,0,1
D1RUHS  ,3,1,0,0,1,0,1,0,0
D24KAE  ,1,1,0,0,0,0,0,0,0
D2RX9T  ,1,1,0,0,0,0,0,1,0
D39PCK  ,1,1,0,0,0,0,0,1,0
D4Z72T  ,1,1,0,0,0,0,0,2,0
D5LPS7  ,2,1,0,0,1,0,0,1,0
D6ZV5T  ,1,1,0,0,0,0,0,1,1
DAZKDC  ,2,1,1,0,0,0,0,0,0
DCL23S  ,2,1,1,0,0,0,0,2,0
DF1KW3  ,2,5,5,0,0,0,0,1,0
DHR5E   ,1,1,0,0,0,0,0,0,0
DJA736  ,2,1,0,0,0,1,0,0,0
DJPCZW  ,1,1,0,0,0,0,0,0,0
DNC2ND  ,1,1,0,0,0,0,0,0,0
DQ27VN  ,1,1,0,0,0,0,0,1,0
DR9JD2  ,2,1,0,1,0,0,0,2,0
DS89N1  ,2,1,1,0,0,0,0,0,0
DSLYS2  ,2,1,0,0,1,0,0,0,0
DTVXIC  ,3,1,0,1,1,0,0,0,0
DTXAWR  ,3,1,0,0,2,1,0,1,2
DWXDN6  ,2,1,0,1,0,0,0,0,0
DXVQE1  ,4,1,1,1,0,1,0,0,0
E23P33  ,1,1,0,0,0,0,0,0,0
E2B7T6  ,2,1,0,0,0,1,0,1,0
E3Y7W4  ,1,1,0,0,0,0,0,1,0
E46PL9  ,1,1,0,0,0,0,0,2,0
E4XBV8  ,2,1,0,0,0,1,0,1,0
E63OVC  ,2,1,0,1,0,0,0,2,0
E6IWRT  ,1,1,0,0,0,0,0,0,0
E71D1M  ,3,1,0,1,1,0,0,2,0
E72D5G  ,2,1,0,0,1,0,0,1,0
E74MUR  ,3,1,0,2,1,0,0,0,0
E7QJ3L  ,2,1,0,1,0,0,0,0,0
E7YQQT  ,1,1,0,0,0,0,0,1,1
E932B6  ,2,1,0,1,0,0,0,1,0
EB6SV4  ,1,1,0,0,0,0,0,2,0
EBJNC4  ,1,1,0,0,0,0,0,0,0
EEKWMO  ,1,1,0,0,0,0,0,1,0
EGDLUT  ,2,1,0,1,0,0,0,2,0
EH16HG  ,2,1,0,0,0,0,1,0,0
EHK3V   ,2,1,0,0,0,1,0,3,0
EIOR16  ,2,1,0,0,1,0,0,3,0
EJWILL  ,3,1,1,0,0,0,1,1,0
ELCDBL  ,2,1,0,0,1,0,0,0,0
ELSWXP  ,1,1,0,0,0,0,0,1,0
EPJ2T   ,1,1,0,0,0,0,0,2,0
ERH9O6  ,2,1,1,0,0,0,0,1,0
ETJSID  ,2,1,0,0,1,0,0,1,0
EUSGLJ  ,1,1,0,0,0,0,0,0,0
EYKF25  ,1,1,0,0,0,0,0,0,0
EZ37GX  ,1,1,0,0,0,0,0,0,0
EZUE2V  ,2,1,0,1,0,0,0,0,0
EZWT1U  ,2,1,0,0,0,1,0,0,0
F31S9C  ,1,1,0,0,0,0,0,0,0
F4GXDH  ,2,1,0,0,1,0,0,1,0
F72L1A  ,2,1,0,0,1,0,0,2,0
F7N13Y  ,2,1,0,0,0,0,1,0,0
F9U6IS  ,2,1,1,0,0,0,0,0,0
FCGWSJ  ,1,1,0,0,0,0,0,0,0
FDINSN  ,1,1,0,0,0,0,0,1,0
FEMDU1  ,2,1,0,1,0,0,0,0,1
FFVFFA  ,2,1,0,0,0,1,0,0,0
FIAKJI  ,2,1,1,0,0,0,0,0,0
FJV9QB  ,3,1,0,1,0,1,0,0,0
FLTJAD  ,1,1,0,0,0,0,0,0,1
FO2VKK  ,2,1,0,0,1,0,0,0,0
FOXK4F  ,2,1,0,0,0,1,0,1,0
FQCPCR  ,1,1,0,0,0,0,0,0,1
FUXZ7W  ,1,1,0,0,0,0,0,0,0
FVL99Q  ,2,1,0,0,0,0,1,1,0
FVVOWU  ,3,1,0,1,0,0,1,1,1
FZD29   ,2,1,0,0,1,0,0,2,0
FZQ63S  ,1,1,0,0,0,0,0,0,1
G1KDEI  ,1,1,0,0,0,0,0,1,0
G1O4QC  ,2,1,0,0,1,0,0,0,1
G4CRD6  ,3,1,0,1,0,1,0,1,0
G4IA6L  ,2,1,0,0,1,0,0,0,0
G6HCR   ,2,1,0,0,1,0,0,0,0
G8BGPT  ,2,1,0,0,0,1,0,0,0
GABQX9  ,2,1,0,1,0,0,0,0,0
GEPKWZ  ,2,1,0,0,0,0,1,0,0
GFV6ZH  ,1,1,0,0,0,0,0,0,0
GJ43D9  ,1,1,0,0,0,0,0,0,0
GJSWMD  ,1,1,0,0,0,0,0,1,0
GKL66W  ,1,2,0,0,0,0,0,3,0
GKN2MN  ,1,1,0,0,0,0,0,2,1
GP6XYJ  ,4,1,0,1,1,2,0,1,0
GQV87B  ,1,1,0,0,0,0,0,3,0
GTD3Q7  ,1,1,0,0,0,0,0,0,0
GTDOTC  ,2,1,0,0,0,2,0,1,0
H1C27K  ,2,1,1,0,0,0,0,1,0
H8IDTB  ,3,1,1,0,0,0,1,2,0
H8T7B8  ,1,1,0,0,0,0,0,1,1
H92845  ,2,1,0,0,1,0,0,2,0
HEH8P2  ,1,1,0,0,0,0,0,2,0
HHMDYC  ,1,1,0,0,0,0,0,0,0
HHP9H9  ,2,1,0,0,1,0,0,1,0
HHSZQ8  ,1,1,0,0,0,0,0,1,1
HKSZVW  ,1,1,0,0,0,0,0,0,0
HNNCS1  ,2,1,0,0,1,0,0,2,0
HP3D1T  ,2,1,0,0,0,0,1,1,0
HRMMDS  ,1,1,0,0,0,0,0,1,0
HRXIKS  ,2,1,1,0,0,0,0,0,0
HUEFSR  ,2,1,0,0,0,1,0,2,0
I46VGN  ,2,1,1,0,0,0,0,1,0
I668YL  ,2,1,1,0,0,0,0,1,0
I6P447  ,1,1,0,0,0,0,0,0,0
I9AJPB  ,2,1,0,0,0,1,0,0,0
IA6WA2  ,3,1,0,0,1,0,1,2,1
IHPY3R  ,2,1,1,0,0,0,0,1,0
IHVBCG  ,2,1,1,0,0,0,0,0,0
IID1BT  ,2,1,0,0,0,1,0,0,0
IJSOTM  ,2,1,1,0,0,0,0,0,0
IP9PF1  ,1,1,0,0,0,0,0,1,0
ISRKVP  ,2,1,0,0,1,0,0,2,0
ITBACY  ,3,1,0,0,0,1,1,2,1
IVA4LP  ,1,1,0,0,0,0,0,0,0
IZHXEF  ,1,1,0,0,0,0,0,1,0
J15AYX  ,1,1,0,0,0,0,0,1,0
J2K7NU  ,4,1,0,0,1,2,1,1,0
J3J6Q9  ,1,1,0,0,0,0,0,1,0
J3UCKO  ,4,1,1,1,0,0,1,1,0
J7JT74  ,2,1,0,0,0,1,0,1,0
J86GXQ  ,2,1,0,0,1,0,0,1,0
J8VWLW  ,1,1,0,0,0,0,0,0,0
JDJD3   ,2,1,0,1,0,0,0,0,0
JDQRPB  ,1,1,0,0,0,0,0,1,0
JHJGDV  ,2,1,0,0,1,0,0,1,0
JLR7FP  ,2,1,0,1,0,0,0,0,0
JLYZ35  ,4,1,1,0,0,1,1,2,0
JMTOL7  ,2,1,0,0,0,1,0,1,0
JR5M72  ,2,1,0,0,0,1,0,0,0
JRWLN   ,2,1,1,0,0,0,0,0,0
JTLQ5Y  ,1,1,0,0,0,0,0,0,0
JUC6EM  ,1,1,0,0,0,0,0,0,0
K2AA7F  ,2,1,0,1,0,0,0,0,0
K3G61F  ,2,1,0,0,0,0,1,1,0
K46D8L  ,1,1,0,0,0,0,0,0,0
K4FSF   ,1,1,0,0,0,0,0,0,0
K4V24O  ,1,1,0,0,0,0,0,1,0
K5W64F  ,1,1,0,0,0,0,0,2,0
K6QDQI  ,1,1,0,0,0,0,0,0,0
K9FMMI  ,2,1,0,0,0,1,0,0,1
KCAZOP  ,3,1,0,0,1,1,0,1,0
KCUWYJ  ,2,1,0,0,0,0,1,1,0
KD6D8   ,3,1,0,1,1,0,0,0,0
KEOTM   ,1,1,0,0,0,0,0,1,0
KF3AEB  ,2,1,0,0,0,1,0,0,0
KF57NH  ,2,1,0,1,0,0,0,0,0
KFJ5IH  ,3,1,0,1,0,1,0,2,0
KH5DTZ  ,2,1,0,1,0,0,0,1,0
KI5Q35  ,1,1,0,0,0,0,0,1,0
KMSLXK  ,2,1,0,1,0,0,0,2,0
KN2Y49  ,1,1,0,0,0,0,0,0,0
KNO43Z  ,2,1,1,0,0,0,0,0,0
KPMYL3  ,1,1,0,0,0,0,0,1,0
KTO4YZ  ,3,1,0,0,1,1,0,1,0
KUKJG   ,2,1,0,0,1,0,0,0,0
KXYQYA  ,1,1,0,0,0,0,0,1,0
KYQY7L  ,1,1,0,0,0,0,0,0,0
L15MFD  ,1,1,0,0,0,0,0,1,0
L4Y3NT  ,2,1,0,0,1,0,0,1,0
L7LB3N  ,1,1,0,0,0,0,0,0,0
L9T6NF  ,2,1,0,1,0,0,0,0,1
LBNG15  ,2,1,0,0,0,1,0,0,0
LD5IL   ,1,1,0,0,0,0,0,0,0
LEB2JG  ,1,1,0,0,0,0,0,0,0
LH1KCZ  ,1,1,0,0,0,0,0,0,0
LJW9I3  ,2,1,1,0,0,0,0,0,0
LK4RZ   ,5,1,1,1,1,0,1,2,0
LMF6XK  ,1,1,0,0,0,0,0,0,0
LOF65M  ,1,1,0,0,0,0,0,0,0
LXW7F   ,1,1,0,0,0,0,0,1,0
LZTJN3  ,3,1,0,1,1,0,0,2,0
M22X9R  ,1,1,0,0,0,0,0,1,0
M2PBF6  ,1,1,0,0,0,0,0,0,0
M5LBRT  ,1,1,0,0,0,0,0,2,0
MGGILB  ,3,1,0,0,0,1,1,1,0
MM2MQ7  ,3,1,0,1,1,0,0,1,0
MNSJZW  ,3,1,0,0,1,0,1,0,0
MPMRGH  ,2,1,0,0,0,1,0,1,0
MTINXC  ,3,1,0,0,1,0,1,0,0
MTW1JO  ,3,1,0,1,0,1,0,0,0
MUWTBS  ,1,1,0,0,0,0,0,1,0
MV879E  ,1,1,0,0,0,0,0,0,0
MVDGX3  ,1,1,0,0,0,0,0,0,0
MWNA9U  ,1,1,0,0,0,0,0,1,0
MZ3G69  ,2,1,0,0,1,0,0,0,0
N269RW  ,1,1,0,0,0,0,0,1,1
N3UBNE  ,2,1,0,1,0,0,0,2,0
N7WPKO  ,3,1,0,0,1,1,0,1,1
NFI9CB  ,1,1,0,0,0,0,0,1,0
NGKB7Y  ,1,1,0,0,0,0,0,0,0
NKM7BK  ,3,1,0,0,1,1,0,1,0
NL55J3  ,2,1,0,0,1,0,0,1,0
NP3ESL  ,1,1,0,0,0,0,0,2,0
NPZ28P  ,1,1,0,0,0,0,0,1,1
NVHI1   ,3,1,1,0,4,0,0,3,0
NXBOW1  ,1,1,0,0,0,0,0,0,0
NYFG5L  ,2,1,0,0,1,0,0,0,0
NYUE8M  ,3,1,0,0,1,1,0,0,0
NZ5XQ6  ,1,1,0,0,0,0,0,0,1
O1JQ2S  ,2,1,0,0,1,0,0,3,0
O2IVAH  ,1,1,0,0,0,0,0,0,0
O32FUZ  ,2,1,0,0,0,1,0,2,0
O5ZUAO  ,4,1,0,1,1,1,0,0,1
O9LA3H  ,1,1,0,0,0,0,0,1,0
OBQVFC  ,1,1,0,0,0,0,0,0,0
OC1V3X  ,1,1,0,0,0,0,0,2,0
OCT1VT  ,1,1,0,0,0,0,0,1,0
ODVIQP  ,2,1,0,0,0,1,0,0,0
OJJIOR  ,4,1,1,1,1,0,0,1,0
OQS2C1  ,1,1,0,0,0,0,0,0,0
OSZ8J1  ,1,1,0,0,0,0,0,0,0
OT6E66  ,2,1,0,0,1,0,0,0,0
OY5RNM  ,2,1,0,0,0,1,0,2,0
P67WX   ,2,1,1,0,0,0,0,2,0
P83J36  ,1,1,0,0,0,0,0,1,0
P95AHA  ,1,1,0,0,0,0,0,0,1
PA3LWH  ,3,1,0,0,1,1,0,0,0
PE4M4Q  ,5,1,1,1,1,0,1,2,0
PES1WI  ,2,1,0,1,0,0,0,1,0
PJNG42  ,2,1,0,0,1,0,0,1,0
PKG78T  ,2,1,0,0,0,1,0,0,0
PLA3LX  ,3,1,0,1,0,0,1,0,0
PMRQSG  ,3,1,0,0,1,0,1,1,0
PO3UNM  ,1,1,0,0,0,0,0,2,0
POMWVX  ,2,1,0,0,1,0,0,1,0
PP1ZF5  ,2,1,1,0,0,0,0,1,0
PPPCDM  ,1,1,0,0,0,0,0,0,1
PRMSUL  ,3,1,1,0,1,0,0,1,0
PRXXQ7  ,1,1,0,0,0,0,0,0,0
PS8YRI  ,2,1,0,0,1,0,0,0,2
PU53EQ  ,1,1,0,0,0,0,0,3,0
PUVIS6  ,2,1,1,0,0,0,0,1,0
PZOIGZ  ,2,1,1,0,0,0,0,1,0
Q1ODWW  ,2,1,0,1,0,0,0,1,0
Q3LYGH  ,1,1,0,0,0,0,0,1,0
Q74RAS  ,1,1,0,0,0,0,0,1,0
Q7OER9  ,2,1,0,0,0,1,0,1,0
QCYWWK  ,1,1,0,0,0,0,0,0,0
QH7QJE  ,3,1,0,1,1,0,0,0,0
QIBRMG  ,1,1,0,0,0,0,0,1,1
QIQ6X5  ,4,1,0,1,1,0,1,5,0
QKPLH1  ,2,1,0,0,0,0,1,1,0
QKS2HO  ,2,1,0,2,0,0,0,1,1
QTYQZD  ,1,1,0,0,0,0,0,0,0
QUV9O9  ,2,1,0,0,0,0,1,2,0
QV3GL9  ,2,1,0,0,1,0,0,0,1
QYBDH1  ,1,1,0,0,0,0,0,3,0
R8FMP9  ,2,1,1,0,0,0,0,2,0
RCXQOT  ,1,1,0,0,0,0,0,3,0
RDUU7   ,3,1,1,0,0,1,0,0,0
RF1H2M  ,2,1,1,0,0,0,0,1,0
RKJ66D  ,2,1,0,0,0,0,1,0,0
RREG3   ,3,1,1,0,0,1,0,1,0
RSHES1  ,2,1,0,0,0,1,0,1,0
RVDWV4  ,3,1,0,0,1,0,1,1,0
RVY399  ,1,1,0,0,0,0,0,1,0
S5DPFZ  ,2,1,0,0,1,0,0,0,0
SCC3VD  ,2,1,0,1,0,0,0,0,0
SDSAU6  ,1,1,0,0,0,0,0,0,0
SID419  ,1,1,0,0,0,0,0,2,0
SL5FC8  ,1,1,0,0,0,0,0,0,0
SMAFVP  ,2,1,0,1,0,0,0,1,1
SOQJDS  ,1,1,0,0,0,0,0,0,0
SP5ID2  ,2,1,0,0,1,0,0,2,0
SPTVEE  ,1,1,0,0,0,0,0,2,0
SSH9HR  ,1,1,0,0,0,0,0,0,0
STKHAS  ,1,1,0,0,0,0,0,0,0
SXKV    ,3,1,0,0,1,1,0,0,0
SYH2XF  ,2,1,0,1,0,0,0,1,0
T4K466  ,1,1,0,0,0,0,0,2,0
T4KCRX  ,2,1,0,0,1,0,0,0,0
T6FA5D  ,2,1,1,0,0,0,0,2,0
T9D1UO  ,1,1,0,0,0,0,0,0,0
TCJR5K  ,3,1,1,0,0,1,0,0,0
TEE7C3  ,1,1,0,0,0,0,0,2,0
TFNHY8  ,1,1,0,0,0,0,0,1,0
TFRHI   ,1,1,0,0,0,0,0,0,0
TH5JFI  ,3,1,1,0,0,0,1,1,0
THRNFX  ,1,1,0,0,0,0,0,3,0
TOV31R  ,1,1,0,0,0,0,0,1,0
TRL7RV  ,1,1,0,0,0,0,0,0,0
TRUAV7  ,2,1,0,0,1,0,0,1,2
TSQ4EM  ,2,1,0,0,0,0,1,0,0
TTB7CF  ,1,1,0,0,0,0,0,1,1
TWCPJS  ,2,1,0,1,0,0,0,0,0
TYSC3K  ,2,1,0,0,0,0,1,0,0
U1TTBU  ,2,1,0,1,0,0,0,1,0
U2CIHD  ,1,1,0,0,0,0,0,0,0
U8KVCM  ,3,1,0,1,0,0,1,1,0
UFS3BG  ,3,1,0,1,0,1,0,0,1
UJ28MO  ,1,1,0,0,0,0,0,0,0
UJURP   ,1,1,0,0,0,0,0,0,0
ULCRP   ,2,1,0,0,0,0,1,1,0
UMYFDL  ,4,1,1,0,1,1,0,2,0
UQBSUG  ,1,1,0,0,0,0,0,1,1
UQTH2   ,1,1,0,0,0,0,0,2,0
USXX5Y  ,1,1,0,0,0,0,0,0,0
UTCCET  ,3,1,0,1,0,1,0,1,0
UUB7RZ  ,2,1,0,0,0,1,0,0,0
UYGI1B  ,1,1,0,0,0,0,0,2,0
V1WO1S  ,2,1,0,1,0,0,0,1,0
V5WULC  ,2,1,0,0,1,0,0,2,0
V6AW89  ,1,1,0,0,0,0,0,2,0
VA6QYB  ,2,1,0,0,1,0,0,0,0
VAXR2H  ,3,1,0,0,1,2,0,0,0
VBA31T  ,2,1,0,0,0,1,0,0,1
VEKDOK  ,2,1,0,0,0,0,1,0,0
VKQOAP  ,2,1,0,0,1,0,0,1,0
VKUIDV  ,2,1,0,0,0,0,1,1,0
VMCZR   ,3,1,0,0,1,0,1,1,0
VSNGEZ  ,2,1,0,0,2,0,0,0,0
VWSZGA  ,3,1,1,0,0,1,0,1,0
VY2XDL  ,1,1,0,0,0,0,0,1,0
W4V7TL  ,1,1,0,0,0,0,0,0,0
W4XVN4  ,3,1,1,0,0,1,0,0,0
W6EA5L  ,1,1,0,0,0,0,0,1,0
WCV6ZC  ,3,1,0,1,1,0,0,1,0
WD9Y8   ,1,1,0,0,0,0,0,0,0
WG24UW  ,2,1,0,1,0,0,0,0,0
WGNXD3  ,2,1,0,0,1,0,0,2,0
WHSA6D  ,1,1,0,0,0,0,0,0,0
WKIMT6  ,1,1,0,0,0,0,0,0,0
WN8QT5  ,2,1,0,0,1,0,0,2,0
WS4T7D  ,1,1,0,0,0,0,0,0,0
WU8U7W  ,2,1,0,0,0,2,0,2,0
WVC6RD  ,2,1,1,0,0,0,0,2,0
WVK6OX  ,1,1,0,0,0,0,0,3,0
WXE1ZI  ,3,1,0,0,1,0,1,0,0
WXHC3A  ,2,1,0,0,0,1,0,0,1
X2XOU   ,4,1,0,0,1,1,1,2,0
X5UTS1  ,1,1,0,0,0,0,0,3,0
XCD32T  ,2,1,0,0,1,0,0,1,0
XI7KLD  ,2,1,1,0,0,0,0,0,0
XNQF2H  ,1,1,0,0,0,0,0,0,0
XPHTSX  ,1,1,0,0,0,0,0,1,0
XTH2XF  ,2,1,0,0,4,0,0,1,0
XVZQLM  ,3,1,0,0,1,0,1,1,0
XXTBPC  ,1,1,0,0,0,0,0,0,0
XYFPOT  ,3,1,0,1,0,1,0,2,0
Y1AAGW  ,2,1,0,0,0,1,0,0,0
Y6IRJR  ,4,1,0,0,1,1,1,1,0
Y7EDT8  ,1,1,0,0,0,0,0,0,0
YDU6HX  ,2,2,1,0,0,0,0,0,2
YGM7QW  ,1,1,0,0,0,0,0,0,1
YJ5R2T  ,1,1,0,0,0,0,0,1,0
YM5JK2  ,3,1,0,0,1,1,0,1,2
YOWDJI  ,2,1,0,0,0,0,1,2,1
YPPSXT  ,2,1,0,0,1,0,0,1,0
YQW1XV  ,1,1,0,0,0,0,0,1,0
YRHW82  ,2,1,0,0,0,1,0,2,1
YUJE73  ,1,1,0,0,0,0,0,1,1
Z4SKXA  ,1,1,0,0,0,0,0,0,0
Z4TTGW  ,2,1,1,0,0,0,0,0,0
Z82185  ,1,1,0,0,0,0,0,2,0
ZAMTP4  ,1,1,0,0,0,0,0,2,0
ZCAE8E  ,2,1,0,0,0,0,1,0,1
ZWA7D2  ,2,1,0,1,0,0,0,2,0