Seed,Score,Perkeo,Canio,Lucky_Cat,Oops_All_6s,BP+BS, Blueprint,Brainstorm,Cartomancer,NegativeSkipTags
A16KCY2O,2,0,0,1,0,1,1,0,0,1
A16LHHUB,2,0,0,0,1,1,1,0,0,2
A16N122G,2,0,0,0,1,1,1,0,0,2
A16P63YA,2,0,0,0,0,1,1,0,1,1
A16UFWNG,2,0,0,0,0,1,1,0,1,1
A16TWO91,2,0,1,0,0,1,1,0,0,2
A16W5L69,2,0,0,0,0,1,1,0,1,1
A16Z4CQQ,2,0,0,0,1,1,1,0,0,1
A16Z61W3,2,0,0,0,0,1,1,0,1,1
A16ZO9DO,2,0,0,0,0,1,1,0,1,1
A172N3I6,2,0,0,0,1,1,1,0,0,1
A176NMJQ,2,0,0,1,0,1,1,0,0,1
A1749OX1,2,0,0,0,0,1,1,0,1,1
A177QVRO,2,0,0,0,0,1,1,0,1,2
A178SOU8,2,0,0,0,0,1,1,0,1,1
A17DAY4H,2,0,0,0,0,2,1,1,0,2
A17B97ZY,2,0,1,0,0,1,1,0,0,1
A17C1UQY,2,0,1,0,0,1,1,0,0,2
A17I19KD,2,0,0,0,0,2,1,1,0,1
A17J92U6,2,0,1,0,0,1,1,0,0,1
A17H5P34,2,0,0,0,0,1,1,0,1,1
A17JI1W5,2,0,0,0,0,1,1,0,1,1
A17RJAIN,2,0,0,0,0,1,1,0,1,2
A17WKAD4,2,0,0,0,1,1,1,0,0,4
A17RNYRH,2,0,1,0,0,1,1,0,0,1
A182BV61,2,0,0,0,1,1,1,0,0,2
A184SUFN,2,0,0,0,0,1,1,0,1,1
A17U68YC,2,0,0,0,0,2,1,1,0,1
A18H4YSD,2,0,0,1,0,1,1,0,0,3
A182JHIL,3,0,0,0,1,1,1,0,1,1
A17ZTNEU,2,0,0,0,1,1,1,0,0,1
A19XIZ17,3,1,0,0,1,1,1,0,0,3
A18JJ318,2,0,0,0,0,1,1,0,1,1
A18379U8,2,0,0,0,0,1,1,0,2,1
A18FF8SD,2,0,0,0,0,1,1,0,1,1
A18FRGTQ,2,0,0,0,0,1,1,0,1,2
A182YTTZ,2,0,0,0,0,1,1,0,1,1
A18D19EI,2,0,0,0,0,2,1,1,0,2
A18IY7L2,3,0,0,0,1,2,1,1,0,3
A18LETP9,2,0,0,0,1,1,1,0,0,1
A18DI4PY,2,0,0,1,0,1,1,0,0,1
A18HKCEK,2,0,0,0,1,1,1,0,0,1
A18LA58D,2,0,0,0,1,1,1,0,0,1
A18KNSJI,2,0,0,0,1,1,1,0,0,1
A18R9HY8,2,0,0,0,0,1,1,0,1,1
A18OAQGW,2,0,0,0,0,1,1,0,1,2
A194ZWOF,2,0,0,0,0,2,1,1,0,2
A18S8C8C,2,0,0,1,0,1,1,0,0,1
A196BR44,2,0,0,0,0,1,1,0,1,2
A19T68Z6,2,0,0,0,0,1,1,0,1,2
A198JNSX,2,0,0,0,0,2,1,1,0,1
A18W7AME,2,0,0,0,0,1,1,0,1,2
A18TVATI,2,0,0,0,0,2,1,1,0,1
A1936LLW,2,0,0,0,0,1,1,0,1,1
A1933M3U,2,0,0,0,0,1,1,0,1,1
A19AXTKX,2,0,1,0,0,1,1,0,0,2
A192Y539,2,0,1,0,0,1,1,0,0,1
A196YL47,2,0,0,0,1,1,1,0,0,1
A194P2MY,2,0,0,0,1,1,1,0,0,1
A1936T73,2,0,0,0,0,1,1,0,1,2
A18YLCON,2,0,0,0,1,1,1,0,0,2
A19IEZD6,2,0,0,0,0,2,1,1,0,2
A19DZQY9,2,0,0,0,0,1,1,0,1,1
A194QTO7,2,0,1,0,0,1,1,0,0,3
A19TUH6Z,2,0,0,0,1,1,1,0,0,1
A19C51HM,2,0,0,1,0,1,1,0,0,1
A19P42PN,2,0,0,0,1,1,1,0,0,1
A19W88U9,2,0,0,0,0,1,1,0,1,1
A1A3UKGT,2,0,0,0,0,2,1,1,0,1
A1A7RYU3,2,0,0,0,1,1,1,0,0,1
A19FDB6R,2,0,0,0,0,1,1,0,1,1
A19X25LI,2,0,0,0,1,1,1,0,0,2
A1A6UTD7,2,0,0,0,1,1,1,0,0,1
A192LSDK,2,0,0,0,0,2,1,1,0,1
A1JNH3MU,2,1,0,0,0,1,1,0,0,3
A1GXIZU1,4,1,0,0,0,2,1,1,1,2
A1AJSA6P,2,0,0,0,0,2,1,1,0,1
A1A7B62T,2,0,0,0,1,1,1,0,0,1
A19Z8RHQ,2,0,0,0,0,1,1,0,1,2
A189BBPG,2,1,0,0,0,1,1,0,0,2
A19WB4GR,2,0,0,0,0,1,1,0,1,1
A1AGZP76,2,0,0,0,0,2,1,1,0,3
A1APWGOE,2,0,0,0,1,1,1,0,0,1
A1A57Z5Q,2,0,0,0,0,1,1,0,1,3
A1AJHS4E,2,0,0,0,1,1,1,0,0,1
A1ARTRLV,2,0,0,0,1,1,1,0,0,1
A1AASMSK,2,0,0,0,1,1,1,0,0,1
A1B4MDRA,2,0,0,0,0,2,1,1,0,1
A1AWW23L,2,0,0,0,0,1,1,0,1,2
A1ALU7Q2,2,0,0,0,0,1,1,0,1,1
A1BA875L,2,0,0,0,1,1,1,0,0,1
A1ALHUTK,2,0,0,0,0,2,1,1,0,2
A1AEJTC1,3,0,1,0,1,1,1,0,0,2
A1BJDW21,2,0,0,0,0,1,1,0,1,1
A1APRYE6,2,0,0,0,1,1,1,0,0,1
A1A7IVFX,2,0,1,0,0,1,1,0,0,1
A1AY3CHE,2,0,0,0,0,2,1,1,0,1
A1BH7MWB,2,0,0,0,1,1,1,0,0,2
A1BLS6DV,2,0,0,0,0,2,1,1,0,1
A1GDIVOW,3,1,0,0,0,1,1,0,1,2
A1BHDL61,2,0,0,0,0,2,1,1,0,3
A1ASMALR,2,0,1,0,0,1,1,0,0,1
A1BC6PZP,2,0,0,0,0,2,1,1,0,1
A1I3YNZT,2,1,0,0,0,1,1,0,0,2
A1BTZG3Z,2,0,0,0,1,1,1,0,0,2
A1BBS5GF,2,0,0,0,1,1,1,0,0,2
A1B29X5I,2,0,0,0,0,2,1,1,0,2
A1BSDYEF,2,0,0,0,1,1,1,0,0,2
A1BQC5CD,3,0,1,0,1,1,1,0,0,1
A1C7M755,2,0,0,0,0,1,1,0,1,1
A1ASYB2M,2,0,0,0,1,1,1,0,0,1
A1C5E424,2,0,0,0,1,1,1,0,0,1
A1BIIEOV,2,0,0,0,1,1,1,0,0,2
A1CPISWK,2,0,0,0,0,1,1,0,1,1
A1CTVTFP,2,0,0,0,0,1,1,0,1,1
A1BZOA3I,2,0,0,0,1,1,1,0,0,1
A1BVFQ79,2,0,0,0,0,1,1,0,1,3
A1BR64WI,2,0,1,0,0,1,1,0,0,2
A1BRMQNU,3,0,0,0,1,1,1,0,1,1
A1CH3UKA,2,0,0,1,0,1,1,0,0,2
A1CELLLJ,2,0,0,1,0,1,1,0,0,2
A1B77O44,2,0,0,0,0,1,1,0,1,1
A1E5EKB6,2,0,0,0,1,1,1,0,0,2
A1CL1J53,2,0,0,0,0,1,1,0,1,1
A1CEDZT4,2,0,0,0,0,1,1,0,1,1
A1B9K63X,2,0,0,0,0,1,1,0,1,1
A1BFJKFZ,2,0,0,0,0,2,1,1,0,1
A1CDGYHX,2,0,0,1,0,1,1,0,0,1
A1CELT4J,2,0,0,0,0,2,1,1,0,1
A1BVEAX8,2,0,0,0,0,2,1,1,0,1
A1C6QMGT,2,0,0,0,0,2,1,1,0,1
A1D2A3NW,2,0,0,0,0,2,1,1,0,2
A1C687XZ,2,0,0,0,0,1,1,0,1,1
A1CF246Y,2,0,0,0,0,1,1,0,1,1
A1DEJHE8,2,0,0,0,0,1,1,0,1,1
A1D95173,2,0,0,0,0,2,1,1,0,1
A1DGIG11,2,0,0,0,0,1,1,0,1,2
A1D9KG5P,2,0,0,0,0,1,1,0,1,1
A1BR1ERL,2,0,0,0,0,2,1,1,0,1
A1CKDGEK,2,0,0,0,0,1,1,0,1,2
A1D342VH,2,0,0,0,0,1,1,0,1,1
A1DOX9YN,2,0,0,0,0,1,1,0,1,2
A1E1FI1W,2,0,0,0,0,1,1,0,1,1
A1D5RGBW,2,0,0,0,0,2,1,1,0,4
A1HKI2Z6,2,1,0,0,0,1,1,0,0,2
A1DW76HV,2,0,0,0,0,2,1,1,0,1
A1CWOIYR,2,0,0,0,0,1,1,0,1,1
A1E2INEA,2,0,0,0,0,1,1,0,1,2
A1EM9MUC,2,0,0,0,0,1,1,0,1,1
A1CHJ536,2,0,0,0,0,1,1,0,1,1
A1DZZ2S7,2,0,0,0,0,2,1,1,0,1
A1E5KGDZ,2,0,0,0,1,1,1,0,0,1
A1E1N1I9,2,0,0,1,0,1,1,0,0,1
A1D5RH9M,2,0,1,0,0,1,1,0,0,1
A1CJU89I,2,0,0,0,0,2,1,1,0,1
A1BZR3AO,2,0,0,0,0,1,1,0,1,1
A1DFXMOK,2,0,0,0,1,1,1,0,0,2
A1DL5G1K,2,0,0,0,1,1,1,0,0,2
A1CZHG6U,2,0,0,0,0,2,1,1,0,1
A1DDEW6C,2,0,0,1,0,1,1,0,0,1
A1F1MA37,2,0,0,0,0,2,1,1,0,2
A1F3L8BF,2,0,0,0,0,1,1,0,1,1
A1E5P5GM,2,0,0,0,0,1,1,0,1,1
A1CP59PV,2,0,0,0,0,1,1,0,1,1
A1EENMGY,2,0,0,0,0,1,1,0,1,1
A1DS3FPB,2,0,0,0,0,1,1,0,1,1
A1DNDHEE,2,0,0,0,0,1,1,0,1,3
A1F3AF6B,2,0,0,1,0,1,1,0,0,1
A1DORE2A,3,0,0,0,1,1,1,0,1,2
A1DVM6WD,2,0,0,0,1,1,1,0,0,1
A1DV5G83,2,0,0,0,0,1,1,0,1,1
A1DPF77L,2,0,0,0,0,1,1,0,1,1
A1DCVGSX,2,0,0,0,0,2,1,1,0,1
A1FG3DWG,2,0,0,0,1,1,1,0,0,1
A1DTZPVI,2,0,0,0,0,1,1,0,1,1
A1FFRIQL,2,0,0,0,0,2,1,1,0,1
A1FI9LW4,2,0,0,0,0,1,1,0,1,1
A1EMWAFL,2,0,0,1,0,1,1,0,0,2
A1DLSFJM,3,0,1,0,0,1,1,0,1,1
A1EWOVMB,3,0,0,0,0,2,1,1,1,2
A1E8GEQG,2,0,0,0,0,1,1,0,1,1
A1DYF8NS,2,0,0,0,1,1,1,0,0,4
A1F1SJF7,2,0,0,0,0,2,1,1,0,1
A1F8KC7G,2,0,0,0,0,1,1,0,1,1
A1EO21VW,2,0,0,0,1,1,1,0,0,1
A1FAYCIL,3,0,0,1,0,2,1,1,0,1
A1DXHWIC,2,0,0,0,1,1,1,0,0,2
A1DMEPFF,2,0,0,0,0,1,1,0,1,1
A1DT841G,2,0,0,0,1,1,1,0,0,2
A1EM9HVW,2,0,0,0,1,1,1,0,0,1
A1F4UKN8,2,0,0,1,0,1,1,0,0,1
A1EMZBPN,2,0,0,0,1,1,1,0,0,2
A1FAWYY2,2,0,0,0,0,2,1,1,0,1
A1FHY1JV,2,0,1,0,0,1,1,0,0,1
A1FRWGWI,2,0,1,0,0,1,1,0,0,2
A1EOBC4Z,2,0,0,0,1,1,1,0,0,1
A1ENFLXB,2,0,0,0,0,1,1,0,1,3
A1EWK4SL,3,0,0,0,0,2,1,1,1,1
A1EVZIHB,2,0,1,0,0,1,1,0,0,1
A1FKX171,2,0,0,0,0,1,1,0,1,1
A1E85N7R,2,0,0,0,0,2,1,1,0,1
A1EIVXRA,2,0,0,0,1,1,1,0,0,1
A1GBRWKQ,2,0,0,0,0,1,1,0,1,1
A1ELT99A,2,0,0,0,0,2,1,1,0,2
A1FZCCSQ,2,0,0,0,0,2,1,1,0,2
A1FJIXBZ,2,0,0,0,1,1,1,0,0,1
A1GZPH4D,2,0,0,0,1,1,1,0,0,2
A1FI3MCE,2,0,0,1,0,1,1,0,0,1
A1F61RZ9,2,0,0,0,0,1,1,0,1,1
A1EHD6K9,2,0,0,0,1,1,1,0,0,1
A1G68RF3,2,0,0,0,0,1,1,0,1,1
A1FF4RHX,2,1,0,0,0,1,1,0,0,2
A1FNPP9K,2,0,0,0,0,2,1,1,0,1
A1FK8MSX,2,0,0,0,0,1,1,0,1,2
A1F2UASW,2,0,0,0,0,2,1,1,0,2
A1GCIVPH,2,0,0,0,1,1,1,0,0,1
A1GUZG2D,2,0,0,0,0,1,1,0,1,1
A1FXDHZ8,2,0,0,0,0,1,1,0,1,1
A1FPQ9K4,2,0,0,0,0,1,1,0,1,1
A1GPDCWM,2,0,0,0,1,1,1,0,0,1
A1G3LZGH,2,1,0,0,0,1,1,0,0,2
A1H1EZD1,2,0,1,0,0,1,1,0,0,1
A1H24BVH,2,0,0,0,1,1,1,0,0,1
A1H5B2XY,2,0,0,0,0,2,1,1,0,1
A1H3FBMR,2,0,0,0,0,1,1,0,1,1
A1GMNKFQ,2,0,0,0,0,1,1,0,1,1
A1FDMRWS,2,0,0,0,0,1,1,0,1,1
A1G2WKYZ,2,0,0,0,1,1,1,0,0,1
A1EY3OMV,2,0,0,0,0,1,1,0,1,1
A1HRCWKX,2,0,0,0,0,1,1,0,1,1
A1GYQUOO,2,0,0,0,0,2,1,1,0,1
A1KRK6MJ,3,1,0,0,0,2,1,1,0,1
A1HSMCL3,2,0,0,0,0,1,1,0,1,1
A1G6L44I,2,0,0,0,1,1,1,0,0,1
A1FJHEAC,2,0,0,0,1,1,1,0,0,2
A1H3W2NE,2,0,0,0,0,2,1,1,0,2
A1R1A9OZ,3,1,0,0,0,2,1,1,0,1
A1G9CFE4,2,0,0,0,1,1,1,0,0,1
A1BEYNLS,3,1,0,0,1,1,1,0,0,1
A1G1KB7B,2,0,0,0,1,1,1,0,0,2
A1GKCGGV,2,0,1,0,0,1,1,0,0,1
A1HWXG6O,2,0,0,0,0,2,1,1,0,1
A1978Q4Z,2,1,0,0,0,1,1,0,0,1
A1H9G8XP,2,0,0,0,1,1,1,0,0,2
A1FX319Y,2,0,0,0,0,1,1,0,1,1
A1DYR6RU,2,0,0,0,0,1,1,0,1,1
A1FPXPT3,2,0,0,0,1,1,1,0,0,1
A1IK54CV,2,0,0,0,1,1,1,0,0,1
A1HFRV7P,2,0,0,0,0,2,1,1,0,1
A1IFAC21,2,0,0,0,0,2,1,1,0,1
A1IFX8P4,2,0,0,0,1,1,1,0,0,1
A1IX5KEV,2,0,0,0,1,1,1,0,0,1
A1J6VBVN,3,0,0,0,1,1,1,0,1,1
A1IEDAON,2,0,0,0,1,1,1,0,0,1
A1AERMYE,2,1,0,0,0,1,1,0,0,1
A1HBPLCD,3,0,0,0,0,2,1,1,1,1
A1HTPKCB,2,0,0,0,0,1,1,0,1,1
A1IIIGTL,2,0,0,0,0,2,1,1,0,3
A1I8XSIR,2,0,0,0,1,1,1,0,0,1
A1I58VIL,2,0,0,0,0,2,1,1,0,1
A1JRQY8A,2,0,0,0,0,1,1,0,1,3
A1GIJWUB,2,0,0,0,0,1,1,0,1,1
A1GSGVG9,2,0,0,0,0,1,1,0,1,1
A1HF6LOM,2,0,0,0,0,2,1,1,0,2
A1J7JDEU,3,0,0,0,1,1,1,0,1,1
A1HP6IDF,2,0,0,0,1,1,1,0,0,1
A1GIDN15,3,0,1,0,0,2,1,1,0,2
A1JZCT9K,2,0,0,0,0,1,1,0,1,1
A1ISCF3P,2,0,0,0,0,2,1,1,0,1
A1JYV4FF,2,0,0,0,0,1,1,0,1,1
A1JAXEL3,3,0,0,0,0,2,1,1,1,1
A1K18F5V,2,0,0,0,1,1,1,0,0,1
A1IRZ6FG,2,0,0,0,1,1,1,0,0,1
A1IRGUD6,2,0,0,0,1,1,1,0,0,1
A1HVI1WK,2,0,0,1,0,1,1,0,0,1
A1J6VBKM,2,0,0,0,1,1,1,0,0,1
A1HFHBU1,2,0,0,0,0,1,1,0,1,2
A1HYZF3D,2,0,0,1,0,1,1,0,0,1
A1G8Z1I9,2,0,0,0,0,1,1,0,1,1
A1HELL3X,2,0,0,0,0,2,1,1,0,2
A1GV7XGC,2,0,0,0,0,1,1,0,1,2
A1JRU5CA,2,0,0,0,0,1,1,0,1,1
A1H7G2BO,2,0,0,1,0,1,1,0,0,1
A1HADAXA,2,0,0,0,0,1,1,0,1,1
A1IBIWN7,3,0,0,0,1,1,1,0,1,1
A1IB2BIW,2,0,0,0,0,2,1,1,0,1
A1I61GTB,2,0,0,0,1,1,1,0,0,2
A1AVSVQQ,2,1,0,0,0,1,1,0,0,1
A1KLYOO1,2,0,0,0,0,1,1,0,1,2
A1IDVI4B,3,0,0,0,1,1,1,0,1,1
A1L197ZA,2,0,0,0,0,1,1,0,1,1
A1FUYISK,2,0,0,0,1,1,1,0,0,2
A1EIL6RU,2,1,0,0,0,1,1,0,0,1
A1IS6DGW,2,0,0,0,0,1,1,0,1,1
A1K1P6RK,2,0,0,0,0,2,1,1,0,3
A1HUAEZ2,2,0,0,0,0,2,1,1,0,3
A1IBD11Q,2,0,0,0,1,1,1,0,0,1
A1GPPHYZ,2,1,0,0,0,1,1,0,0,1
A1KYXE5P,2,0,0,0,0,1,1,0,1,1
A1L4ZP4B,2,0,0,0,0,1,1,0,1,1
A1INJDGN,2,0,0,0,1,1,1,0,0,2
A1LCE1W3,2,0,0,0,0,2,1,1,0,2
A1K2JAZ9,2,0,0,0,0,1,1,0,1,1
A1KVKTL8,2,0,0,0,0,1,1,0,1,1
A1J9MOO3,2,0,0,0,0,1,1,0,1,1
A1JI74MW,2,0,0,0,1,1,1,0,0,3
A1HT2FOS,2,0,0,0,0,1,1,0,1,2
A1KLJ6AA,2,0,0,0,1,1,1,0,0,1
A1JBC5KV,2,0,0,0,1,1,1,0,0,1
A1KD5X3O,2,0,0,0,0,2,1,1,0,1
A1HFY4KJ,2,0,0,0,0,2,1,1,0,1
A1JMT2S3,2,0,1,0,0,1,1,0,0,2
A1KBNND9,2,0,1,0,0,1,1,0,0,1
A1HV3173,2,0,0,0,0,1,1,0,1,2
A1KX1593,2,0,0,0,1,1,1,0,0,1
A1IL56H6,2,0,0,0,0,1,1,0,1,1
A1J8GGPY,2,0,0,1,0,1,1,0,0,1
A1K5JSFC,2,0,0,0,0,1,1,0,1,3
A1IJ9MBC,2,0,0,1,0,1,1,0,0,1
A1I9RYOW,2,0,1,0,0,1,1,0,0,1
A1IWKPWX,2,0,1,0,0,1,1,0,0,2
A1IYX9B9,2,0,0,0,0,2,1,1,0,1
A1KBP8HL,2,0,0,0,0,1,1,0,1,2
A1JZCXAT,2,0,0,0,0,1,1,0,1,1
A1JUFCGR,2,0,0,0,1,1,1,0,0,1
A1KL5KSV,2,0,0,0,0,1,1,0,1,1
A1KY7HAS,2,0,0,0,0,2,1,1,0,1
A1JNLVMW,2,0,0,1,0,1,1,0,0,1
A1KIY86V,2,0,0,0,1,1,1,0,0,1
A1JXIUJ2,2,0,0,0,1,1,1,0,0,1
A1HQIVFO,2,0,0,0,1,1,1,0,0,2
A1KKTNG2,2,0,0,0,1,1,1,0,0,1
A1LRHXXW,2,0,0,0,0,1,1,0,1,1
A1I57GAF,2,0,0,0,1,1,1,0,0,3
A1KKV5ZO,2,0,0,1,0,1,1,0,0,1
A1K9EAK4,2,1,0,0,0,1,1,0,0,1
A1JF5BMS,2,0,0,0,1,1,1,0,0,1
A1N55SPC,2,0,0,0,0,2,1,1,0,2
A1JQ9YJM,2,0,0,0,0,2,1,1,0,1
A1LR5Q2X,2,0,0,0,1,1,1,0,0,1
A1LH11PO,2,0,0,1,0,1,1,0,0,1
A1KBA6AT,3,0,0,0,0,2,1,1,1,2
A1O2ULH3,3,0,1,0,0,1,1,0,1,2
A1LWFUBU,2,0,0,0,1,1,1,0,0,1
A1J4Y49R,2,0,0,0,1,1,1,0,0,3
A1LSXITP,2,0,0,0,0,1,1,0,1,1
A1L7PJ9T,2,0,0,0,0,1,1,0,1,1
A1K1M4ED,2,0,0,0,1,1,1,0,0,3
A1NCBFWN,2,0,0,0,1,1,1,0,0,2
A1LS7GWY,2,0,0,0,0,1,1,0,1,1
A1L5SFI5,2,0,0,0,0,2,1,1,0,2
A1MZGXR9,2,0,0,0,1,1,1,0,0,1
A1NRMOWZ,2,0,0,0,1,1,1,0,0,1
A1KD4BXO,2,0,0,0,1,1,1,0,0,1
A1ML7DIS,2,0,0,0,0,1,1,0,1,1
A1JGVAQ2,2,0,0,0,1,1,1,0,0,1
A1KICMPF,2,1,0,0,0,1,1,0,0,1
A1L4ZY47,2,0,0,0,1,1,1,0,0,1
A1MBDF3Y,2,0,0,0,0,2,1,1,0,1
A1N5136Z,2,0,0,0,0,2,1,1,0,3
A1LACELL,2,0,0,0,1,1,1,0,0,1
A1LCFNA7,2,0,0,0,0,1,1,0,1,2
A1M27BX5,2,0,0,0,0,2,1,1,0,2
A1KLNTPQ,2,0,0,0,0,1,1,0,1,2
A1O2LBUW,2,0,0,0,0,2,1,1,0,2
A1NL6IYP,2,0,0,0,1,1,1,0,0,1
A1JSHUN2,2,0,0,0,1,1,1,0,0,1
A1MZK4PZ,2,0,0,1,0,1,1,0,0,1
A1O4ZGH8,3,0,0,0,1,2,1,1,0,2
A1NJN1JF,2,0,0,0,1,1,1,0,0,1
A1P6VXKI,2,0,0,0,0,1,1,0,1,2
A1PYYSFL,2,0,1,0,0,1,1,0,0,1
A1KEPNMK,2,0,0,0,0,2,1,1,0,3
A1LOZZ6D,2,0,0,0,0,2,1,1,0,1
A1PDHWP9,2,0,0,1,0,1,1,0,0,1
A1KE8UNT,3,0,1,0,1,1,1,0,0,1
A1K418UG,2,0,0,0,0,2,1,1,0,1
A1NQSX8S,2,0,0,0,0,2,1,1,0,1
A1MSJ52O,2,0,0,0,0,2,1,1,0,1
A1MHNAS9,2,0,0,0,0,1,1,0,1,1
A1NKZNWS,2,0,0,0,0,1,1,0,1,1
A1O1GIGP,2,0,0,0,0,2,1,1,0,2
A1NNCZ59,2,0,0,0,0,2,1,1,0,1
A1OOOX4X,2,0,0,0,0,1,1,0,1,1
A1PVYBUV,2,0,0,0,1,1,1,0,0,1
A1MBX5FU,2,0,0,0,0,1,1,0,1,1
A1ODXRQT,2,0,0,0,0,2,1,1,0,2
A1OFXXUR,2,0,0,0,0,1,1,0,1,1
A1KYGOYQ,2,0,0,0,0,1,1,0,1,2
A1OPFRCG,2,0,0,0,1,1,1,0,0,1
A1MRFROU,2,0,1,0,0,1,1,0,0,1
A1MYLD4J,2,0,0,0,0,2,1,1,0,1
A1OV4NBO,2,0,0,0,1,1,1,0,0,1
A1OKX9DQ,2,0,0,0,1,1,1,0,0,1
A1PDA8QW,2,0,0,0,0,2,1,1,0,1
A1MP7XMM,2,0,0,0,0,1,1,0,1,1
A1QMWI9A,2,0,0,0,0,1,1,0,1,1
A1O9XBBT,2,0,0,0,0,1,1,0,1,2
A1N6BWIB,2,0,0,0,1,1,1,0,0,2
A1PWA13Z,2,0,0,0,1,1,1,0,0,1
A1PUED41,2,0,0,0,0,2,1,1,0,2
A1MPQ623,2,0,0,0,0,2,1,1,0,1
A1OYLQ8P,2,0,0,0,1,1,1,0,0,1
A1MT8LNW,2,0,0,0,1,1,1,0,0,2
A1N8C41S,2,0,0,1,0,1,1,0,0,1
A1PQRNCO,2,0,0,0,0,1,1,0,1,2
A1OXXWTI,2,0,0,0,0,1,1,0,1,2
A1LFMBHT,2,0,1,0,0,1,1,0,0,1
A1OZNF6E,2,0,0,0,0,1,1,0,1,1
A1NEX5G6,2,0,0,0,0,2,1,1,0,1
A1O3IAIA,2,0,0,0,0,2,1,1,0,1
A1NBB67N,2,1,0,0,0,1,1,0,0,1
A1NSQ5WE,2,0,0,0,0,1,1,0,1,1
A1QO6NT6,2,0,1,0,0,1,1,0,0,1
A1PDL2NE,2,1,0,0,0,1,1,0,0,1
A1OIELPX,2,0,0,0,0,1,1,0,1,1
A1O4IM6B,2,0,0,0,1,1,1,0,0,3
A1NN5CXN,3,0,0,0,0,2,1,1,1,1
A1Q1XOCG,2,0,0,0,1,1,1,0,0,2
A1OLI92N,2,1,0,0,0,1,1,0,0,1
A1O98NJB,2,0,0,0,1,1,1,0,0,3
A1Q2E17W,2,0,0,0,0,2,1,1,0,1
A1Q3LT69,2,0,0,0,0,1,1,0,1,1
A1UBNKJW,2,0,0,0,0,1,1,0,1,1
A1OCT1GZ,2,0,0,0,0,1,1,0,1,1
A1Q21KTD,2,1,0,0,0,1,1,0,0,1
A1Q1DUS5,2,0,0,0,1,1,1,0,0,1
A1OIEPEZ,2,0,0,1,0,1,1,0,0,3
