11KSM6NE,6
11IMZWGR,4
11IY9SM3,4
11J55TJF,4
11J6ASKA,4
11JGO11L,4
11JL76QF,4
11JOY7SP,4
11JXNGM4,4
11K842EB,4
11KDQL83,4
11KW2ORG,4
11L2LR3I,4
11IKUYXH,3
11ILT6O7,3
11ILSUGV,3
11IMPLDP,3
11IRVSNR,3
11ISP1EQ,3
11IVPMT8,3
11J1KN5V,3
11J3CKOT,3
11JEHQDX,3
11JHLCLL,3
11JIQM53,3
11JI243K,3
11JJTD8S,3
11JOO5FJ,3
11JQRFEI,3
11JPE4FO,3
11JSDQD5,3
11JQZ2DS,3
11JSCYX9,3
11JTB62R,3
11K6G5UT,3
11KATRQY,3
11KAVJDB,3
11KC7B4V,3
11KBPDJ3,3
11KBMWTY,3
11KGQT5J,3
11KGMYX9,3
11KEW4VH,3
11KLZ5G4,3
11KJSD4P,3
11KMLYE3,3
11KV7QRI,3
11KXF11Z,3
11KVV1P3,3
11KWOT87,3
11KZ7X1C,3
11INMHIV,2
11IO1NAC,2
11IOCYZZ,2
11IOG14X,2
11IP18PH,2
11IPACAF,2
11IQOZ12,2
11IR3M3P,2
11ISB96F,2
11ISNSL6,2
11ISNYPI,2
11IT7OTA,2
11IUK6AC,2
11IV15SP,2
11IVPA5E,2
11IVLZ17,2
11IWIVXY,2
11IWYUGV,2
11IX6JUM,2
11IZHWHO,2
11IZ7LBN,2
11IZ5BTK,2
11IZPS5T,2
11J3BMT6,2
11J47SZB,2
11J62L2E,2
11J6C4EF,2
11J7VP95,2
11J87ZOC,2
11J85KZD,2
11J9XS23,2
11J9SW5B,2
11JA2KXN,2
11JAM744,2
11JAXQCA,2
11JBNNPR,2
11JCJ78H,2
11JDH8MU,2
11JEG6VQ,2
11JH1LAW,2
11JIRARS,2
11JHYI27,2
11JIJN45,2
11JJED1F,2
11JL43RX,2
11JKJTGA,2
11JLSP4U,2
11JLUUT5,2
11JNVY39,2
11JOQ4WU,2
11JNH34H,2
11JR9CWL,2
11JSWJSP,2
11JUPN9F,2
11JVBP5D,2
11JUAVGY,2
11JVDL3S,2
11JVYJTJ,2
11JXK47G,2
11JVH6PO,2
11JX3ORL,2
11JWM3Z5,2
11JWC7D1,2
11JWE6QR,2
11JXCYVR,2
11JXDUGU,2
11JZMBN5,2
11K1QDB3,2
11JZXM1B,2
11K17X2C,2
11K3CV71,2
11K4OYMW,2
11K63OWY,2
11K4KXZI,2
11K3Z35Q,2
11K63R1Z,2
11K65XUL,2
11K9IFFM,2
11KBZ2I1,2
11KA7TQK,2
11KCC82E,2
11KEGMYD,2
11KCEZDK,2
11KG2AZD,2
11KEQWAB,2
11KENBVC,2
11KG32K8,2
11KI7SPZ,2
11KIYGZF,2
11KH9XBV,2
11KKT6SN,2
11KIM479,2
11KJWF6U,2
11KHZYGM,2
11KK2ETE,2
11KOX6SU,2
11KN8QA4,2
11KP5XRZ,2
11KOWPLR,2
11KPYHD3,2
11KNND6Q,2
11KSXAN8,2
11KR17PY,2
11KPTHJF,2
11KVCXJW,2
11KU6EYU,2
11KPVTQB,2
11KS8C5J,2
11KV8R4N,2
11KRTEJT,2
11KT8KGF,2
11KURZJM,2
11KTTOXT,2
11KYHN2H,2
11KYPPSV,2
11KVA226,2
11KY72OG,2
11ILP5E4,1
11IMR5EK,1
11ION8Z1,1
11IRSDKS,1
11ISP6O8,1
11IT5AMR,1
11ITG4T2,1
11IV53H9,1
11IVXKKC,1
11IWC9TL,1
11IX8XD2,1
11IXM9YI,1
11IXRJM4,1
11IXVNHP,1
11IYJB8Q,1
11J1LIEW,1
11J232WH,1
11J3H58Z,1
11J4DPCP,1
11JC117E,1
11JBXPL6,1
11JD72A2,1
11JCQ4J7,1
11JHLZG1,1
11JH14CK,1
11JIZ49Y,1
11JJEQRW,1
11JM67WC,1
11JMEQI1,1
11JLXBWZ,1
11JMQ54T,1
11JNEYYU,1
11JO8WP7,1
11JPL5NE,1
11JP6G5E,1
11JOIYGS,1
11JQ2DGN,1
11JR37N2,1
11JQOHXN,1
11JRUGXE,1
11JTJEGB,1
11JTTAIK,1
11JTBETN,1
11JSUDGI,1
11JVFZAP,1
11JVZ7DW,1
11JUBOC6,1
11JVQXXJ,1
11JZMZM7,1
11JYBIGJ,1
11JZYP8G,1
11JZA2MJ,1
11K5ANQG,1
11K7CARW,1
11K4MAAR,1
11K4SDHW,1
11K6IUNB,1
11K9HB45,1
11KA3EVY,1
11KA6429,1
11KCNOGP,1
11KF2G34,1
11KG6QW8,1
11KE7LXN,1
11KF1QZM,1
11KD5BJ4,1
11KH76TK,1
11KHEZ6V,1
11KIBS7F,1
11KIGBUI,1
11KH5MI6,1
11KKB8S8,1
11KMDPRI,1
11KNVTJL,1
11KKRZEU,1
11KJ174Z,1
11KL9BNS,1
11KO8NYQ,1
11KQIQHV,1
11KRJZWV,1
11KQRMOG,1
11KOEDSO,1
11KOJX14,1
11KUK1E6,1
11KXKKXD,1
11KX3557,1
11KXK6OK,1
11KVT641,1
11KZOQQO,1
