Seed,Score,Blueprint,Brainstorm,OopsAll6s,LuckyCat,Hack,None,NegativeSkipTags,NegativeRandomJokers
36MWN   ,2,0,1,0,0,1,0,0,0
9XXHQ   ,1,0,0,0,0,1,0,1,0
FX9VD   ,2,1,0,0,0,1,0,1,0
IQQGX   ,2,0,1,0,0,2,0,0,0
J1JR8   ,2,0,1,0,0,1,0,3,0
LVC3T   ,1,0,0,0,0,4,0,0,0
PQSPZ   ,1,0,0,0,0,1,0,0,0
W7ZOO   ,2,0,0,1,0,1,0,0,0
155B7I  ,1,0,0,0,0,4,0,0,0
17UQA5  ,2,0,0,1,0,3,0,2,0
19GWGL  ,2,0,0,1,0,1,0,0,0
19QDOY  ,1,0,0,0,0,5,0,0,0
1DR4I6  ,2,0,0,0,1,1,0,1,0
1GBSK4  ,1,0,0,0,0,1,0,0,1
1KYHPA  ,1,0,0,0,0,1,0,0,0
1ITHQZ  ,1,0,0,0,0,1,0,2,0
1NZ749  ,3,0,1,2,0,1,0,0,0
1VDGP4  ,1,0,0,0,0,1,0,0,0
1V6NOP  ,1,0,0,0,0,1,0,0,0
1ZZWMV  ,2,0,1,0,0,1,0,1,0
24IDJ1  ,3,0,0,1,2,1,0,0,0
2CW8HV  ,1,0,0,0,0,1,0,0,0
2C1YD1  ,1,0,0,0,0,1,0,1,0
2HT8B5  ,3,0,2,1,0,3,0,1,0
2I7ONB  ,2,0,1,0,0,1,0,0,0
2N5NQY  ,1,0,0,0,0,1,0,2,0
2M7BQG  ,1,0,0,0,0,1,0,1,0
2OJ778  ,1,0,0,0,0,1,0,0,0
37UHLF  ,1,0,0,0,0,2,0,1,0
3F9PWQ  ,1,0,0,0,0,1,0,0,0
3D89X2  ,3,0,0,1,2,1,0,1,1
3FO7O5  ,2,0,1,0,0,1,0,0,0
3DZ5RD  ,3,1,1,0,0,1,0,0,0
3J8TC3  ,1,0,0,0,0,1,0,0,0
3SPJXN  ,2,1,0,0,0,1,0,0,0
3X9AKQ  ,1,0,0,0,0,1,0,0,0
3Y3RK8  ,3,0,1,0,1,1,0,1,0
43O4PG  ,1,0,0,0,0,1,0,1,0
468JNM  ,1,0,0,0,0,1,0,0,1
46YWJY  ,2,0,0,0,1,1,0,1,0
4DE832  ,2,0,0,0,1,2,0,1,0
4FIZPT  ,1,0,0,0,0,1,0,3,0
4CZ5NY  ,2,0,0,1,0,1,0,0,0
4EVST4  ,1,0,0,0,0,1,0,1,0
4EVUYL  ,2,0,1,0,0,1,0,1,0
4O78HD  ,1,0,0,0,0,1,0,2,0
4YAD64  ,3,0,1,1,0,1,0,1,0
5NPPMU  ,2,0,2,0,0,1,0,1,0
5MYEZF  ,2,0,1,0,0,1,0,1,0
5OC86U  ,1,0,0,0,0,1,0,2,0
5TV5SU  ,2,0,0,1,0,1,0,0,0
5ZA6IQ  ,1,0,0,0,0,2,0,0,0
63DHWW  ,3,0,0,1,1,1,0,2,1
5YCO29  ,4,1,1,2,0,1,0,0,0
61TYL9  ,1,0,0,0,0,1,0,2,0
5Z64XL  ,2,0,1,0,0,1,0,1,0
6DCGS2  ,2,0,1,0,0,1,0,1,0
5YNAFP  ,1,0,0,0,0,1,0,0,0
65MADO  ,1,0,0,0,0,1,0,0,0
6LHQGI  ,1,0,0,0,0,1,0,0,0
6JDTE6  ,1,0,0,0,0,1,0,1,0
6GIJ6O  ,1,0,0,0,0,1,0,0,0
6X2O67  ,2,0,0,0,1,1,0,2,0
6WXZTH  ,1,0,0,0,0,2,0,1,0
6W1CMC  ,2,0,1,0,0,1,0,0,1
6PMV3E  ,1,0,0,0,0,1,0,0,0
6SWEQA  ,1,0,0,0,0,1,0,1,0
6XSZPJ  ,1,0,0,0,0,1,0,1,0
7GR8MN  ,1,0,0,0,0,1,0,2,0
7FBGB5  ,2,1,0,0,0,1,0,0,0
767W8Z  ,2,1,0,0,0,1,0,0,1
79UXUV  ,1,0,0,0,0,1,0,1,0
7E1XIM  ,1,0,0,0,0,1,0,2,0
7OGT78  ,1,0,0,0,0,1,0,0,0
7M7G56  ,1,0,0,0,0,1,0,1,0
77TAMX  ,1,0,0,0,0,1,0,0,0
7RHRGJ  ,2,0,0,0,3,1,0,0,0
7NM8CF  ,1,0,0,0,0,1,0,1,1
7L2CYI  ,1,0,0,0,0,1,0,0,0
7P62QF  ,2,0,0,0,1,1,0,0,0
82ULC2  ,1,0,0,0,0,1,0,0,1
8KZVBP  ,2,0,0,2,0,2,0,0,0
84HW27  ,2,0,0,1,0,1,0,0,0
8IWXW2  ,2,0,0,1,0,1,0,2,0
8YX52K  ,2,0,1,0,0,1,0,1,1
94WS4H  ,1,0,0,0,0,6,0,0,0
8PX6NP  ,1,0,0,0,0,1,0,3,0
91P5TM  ,1,0,0,0,0,1,0,0,0
8WZICC  ,1,0,0,0,0,1,0,0,0
964REN  ,1,0,0,0,0,1,0,0,0
9SX6SU  ,2,1,0,0,0,1,0,1,0
9WA4KE  ,1,0,0,0,0,1,0,0,0
9JE6YT  ,2,0,0,1,0,1,0,0,0
9Z2Z6H  ,1,0,0,0,0,1,0,1,0
9P4PVW  ,2,0,1,0,0,3,0,0,0
A8DG8X  ,1,0,0,0,0,1,0,0,0
9Y6DTR  ,1,0,0,0,0,1,0,0,0
9QZMN5  ,1,0,0,0,0,1,0,0,0
A48RSQ  ,1,0,0,0,0,1,0,2,0
AP5BAI  ,1,0,0,0,0,3,0,0,0
AE1R32  ,2,0,0,0,1,1,0,2,0
AVFT1K  ,1,0,0,0,0,2,0,1,0
AV68B2  ,2,0,0,1,0,1,0,1,0
ANHT83  ,1,0,0,0,0,1,0,3,0
AU9JXD  ,1,0,0,0,0,1,0,0,0
BEP9DB  ,1,0,0,0,0,2,0,1,0
AVWMP9  ,1,0,0,0,0,1,0,1,0
BOKZPO  ,1,0,0,0,0,1,0,3,0
BZW4C3  ,1,0,0,0,0,1,0,1,0
BL6ZZ6  ,1,0,0,0,0,1,0,3,0
BOBT66  ,2,0,0,0,1,1,0,0,0
CBZA58  ,2,1,0,0,0,1,0,0,0
BUG3KA  ,1,0,0,0,0,1,0,0,0
BXN9VM  ,1,0,0,0,0,1,0,1,1
CRO94I  ,1,0,0,0,0,1,0,1,0
BYGZDL  ,1,0,0,0,0,1,0,1,1
CDYV4E  ,1,0,0,0,0,2,0,0,0
CSKCXH  ,1,0,0,0,0,1,0,1,0
CEZCJR  ,3,0,1,0,1,1,0,0,0
CEN3AQ  ,2,0,0,1,0,1,0,1,0
D27U7J  ,3,0,0,8,1,7,0,1,0
C9W5NA  ,2,1,0,0,0,1,0,0,0
D5YD8Q  ,1,0,0,0,0,1,0,1,1
DH1DGR  ,2,0,0,1,0,2,0,1,0
DLFNGX  ,1,0,0,0,0,1,0,0,0
CNZ13N  ,2,0,0,1,0,1,0,0,0
D754TF  ,2,0,0,1,0,1,0,1,0
CLMERA  ,1,0,0,0,0,1,0,0,1
D982VE  ,1,0,0,0,0,1,0,0,0
DAQA7C  ,2,0,2,0,0,1,0,1,0
DW7A88  ,2,0,1,0,0,2,0,2,0
DAVI9A  ,3,4,0,0,5,1,0,0,0
CZ5R4V  ,3,0,1,1,0,1,0,1,0
CYHP2K  ,2,1,0,0,0,1,0,1,0
DXD65O  ,1,0,0,0,0,1,0,1,0
E7V5X6  ,1,0,0,0,0,1,0,2,0
DRS3XO  ,1,0,0,0,0,1,0,0,0
DU92WN  ,1,0,0,0,0,1,0,0,0
DXOIKX  ,2,0,0,0,1,1,0,1,0
DV5LK5  ,1,0,0,0,0,1,0,1,0
E49EAC  ,2,1,0,0,0,3,0,1,0
EU7VP3  ,1,0,0,0,0,2,0,0,1
EA1L6W  ,1,0,0,0,0,1,0,0,0
DUVDJ7  ,3,1,0,1,0,1,0,2,0
E9GQMM  ,2,0,0,0,3,1,0,0,0
EDJLP7  ,2,0,1,0,0,1,0,1,0
EEJJGX  ,3,0,1,0,2,1,0,1,0
E33R9B  ,2,1,0,0,0,1,0,1,0
E4BHOE  ,1,0,0,0,0,1,0,3,0
EO4BY6  ,1,0,0,0,0,3,0,1,0
EXM314  ,1,0,0,0,0,1,0,1,0
FB5E4G  ,3,1,0,1,0,1,0,0,0
EUB1XP  ,2,0,0,1,0,1,0,1,1
F4VGBG  ,2,0,1,0,0,1,0,1,0
EQVQ14  ,1,0,0,0,0,1,0,1,0
F9OYK5  ,1,0,0,0,0,1,0,0,0
FKYWIC  ,1,0,0,0,0,1,0,1,0
FRA13Z  ,2,0,4,0,0,1,0,0,0
FVWPAZ  ,1,0,0,0,0,1,0,1,0
FW35JP  ,1,0,0,0,0,2,0,2,0
FZW8S5  ,2,0,1,0,0,1,0,0,1
H3PAE8  ,1,0,0,0,0,1,0,1,0
GTYP8Q  ,1,0,0,0,0,3,0,0,0
G4U5LV  ,1,0,0,0,0,1,0,3,0
GP5VHU  ,1,0,0,0,0,1,0,0,0
H18JWJ  ,1,0,0,0,0,3,0,0,0
GH3DRH  ,2,0,1,0,0,2,0,0,0
GX4ZBX  ,2,3,0,0,0,2,0,1,0
HZ3QES  ,1,0,0,0,0,1,0,0,0
HP1JLV  ,1,0,0,0,0,2,0,3,0
HHM4FY  ,2,2,0,0,0,1,0,1,0
J4DHL7  ,1,0,0,0,0,1,0,0,0
HZ9UH4  ,1,0,0,0,0,1,0,2,0
I1HFHG  ,2,0,0,1,0,1,0,1,0
IXYIWF  ,1,0,0,0,0,1,0,0,0
J2KKVK  ,2,0,0,0,1,1,0,0,0
JIU1P9  ,1,0,0,0,0,2,0,1,0
HVWJ2Z  ,1,0,0,0,0,1,0,3,0
IIJ5OX  ,1,0,0,0,0,1,0,2,0
I9TIHL  ,1,0,0,0,0,1,0,1,1
J2NESY  ,3,0,1,1,0,1,0,0,1
IUN9W6  ,1,0,0,0,0,2,0,0,0
IQ788N  ,1,0,0,0,0,3,0,2,0
I9XQSD  ,2,0,0,0,1,1,0,2,0
K22G3H  ,3,0,2,1,0,1,0,1,1
JER6LF  ,1,0,0,0,0,1,0,0,1
JGVR6L  ,1,0,0,0,0,1,0,2,0
JKGJ8E  ,1,0,0,0,0,1,0,1,0
J2BZ2G  ,3,1,0,1,0,1,0,0,0
KXAVFN  ,1,0,0,0,0,1,0,1,1
IXNY5P  ,2,0,1,0,0,1,0,2,1
KJJJG3  ,1,0,0,0,0,1,0,0,0
JRI554  ,1,0,0,0,0,1,0,0,1
JM233P  ,2,0,0,0,2,1,0,1,0
JAKVUZ  ,3,1,1,0,0,1,0,0,0
KHE5XL  ,2,0,0,0,1,2,0,1,0
JQE1AA  ,2,0,1,0,0,1,0,0,0
LIWXEG  ,3,1,2,0,0,1,0,0,0
KN6UXT  ,1,0,0,0,0,1,0,1,0
KMUR9Y  ,1,0,0,0,0,2,0,0,0
KTMUXC  ,2,0,1,0,0,1,0,1,0
LUKS62  ,1,0,0,0,0,1,0,2,0
KSO9XH  ,2,1,0,0,0,2,0,0,1
KGM6VU  ,3,1,0,0,1,1,0,0,0
MSMS4N  ,2,0,0,1,0,1,0,0,0
L2KTB8  ,1,0,0,0,0,1,0,0,0
L529PH  ,2,1,0,0,0,1,0,0,1
LAM28W  ,2,0,0,1,0,2,0,0,0
LETTGN  ,2,1,0,0,0,1,0,0,1
LZAHS1  ,1,0,0,0,0,1,0,0,0
M2GBT1  ,1,0,0,0,0,1,0,2,0
LKLNYK  ,1,0,0,0,0,1,0,1,0
LDVC7D  ,1,0,0,0,0,1,0,1,0
LN1PJT  ,3,1,2,0,0,1,0,0,0
MV9MPY  ,3,0,0,1,1,1,0,1,0
MASLV4  ,2,0,1,0,0,1,0,2,0
NVBPVE  ,1,0,0,0,0,1,0,1,0
M7UWY3  ,1,0,0,0,0,1,0,1,0
MNWE1D  ,1,0,0,0,0,1,0,0,0
M244KZ  ,2,0,1,0,0,1,0,2,0
M7AFDS  ,1,0,0,0,0,1,0,1,1
NG7KNR  ,2,0,0,1,0,2,0,1,0
NBHJJ6  ,2,0,1,0,0,1,0,3,0
MVSLKV  ,2,0,0,1,0,1,0,1,0
NM2EZO  ,1,0,0,0,0,1,0,0,0
NEZPI8  ,2,0,0,0,2,1,0,0,0
NJNZQX  ,1,0,0,0,0,1,0,2,0
NAY7NW  ,1,0,0,0,0,1,0,1,0
NVJ1VN  ,1,0,0,0,0,1,0,2,0
NQ3KMJ  ,2,0,0,1,0,1,0,1,1
NYZ4ZZ  ,2,0,0,0,1,3,0,2,0
PMJ8RF  ,1,0,0,0,0,2,0,0,0
NWR7JE  ,1,0,0,0,0,1,0,1,0
NXXW9D  ,1,0,0,0,0,1,0,0,0
NZRWQR  ,3,1,0,0,1,1,0,0,0
P8MZJ7  ,3,1,0,1,0,1,0,0,0
PQUDZ6  ,2,0,0,1,0,1,0,3,0
O1NGPY  ,2,1,0,0,0,1,0,1,0
PAIDIC  ,2,0,0,1,0,7,0,0,0
ONYZZ3  ,2,1,0,0,0,1,0,1,1
PA7JWX  ,1,0,0,0,0,2,0,0,0
OKBKEO  ,1,0,0,0,0,4,0,1,0
P1KBYP  ,1,0,0,0,0,1,0,1,0
S3IQ14  ,1,0,0,0,0,5,0,2,0
P3SCFI  ,1,0,0,0,0,1,0,1,0
OUHH9G  ,1,0,0,0,0,1,0,0,0
PM99ZB  ,1,0,0,0,0,1,0,1,0
P73RFK  ,1,0,0,0,0,1,0,0,0
POICSZ  ,2,0,1,0,0,2,0,2,0
Q7FDHD  ,2,0,1,0,0,1,0,0,0
QTY4Z4  ,3,0,1,1,0,1,0,0,1
QBDWOT  ,1,0,0,0,0,4,0,1,0
Q9RQ82  ,1,0,0,0,0,3,0,1,0
Q9ZQ9C  ,3,1,0,2,0,1,0,2,0
QFC9XQ  ,1,0,0,0,0,1,0,1,0
PRVYP5  ,2,0,0,1,0,1,0,0,0
QPV7LL  ,1,0,0,0,0,3,0,0,0
Q3UZBD  ,1,0,0,0,0,2,0,0,0
QUHS7S  ,1,0,0,0,0,1,0,1,0
QUO4YH  ,1,0,0,0,0,1,0,0,0
QYD4OQ  ,1,0,0,0,0,1,0,0,1
R6L1HK  ,2,0,1,0,0,1,0,0,1
QS6EUF  ,1,0,0,0,0,1,0,0,0
SCF68F  ,1,0,0,0,0,1,0,1,0
QQ3LA1  ,1,0,0,0,0,3,0,0,0
RZAX7T  ,1,0,0,0,0,1,0,0,0
S1ACQJ  ,1,0,0,0,0,1,0,1,0
QSW9G5  ,1,0,0,0,0,1,0,0,0
RQHZ2U  ,1,0,0,0,0,1,0,0,0
S2KOIS  ,2,1,0,0,0,1,0,1,0
SZMD3Y  ,1,0,0,0,0,1,0,1,0
R3USCE  ,2,0,1,0,0,1,0,0,1
S35U6W  ,2,0,1,0,0,1,0,1,1
RV67XC  ,1,0,0,0,0,1,0,1,0
TPW94E  ,1,0,0,0,0,1,0,2,0
TAXJAS  ,2,0,1,0,0,1,0,0,0
TW29VH  ,2,0,0,0,1,1,0,1,0
TR72VX  ,1,0,0,0,0,1,0,0,0
UMHRCY  ,2,0,0,1,0,1,0,0,0
T6I8EU  ,3,1,1,0,0,2,0,1,0
RYB7GO  ,2,0,0,2,0,1,0,0,0
T2CHI7  ,4,0,2,2,1,1,0,0,0
TB6VHP  ,2,0,0,0,1,1,0,1,0
SL5L1W  ,1,0,0,0,0,2,0,0,0
TZ3X98  ,2,0,0,1,0,1,0,0,0
TTEZTF  ,2,0,0,0,1,4,0,0,1
TZFAPW  ,1,0,0,0,0,1,0,2,0
TOTDIJ  ,1,0,0,0,0,1,0,1,0
U46RGR  ,4,1,1,1,0,1,0,0,0
ULEW2C  ,4,1,1,1,0,2,0,1,0
T234PG  ,1,0,0,0,0,1,0,3,0
TE8HRM  ,1,0,0,0,0,1,0,1,0
WC7SK2  ,2,0,0,0,1,2,0,0,0
W1E3EA  ,3,1,3,0,0,1,0,0,0
T7UQMN  ,1,0,0,0,0,1,0,0,0
V7RZ4S  ,1,0,0,0,0,2,0,1,0
WI54BU  ,1,0,0,0,0,1,0,0,0
VBLKFR  ,1,0,0,0,0,1,0,1,0
V9LHNV  ,1,0,0,0,0,7,0,0,0
V2LBVU  ,1,0,0,0,0,1,0,0,0
WSAZCC  ,1,0,0,0,0,1,0,1,0
V73D2N  ,1,0,0,0,0,1,0,3,0
WPD4HK  ,1,0,0,0,0,2,0,1,0
VLYOI1  ,2,0,0,2,0,1,0,0,0
WVH13U  ,1,0,0,0,0,1,0,0,0
ZKB9DP  ,2,0,0,0,1,1,0,1,0
XLWVN2  ,2,0,2,0,0,1,0,0,0
WURYZ2  ,1,0,0,0,0,2,0,0,0
WQWWJX  ,3,0,0,1,2,1,0,0,0
XCHOTD  ,1,0,0,0,0,8,0,2,0
XBZ1D7  ,2,1,0,0,0,1,0,1,0
WYSM5R  ,1,0,0,0,0,1,0,0,0
XWUGXQ  ,2,0,0,3,0,2,0,0,0
ZMYLAV  ,1,0,0,0,0,1,0,2,0
XO9ARN  ,1,0,0,0,0,1,0,0,0
ZVETWB  ,1,0,0,0,0,3,0,1,0
YB6VQA  ,1,0,0,0,0,2,0,0,0
YCO9W2  ,1,0,0,0,0,1,0,0,0
XLX4KM  ,2,1,0,0,0,1,0,0,0
ZHUCFN  ,1,0,0,0,0,2,0,0,0
YWYFTL  ,2,0,1,0,0,1,0,0,0
YYHZR3  ,2,0,0,1,0,1,0,1,0
YZ8G8W  ,1,0,0,0,0,1,0,1,0
YK3EZG  ,1,0,0,0,0,2,0,0,0
YQDL24  ,1,0,0,0,0,1,0,0,0
ZTO5E7  ,2,0,1,0,0,1,0,0,0
ZJVVHR  ,1,0,0,0,0,3,0,1,0
12MEJNA ,2,0,0,0,1,1,0,0,0
XP29L5  ,2,0,2,0,0,2,0,0,0
119F9L4 ,3,1,0,0,1,1,0,0,0
ZJI8UT  ,1,0,0,0,0,1,0,1,0
12UAR2M ,2,0,0,0,1,1,0,1,0
11OH3AF ,1,0,0,0,0,1,0,1,0
Z7A5WB  ,1,0,0,0,0,1,0,2,0
1177SJA ,2,0,0,2,0,1,0,0,0
11BD53B ,1,0,0,0,0,1,0,0,0
YRFT3N  ,1,0,0,0,0,1,0,1,0
11OAJZD ,1,0,0,0,0,1,0,1,0
1357QHN ,2,0,2,0,0,1,0,0,1
11XI1H1 ,1,0,0,0,0,1,0,2,0
1359OPY ,1,0,0,0,0,2,0,0,0
12XK2CM ,3,0,1,1,0,2,0,1,0
12B5367 ,1,0,0,0,0,1,0,0,0
13HRM4S ,2,3,0,0,0,1,0,1,0
11V8TTL ,1,0,0,0,0,2,0,1,0
13OMEPT ,3,0,0,1,2,1,0,0,0
135AY2G ,2,0,0,1,0,1,0,1,0
13ZTYLF ,1,0,0,0,0,2,0,0,0
14W9LRS ,2,0,0,0,1,2,0,2,0
11OOOPA ,2,0,0,1,0,1,0,0,0
13LB9PT ,1,0,0,0,0,1,0,3,0
14VN83H ,3,1,0,1,0,1,0,0,0
12C1HNI ,1,0,0,0,0,2,0,0,0
154GSEI ,1,0,0,0,0,1,0,3,0
14OTLA2 ,2,0,0,1,0,1,0,0,0
15OEDIA ,1,0,0,0,0,1,0,1,0
13AFICX ,2,0,1,0,0,2,0,0,2
1689Y67 ,1,0,0,0,0,1,0,0,0
15ERHMI ,2,0,0,1,0,3,0,1,0
151A6MX ,1,0,0,0,0,1,0,1,0
1663RRB ,1,0,0,0,0,2,0,0,0
16V1OSA ,1,0,0,0,0,1,0,1,0
17J3EDD ,2,2,0,0,0,1,0,0,0
16Y4MQY ,2,0,1,0,0,1,0,1,0
16A4DED ,1,0,0,0,0,1,0,1,0
17K89JE ,1,0,0,0,0,1,0,2,0
185QD3L ,1,0,0,0,0,1,0,0,0
156N6OT ,3,3,0,0,1,1,0,0,0
158SL7O ,1,0,0,0,0,1,0,1,0
1682CP4 ,1,0,0,0,0,2,0,0,0
1BRR8LZ ,1,0,0,0,0,1,0,1,0
19MWSVT ,2,1,0,0,0,3,0,1,0
19NKPZL ,3,1,1,0,0,1,0,0,1
18CMZGO ,2,1,0,0,0,1,0,2,0
1COC4UU ,2,0,0,0,1,1,0,0,0
18DY6IF ,1,0,0,0,0,3,0,0,0
17QTIM6 ,1,0,0,0,0,1,0,2,0
16H7ULP ,1,0,0,0,0,1,0,0,0
186Q58K ,2,0,0,0,1,1,0,0,0
1E511UE ,1,0,0,0,0,1,0,1,0
1BOZKRZ ,2,0,0,0,2,1,0,1,0
189WXW8 ,2,0,0,1,0,1,0,0,0
1ADH78O ,3,1,1,0,0,1,0,0,0
19XDSO9 ,2,0,0,1,0,1,0,1,0
17DCEDH ,2,1,0,0,0,1,0,0,0
1CILQ5C ,2,0,1,0,0,1,0,1,0
1AM9AE4 ,2,0,0,0,1,1,0,3,0
1AVKCBE ,1,0,0,0,0,2,0,1,0
17NX1YT ,2,0,0,1,0,1,0,0,0
197M9J1 ,1,0,0,0,0,1,0,0,0
19STUZR ,1,0,0,0,0,1,0,0,0
1AS8ZRP ,2,1,0,0,0,1,0,0,1
1CLU5AP ,1,0,0,0,0,1,0,2,0
1BJFQAT ,1,0,0,0,0,3,0,1,0
1CD5KYL ,1,0,0,0,0,2,0,0,0
1BJ62WM ,1,0,0,0,0,1,0,1,0
1CL74ZS ,2,0,0,1,0,1,0,0,0
1A3X7YT ,1,0,0,0,0,1,0,0,0
1987VBS ,2,0,0,1,0,1,0,1,0
1AQO4L1 ,1,0,0,0,0,2,0,0,0
1EE3YQS ,1,0,0,0,0,1,0,0,0
1CWJ8O6 ,2,1,0,0,0,1,0,1,0
1I29DFP ,1,0,0,0,0,2,0,0,0
1EIQA36 ,1,0,0,0,0,1,0,0,0
1BRAQJY ,1,0,0,0,0,1,0,2,0
1ETD1FO ,1,0,0,0,0,1,0,0,0
1IS6FRD ,2,1,0,0,0,1,0,0,0
1FKBWKC ,1,0,0,0,0,1,0,0,0
1B87YHE ,2,0,0,1,0,1,0,0,0
1G9Q8DY ,2,0,0,1,0,1,0,1,0
1EBRQNT ,1,0,0,0,0,1,0,0,0
1ENY9QD ,2,0,2,0,0,1,0,1,0
1FPMMVK ,1,0,0,0,0,1,0,0,0
1H5Q81D ,1,0,0,0,0,1,0,2,0
1CMJLQ2 ,2,0,1,0,0,2,0,0,0
1GFY7VJ ,2,0,0,0,1,1,0,0,0
1CU9CLO ,1,0,0,0,0,1,0,0,0
1CWN4MA ,1,0,0,0,0,1,0,0,0
1D3FFOF ,1,0,0,0,0,1,0,1,0
1GQG3GZ ,1,0,0,0,0,1,0,0,0
1GDQDU1 ,2,1,0,0,0,3,0,0,0
1J2Q6NJ ,2,0,1,0,0,2,0,0,0
1H6KGRY ,1,0,0,0,0,1,0,0,0
1H2I5QZ ,1,0,0,0,0,1,0,0,0
1FNXUJT ,2,0,0,0,2,1,0,1,0
1F7HI1K ,1,0,0,0,0,1,0,1,1
1GTOXH5 ,2,0,0,0,1,2,0,1,0
1FNT28X ,1,0,0,0,0,1,0,0,0
1FP89DR ,3,1,0,8,0,1,0,0,0
1HQZ6UD ,1,0,0,0,0,1,0,0,0
1FAGMAU ,1,0,0,0,0,1,0,2,0
1FCHMHA ,1,0,0,0,0,1,0,0,0
1FCOLS9 ,2,0,0,1,0,1,0,0,0
1HK8NHC ,1,0,0,0,0,1,0,0,0
1GK93OY ,1,0,0,0,0,1,0,2,0
1JGBYZ2 ,1,0,0,0,0,1,0,0,0
1KH1RBG ,1,0,0,0,0,1,0,0,0
1G5XLXZ ,3,2,0,0,2,1,0,0,0
1K61X6K ,1,0,0,0,0,1,0,1,0
1I8O7HF ,1,0,0,0,0,1,0,0,0
1JRB7KC ,1,0,0,0,0,2,0,0,0
1LG7FJP ,1,0,0,0,0,1,0,1,0
1NLIJFY ,1,0,0,0,0,1,0,0,1
1I6K815 ,1,0,0,0,0,1,0,0,0
1MQG6AC ,2,0,0,0,1,1,0,2,0
1KFB1YC ,2,0,0,0,1,1,0,1,1
1K6H37T ,2,1,0,0,0,1,0,0,0
1NHPX5J ,2,0,1,0,0,1,0,0,0
1QJ6KKQ ,1,0,0,0,0,1,0,2,0
1NOWL83 ,2,0,0,1,0,1,0,1,0
1JFWWAA ,1,0,0,0,0,1,0,0,1
1RFF9RU ,3,2,1,0,0,1,0,0,0
1P9T22Y ,2,0,0,1,0,1,0,0,0
1LS57LP ,1,0,0,0,0,2,0,0,0
1LHNMOQ ,2,0,1,0,0,1,0,1,0
1LSBU8M ,1,0,0,0,0,4,0,0,0
1OYUDZ1 ,1,0,0,0,0,1,0,0,0
1QFA1AF ,3,0,1,0,1,1,0,0,0
1SJKYLU ,2,0,0,0,1,2,0,1,0
1QFGMQF ,2,0,1,0,0,6,0,1,0
1NBV3OS ,1,0,0,0,0,1,0,0,0
1LT6YDF ,1,0,0,0,0,1,0,0,0
1M4ZEXP ,1,0,0,0,0,1,0,2,0
1Q8NTI9 ,1,0,0,0,0,1,0,3,1
1QNNF3F ,1,0,0,0,0,1,0,0,0
1NS8MKO ,3,0,0,1,1,1,0,0,0
1QFPOK6 ,2,0,0,0,1,4,0,0,0
1PQBV22 ,1,0,0,0,0,1,0,1,1
1RSLIFH ,1,0,0,0,0,1,0,2,0
1T4TDSH ,1,0,0,0,0,1,0,0,0
1UGPDVL ,1,0,0,0,0,2,0,0,0
1T5ESEO ,1,0,0,0,0,1,0,0,0
1RFSSXA ,3,2,0,0,2,1,0,2,0
1PG5L7V ,2,0,1,0,0,1,0,1,0
1OOF37H ,2,0,0,1,0,1,0,0,0
1NEFAIP ,1,0,0,0,0,3,0,0,1
21EZUTW ,3,0,1,2,0,1,0,0,0
1ROG7VK ,1,0,0,0,0,1,0,0,0
1PK77A1 ,1,0,0,0,0,1,0,0,0
1V61P51 ,2,0,0,0,1,1,0,0,0
1USMIE3 ,1,0,0,0,0,1,0,1,0
1QL98D9 ,2,0,0,0,1,1,0,0,0
1T6392F ,1,0,0,0,0,2,0,0,0
1W8HLZL ,3,1,0,1,0,1,0,0,1
1TN2T68 ,1,0,0,0,0,1,0,0,0
23OH61V ,2,0,1,0,0,1,0,2,0
1RL4TBW ,1,0,0,0,0,1,0,1,0
1VU8Z7K ,1,0,0,0,0,1,0,1,1
1W9FOPB ,2,0,0,1,0,2,0,0,0
1QIDU5T ,1,0,0,0,0,1,0,0,0
1TJ5FU3 ,2,0,0,2,0,2,0,0,0
24UY1J9 ,2,0,0,0,1,1,0,0,0
1ULI1PQ ,2,0,1,0,0,1,0,0,0
1QO1HQV ,2,1,0,0,0,1,0,0,0
1SAQR85 ,1,0,0,0,0,1,0,1,0
21X7HWQ ,2,1,0,0,0,1,0,1,0
1UI4L8M ,1,0,0,0,0,2,0,1,0
1XGU6BR ,2,0,2,0,0,1,0,0,0
1ULKX92 ,1,0,0,0,0,1,0,2,0
1YARI62 ,2,0,1,0,0,1,0,0,0
1WG9HL5 ,2,1,0,0,0,1,0,1,1
1WNI478 ,2,0,1,0,0,1,0,1,0
1U648G1 ,1,0,0,0,0,1,0,1,0
1UB7M3F ,2,0,0,0,1,2,0,0,0
1YQIW59 ,1,0,0,0,0,1,0,1,0
1XUVY4L ,1,0,0,0,0,1,0,0,0
1XOO22H ,2,0,0,1,0,1,0,0,0
2146KA6 ,3,0,0,1,1,1,0,1,0
1X7JYZV ,1,0,0,0,0,1,0,0,0
1TIMJPT ,1,0,0,0,0,1,0,1,0
1YAPZZ7 ,2,0,0,0,1,1,0,1,0
21UYEQO ,3,0,1,1,0,1,0,0,0
1XPHV7O ,2,1,0,0,0,1,0,0,0
1VPDWDS ,2,1,0,0,0,2,0,0,0
1XZVURY ,2,1,0,0,0,1,0,1,0
265FFNR ,2,0,0,1,0,1,0,2,0
1XLTYRE ,2,0,1,0,0,1,0,0,1
1XUNATG ,2,1,0,0,0,1,0,2,0
1YICCL3 ,1,0,0,0,0,1,0,0,0
22FMVV4 ,1,0,0,0,0,2,0,0,0
1YUTQ1N ,1,0,0,0,0,2,0,1,0
1UE173W ,1,0,0,0,0,2,0,1,0
1ZLXD4C ,2,1,0,0,0,4,0,1,1
1WRIRSE ,1,0,0,0,0,1,0,2,1
1VLC54U ,2,0,0,1,0,1,0,0,0
24UUKP4 ,3,0,1,1,0,1,0,1,0
1VQ6TBX ,2,0,0,0,1,2,0,0,0
1YYDM1Q ,1,0,0,0,0,3,0,3,0
1WN8D2V ,2,0,0,1,0,1,0,0,0
1ZURRBY ,1,0,0,0,0,1,0,1,0
1XCU9S9 ,2,0,0,1,0,1,0,2,0
1VSD8SL ,2,0,1,0,0,2,0,2,0
26T1GJ8 ,1,0,0,0,0,1,0,1,0
21HJND7 ,2,1,0,0,0,1,0,1,0
25VYK2J ,1,0,0,0,0,2,0,0,0
21MAWB1 ,1,0,0,0,0,1,0,0,0
22TILB1 ,3,0,1,1,0,2,0,0,1
1Z5G59A ,2,0,1,0,0,1,0,1,0
27PNOMG ,1,0,0,0,0,1,0,0,0
2359873 ,2,0,2,0,0,2,0,1,1
22G8DJZ ,1,0,0,0,0,2,0,0,0
1ZN3EKL ,1,0,0,0,0,1,0,0,0
23TZJJZ ,3,0,1,1,0,1,0,2,0
27ST4U1 ,1,0,0,0,0,1,0,1,0
24UP7EH ,1,0,0,0,0,1,0,0,0
21NEEVO ,1,0,0,0,0,1,0,1,1
296RX12 ,2,1,0,0,0,1,0,1,0
27I4GBQ ,1,0,0,0,0,1,0,1,0
23SVE5R ,1,0,0,0,0,1,0,0,0
29FAQG4 ,1,0,0,0,0,2,0,0,0
22D55F1 ,1,0,0,0,0,1,0,1,0
274FHJM ,1,0,0,0,0,1,0,1,0
22ZDIOH ,1,0,0,0,0,1,0,0,0
25VG5MX ,2,2,0,0,0,2,0,0,0
275P4IP ,2,2,0,0,0,1,0,0,0
2KZOU2Q ,1,0,0,0,0,1,0,0,0
2578YN7 ,2,0,1,0,0,1,0,1,0
23EY6MH ,1,0,0,0,0,2,0,1,1
2BCBMGP ,1,0,0,0,0,1,0,0,0
2BT778B ,1,0,0,0,0,1,0,1,1
2CBMLME ,1,0,0,0,0,1,0,3,0
26A8J2H ,3,2,0,0,1,1,0,1,0
2D4WU6Y ,1,0,0,0,0,1,0,3,0
24E45RR ,1,0,0,0,0,1,0,1,0
2BUBA6V ,2,0,0,1,0,1,0,0,0
24H3B8K ,2,0,0,1,0,1,0,1,0
2697DLQ ,1,0,0,0,0,3,0,0,0
2DKO5HL ,2,0,0,1,0,2,0,0,0
2D2WWWX ,2,1,0,0,0,1,0,0,0
23SVJY3 ,1,0,0,0,0,1,0,1,0
2BZ68RK ,1,0,0,0,0,2,0,1,0
27HQ57E ,1,0,0,0,0,2,0,0,0
27KA635 ,1,0,0,0,0,1,0,1,2
2CGJDHA ,2,0,0,0,1,1,0,0,0
2GFDRAF ,2,0,1,0,0,1,0,0,0
2PIDQKF ,1,0,0,0,0,1,0,2,0
2AOJ5D5 ,1,0,0,0,0,1,0,0,0
29UZU6X ,1,0,0,0,0,1,0,0,0
282TG1Q ,1,0,0,0,0,1,0,1,0
2DDWVZD ,1,0,0,0,0,1,0,1,0
2QRP3ML ,1,0,0,0,0,2,0,1,0
2EUVSHW ,2,0,0,1,0,1,0,1,0
2J5U9V2 ,2,0,1,0,0,1,0,2,0
29X18ZB ,1,0,0,0,0,1,0,3,1
2CZXQF1 ,1,0,0,0,0,1,0,1,1
29LUVFQ ,2,0,1,0,0,1,0,0,0
28293PD ,1,0,0,0,0,1,0,1,0
28AN313 ,2,0,0,1,0,1,0,0,0
2FJR1LX ,1,0,0,0,0,1,0,0,0
2DT77A9 ,1,0,0,0,0,2,0,0,0
27G4A9C ,1,0,0,0,0,1,0,1,0
2EZM4NC ,1,0,0,0,0,1,0,1,0
28LGDOP ,2,1,0,0,0,1,0,2,0
27TJFBG ,2,0,2,0,0,1,0,1,0
2JGM8RD ,1,0,0,0,0,1,0,1,0
2XB29IF ,1,0,0,0,0,1,0,1,1
2J7O4RO ,1,0,0,0,0,1,0,1,0
2G9VC6C ,1,0,0,0,0,2,0,0,0
2FMS4C3 ,2,1,0,0,0,1,0,2,1
2EVBVTJ ,2,1,0,0,0,2,0,0,0
2LMM2I4 ,1,0,0,0,0,1,0,1,0
2N1ZMB2 ,2,0,1,0,0,1,0,0,0
2CLDATK ,1,0,0,0,0,2,0,1,0
2E9OKQM ,2,0,0,2,0,2,0,1,0
2BCOCDX ,1,0,0,0,0,5,0,1,0
2I7DWVZ ,3,1,0,1,0,1,0,1,0
2L7P19K ,1,0,0,0,0,3,0,1,0
2MGAEAJ ,2,1,0,0,0,1,0,2,0
2GFO11T ,3,0,1,1,0,1,0,0,1
2GH1DNZ ,2,0,1,0,0,2,0,3,0
2OO1GUG ,2,0,0,0,1,1,0,0,0
2WRVEOO ,2,1,0,0,0,2,0,2,0
2BRZIZ3 ,3,0,0,1,1,2,0,0,0
2JERCBU ,2,0,0,8,0,1,0,2,0
2XUUCOY ,1,0,0,0,0,1,0,1,0
2EUYS46 ,2,0,0,1,0,1,0,1,0
2PAGLSF ,1,0,0,0,0,1,0,1,0
2K2BKCS ,3,0,1,0,1,1,0,1,0
2QPKVRY ,2,1,0,0,0,1,0,0,0
2M7BEMY ,1,0,0,0,0,1,0,0,0
2HSRORE ,1,0,0,0,0,1,0,0,0
2IVQKST ,2,1,0,0,0,2,0,0,0
327O7RJ ,3,0,0,1,7,1,0,1,0
2M7PV45 ,1,0,0,0,0,1,0,0,0
2PYRRZ4 ,1,0,0,0,0,1,0,2,0
2PRIFCT ,3,1,1,0,0,1,0,1,0
2GBYYDG ,1,0,0,0,0,1,0,0,1
2OUYDQR ,3,1,0,1,0,1,0,1,0
2RQR3DN ,2,0,1,0,0,1,0,1,0
2KNGSRS ,1,0,0,0,0,1,0,0,0
2OW3XPS ,1,0,0,0,0,1,0,0,0
36AOWVL ,1,0,0,0,0,1,0,0,0
2L1CL1T ,1,0,0,0,0,2,0,0,1
2JFVLJ9 ,1,0,0,0,0,1,0,0,0
2GYVXW5 ,2,0,1,0,0,1,0,1,0
2LN8Q6G ,1,0,0,0,0,1,0,1,0
2PA64R5 ,1,0,0,0,0,1,0,2,0
2XJBFGI ,2,0,0,0,1,1,0,1,0
2QYS1KK ,1,0,0,0,0,2,0,0,1
2R2B6XR ,3,0,1,1,0,1,0,0,0
2TYCNDG ,2,0,0,1,0,2,0,0,1
2K6SV9M ,1,0,0,0,0,1,0,0,0